Solvent,Temperature_K,mu_self_REF,mu_solv_REF,Solvent_density_REF,Solvent_MolWeight_REF,Method_REF,log10_x_REF,w_REF,log10_S_REF,delta_mu_REF,mu_self_SLE,mu_solv_SLE,Solvent_density_SLE,Solvent_MolWeight_SLE,Method_SLE,log10_x_SLE,w_SLE,log10_S_SLE,x,delta_mu_SLE,error_log10_x,error_log10_S,error_w,error_delta_mu
propanol,403.15,-22.12730948,-21.22614183,700.0,60.0953,REF,-2.66637974,0.0352772631,-1.60828503,0.9011676500000014,-22.12730948,-21.2349128,700.0,60.0953,SLE,-2.55819618,0.0448352616,-1.50238325,0.00276569,0.8923966800000009,0.10818356000000007,0.10590177999999995,0.009557998500000005,-0.008770970000000489
propanol,398.15,-22.45099291,-21.40910482,703.8,60.0953,REF,-2.8419653,0.0238083856,-1.77882863,1.0418880900000005,-22.45099291,-21.41774875,703.8,60.0953,SLE,-2.70464048,0.0323930245,-1.64352086,0.00197406,1.0332441599999989,0.1373248199999999,0.13530777000000005,0.0085846389,-0.008643930000001632
propanol,393.15,-22.77754467,-21.59642839,707.63,60.0953,REF,-3.02118748,0.0158785144,-1.95385587,1.1811162800000012,-22.77754467,-21.6044072,707.63,60.0953,SLE,-2.85427961,0.0231572892,-1.78863946,0.00139869,1.1731374700000003,0.16690787000000018,0.16521640999999998,0.0072787747999999985,-0.007978810000000891
propanol,388.15,-23.10693885,-21.78810014,711.49,60.0953,REF,-3.20417918,0.0104726102,-2.13324072,1.3188387099999979,-23.10693885,-21.79511904,711.49,60.0953,SLE,-3.00709252,0.016394223,-1.9375199,0.0009838,1.3118198099999994,0.19708666000000008,0.1957208199999998,0.0059216128,-0.007018899999998496
propanol,383.15,-23.4391479,-21.98408378,715.38,60.0953,REF,-3.39109299,0.0068334564,-2.3169507,1.4550641199999994,-23.4391479,-21.99002942,715.38,60.0953,SLE,-3.16310501,0.0115001849,-2.09003386,0.0006869,1.4491184799999992,0.22798797999999998,0.2269168399999999,0.0046667285,-0.005945640000000196
propanol,378.15,-23.77414272,-22.18436663,719.31,60.0953,REF,-3.58207497,0.0044121791,-2.50500143,1.5897760900000009,-23.77414272,-22.18924931,719.31,60.0953,SLE,-3.32236307,0.0079963502,-2.24610971,0.00047603,1.5848934099999994,0.25971189999999966,0.25889172000000027,0.0035841711,-0.004882680000001471
propanol,373.15,-24.11189277,-22.38897967,723.28,60.0953,REF,-3.77725263,0.0028192178,-2.69742954,1.7229130999999995,-24.11189277,-22.39288419,723.28,60.0953,SLE,-3.48491756,0.0055126287,-2.40570975,0.0003274,1.7190085800000006,0.29233507000000003,0.2917197899999997,0.0026934109,-0.0039045199999989677
propanol,368.15,-24.45236622,-22.5980031,727.28,60.0953,REF,-3.97673042,0.0017826879,-2.89427673,1.8543631199999986,-24.45236622,-22.60105332,727.28,60.0953,SLE,-3.65081313,0.0037685907,-2.56881274,0.00022345,1.8513129,0.32591729,0.32546399000000026,0.0019859027999999997,-0.00305021999999866
propanol,363.15,-24.79553009,-22.81156382,731.31,60.0953,REF,-4.18058974,0.0011155498,-3.09558155,1.9839662699999998,-24.79553009,-22.81389701,731.31,60.0953,SLE,-3.82008355,0.0025550883,-2.73540391,0.00015133,1.9816330799999982,0.36050619000000017,0.36017763999999985,0.0014395385000000001,-0.0023331900000016503
propanol,358.15,-25.14135041,-23.02982829,735.38,60.0953,REF,-4.3888918,0.0006908132,-3.30137621,2.11152212,-25.14135041,-23.03157899,735.38,60.0953,SLE,-3.9927496,0.0017182348,-2.90546858,0.00010168,2.1097714200000013,0.3961421999999999,0.39590762999999995,0.0010274216,-0.0017506999999987727
propanol,353.15,-25.4897924,-23.25299419,739.49,60.0953,REF,-4.60168144,0.0004233313,-3.51168614,2.23679821,-25.4897924,-23.25428477,739.49,60.0953,SLE,-4.16881925,0.0011461645,-3.07898909,6.779e-05,2.235507629999997,0.4328621899999998,0.43269705000000025,0.0007228332,-0.0012905800000027057
propanol,348.15,-25.84082069,-23.48128157,743.63,60.0953,REF,-4.81899168,0.0002567073,-3.72653149,2.359539120000001,-25.84082069,-23.48221723,743.63,60.0953,SLE,-4.34828963,0.0007584643,-3.25594419,4.484e-05,2.358603460000001,0.47070204999999987,0.47058730000000004,0.000501757,-0.0009356599999996718
propanol,343.15,-26.1943995,-23.71492449,747.82,60.0953,REF,-5.04084825,0.0001540365,-3.94592957,2.479475009999998,-26.1943995,-23.71559232,747.82,60.0953,SLE,-4.53114918,0.0004979458,-3.43630924,2.943e-05,2.4788071800000004,0.5096990699999999,0.5096203300000002,0.0003439093,-0.0006678299999975934
propanol,338.15,-26.55049287,-23.95416373,752.04,60.0953,REF,-5.26727398,9.14584e-05,-4.16989771,2.596329139999998,-26.55049287,-23.95463338,752.04,60.0953,SLE,-4.71738073,0.0003243557,-3.62005785,1.917e-05,2.5958594899999987,0.5498932499999993,0.5498398600000001,0.00023289729999999997,-0.000469649999999433
propanol,333.15,-26.90906493,-24.19924054,756.29,60.0953,REF,-5.49829281,5.37304e-05,-4.39845634,2.709824389999998,-26.90906493,-24.19956619,756.29,60.0953,SLE,-4.90696455,0.000209645,-3.80716387,1.239e-05,2.709498740000001,0.59132826,0.59129247,0.00015591459999999999,-0.00032564999999706856
propanol,328.15,-27.27008015,-24.45039161,760.59,60.0953,REF,-5.73393338,3.12312e-05,-4.63163184,2.819688539999998,-27.27008015,-24.45061438,760.59,60.0953,SLE,-5.09988134,0.0001344617,-3.99760353,7.95e-06,2.819465769999997,0.6340520400000003,0.6340283099999997,0.0001032305,-0.00022277000000059388
propanol,323.15,-27.63350359,-24.707845,764.92,60.0953,REF,-5.97423237,1.79595e-05,-4.86945946,2.925658590000001,-27.63350359,-24.70799542,764.92,60.0953,SLE,-5.29611522,8.55824e-05,-4.19135788,5.06e-06,2.9255081700000005,0.6781171500000003,0.6781015799999999,6.762289999999999e-05,-0.0001504200000006506
propanol,318.15,-27.99930125,-24.97181713,769.3,60.0953,REF,-6.2192374,1.02163e-05,-5.11198591,3.027484119999997,-27.99930125,-24.97191742,769.3,60.0953,SLE,-5.49565634,5.40576e-05,-4.38841496,3.19e-06,3.027383829999998,0.7235810599999999,0.7235709499999992,4.38413e-05,-0.00010028999999889265
propanol,313.15,-28.36744033,-25.24251056,773.71,60.0953,REF,-6.46900962,5.748081e-06,-5.35927176,3.1249297700000014,-28.36744033,-25.24257662,773.71,60.0953,SLE,-5.69850337,3.38858e-05,-4.58877202,2e-06,3.1248637099999996,0.7705062499999995,0.77049974,2.8137719e-05,-6.606000000175527e-05
propanol,308.15,-28.73788959,-25.52011245,778.17,60.0953,REF,-6.72362619,3.198213e-06,-5.6113938,3.2177771400000026,-28.73788959,-25.52015545,778.17,60.0953,SLE,-5.90466576,2.10795e-05,-4.79243752,1.25e-06,3.217734140000001,0.8189604299999997,0.8189562800000001,1.7881287e-05,-4.300000000156956e-05
propanol,303.15,-29.11061966,-25.80479363,782.67,60.0953,REF,-6.9831825,1.759347e-06,-5.86844718,3.305826030000002,-29.11061966,-25.80482129,782.67,60.0953,SLE,-6.11416581,1.30126e-05,-4.99943309,7.7e-07,3.3057983700000015,0.8690166899999996,0.8690140900000003,1.1253253e-05,-2.7660000000651053e-05
propanol,298.15,-29.48560345,-26.09670803,787.21,60.0953,REF,-7.24779437,9.566213e-07,-6.13054751,3.3888954200000008,-29.48560345,-26.09672561,787.21,60.0953,SLE,-6.3270406,7.970599e-06,-5.20979537,4.7e-07,3.3888778399999993,0.9207537700000001,0.9207521400000003,7.0139777e-06,-1.7580000001515828e-05
2-propanol,403.15,-22.12730948,-21.30457501,692.67,60.0953,REF,-2.62386151,0.0387733148,-1.57106445,0.8227344700000003,-22.12730948,-21.31415893,692.67,60.0953,SLE,-2.5152559,0.0492787949,-1.46495215,0.00305312,0.8131505499999996,0.10860560999999969,0.10611229999999994,0.010505480099999999,-0.009583920000000745
2-propanol,398.15,-22.45099291,-21.48639313,696.44,60.0953,REF,-2.79954156,0.0261912672,-1.74145849,0.9645997800000004,-22.45099291,-21.49587303,696.44,60.0953,SLE,-2.66177647,0.0356405643,-1.60589682,0.00217883,0.9551198800000016,0.13776509000000026,0.1355616700000002,0.009449297099999997,-0.009479899999998764
2-propanol,393.15,-22.77754467,-21.67264503,700.23,60.0953,REF,-2.97881992,0.0174788577,-1.9163735,1.1048996399999993,-22.77754467,-21.68141768,700.23,60.0953,SLE,-2.81148934,0.0254975969,-1.75088993,0.00154351,1.096126990000002,0.16733057999999978,0.1654835699999999,0.0080187392,-0.008772649999997384
2-propanol,388.15,-23.10693885,-21.86332872,704.06,60.0953,REF,-3.16182218,0.0115338354,-2.09565328,1.2436101300000004,-23.10693885,-21.87105949,704.06,60.0953,SLE,-2.96435325,0.0180608359,-1.89967526,0.00108554,1.2358793599999984,0.19746893000000032,0.19597802000000009,0.0065270004999999996,-0.007730770000001996
2-propanol,383.15,-23.4391479,-22.05840014,707.93,60.0953,REF,-3.34870356,0.0075291102,-2.27925147,1.3807477599999984,-23.4391479,-22.06495787,707.93,60.0953,SLE,-3.120385,0.0126747483,-2.05210184,0.00075791,1.3741900299999976,0.22831855999999995,0.22714963,0.0051456381,-0.0065577300000008165
2-propanol,378.15,-23.77414272,-22.25783224,711.82,60.0953,REF,-3.53961673,0.004863246,-2.46717871,1.5163104800000013,-23.77414272,-22.26322359,711.82,60.0953,SLE,-3.27962941,0.0088163277,-2.20808632,0.00052526,1.5109191300000013,0.25998732,0.2590923900000002,0.0039530817,-0.005391350000000017
2-propanol,373.15,-24.11189277,-22.4616402,715.76,60.0953,REF,-3.734697,0.003108606,-2.65947129,1.6502525699999993,-24.11189277,-22.46595555,715.76,60.0953,SLE,-3.44213988,0.0060799962,-2.36758552,0.00036129,1.6459372200000004,0.2925571200000001,0.29188576999999993,0.0029713902,-0.00431534999999883
2-propanol,368.15,-24.45236622,-22.66988936,719.73,60.0953,REF,-3.93405645,0.00196641,-2.85617303,1.7824768599999992,-24.45236622,-22.67326371,719.73,60.0953,SLE,-3.60796535,0.0041578336,-2.53057656,0.00024662,1.7791025099999977,0.32609109999999975,0.3255964699999998,0.0021914236,-0.0033743500000014137
2-propanol,363.15,-24.79553009,-22.88269352,723.73,60.0953,REF,-4.13778353,0.0012309714,-3.05732569,1.9128365699999996,-24.79553009,-22.88527683,723.73,60.0953,SLE,-3.77714545,0.0028199118,-2.69704617,0.00016705,1.910253260000001,0.3606380800000002,0.36027951999999974,0.0015889404,-0.002583309999998562
2-propanol,358.15,-25.14135041,-23.1002075,727.77,60.0953,REF,-4.34594594,0.0007625655,-3.26296543,2.0411429100000014,-25.14135041,-23.10214755,727.77,60.0953,SLE,-3.94970687,0.0018969335,-2.86698242,0.00011228,2.0392028599999996,0.39623907,0.39598301000000014,0.0011343679999999997,-0.0019400500000017473
2-propanol,353.15,-25.4897924,-23.32261856,731.84,60.0953,REF,-4.55859467,0.000467465,-3.47312211,2.1671738400000002,-25.4897924,-23.32404983,731.84,60.0953,SLE,-4.12566413,0.0012657652,-3.04037189,7.487e-05,2.165742569999999,0.4329305400000001,0.43275021999999996,0.0007983001999999999,-0.0014312700000012057
2-propanol,348.15,-25.84082069,-23.5501368,735.96,60.0953,REF,-4.77576892,0.0002835633,-3.68782093,2.2906838900000004,-25.84082069,-23.55117531,735.96,60.0953,SLE,-4.3050211,0.0008378595,-3.21719842,4.954e-05,2.2896453799999996,0.4707478199999997,0.4706225100000001,0.0005542962,-0.0010385100000007697
2-propanol,343.15,-26.1943995,-23.78298638,740.11,60.0953,REF,-4.99750096,0.0001702019,-3.90708495,2.411413119999999,-26.1943995,-23.7837282,740.11,60.0953,SLE,-4.48777359,0.0005502199,-3.3974436,3.253e-05,2.4106713000000006,0.5097273700000002,0.5096413499999999,0.000380018,-0.0007418199999982278
2-propanol,338.15,-26.55049287,-24.02139774,744.3,60.0953,REF,-5.2238208,0.0001010817,-4.13093823,2.529095129999998,-26.55049287,-24.02191982,744.3,60.0953,SLE,-4.67391253,0.0003584889,-3.5810883,2.119e-05,2.5285730499999985,0.5499082700000004,0.5498499300000002,0.0002574072,-0.0005220799999996473
2-propanol,333.15,-26.90906493,-24.26560114,748.52,60.0953,REF,-5.45476042,5.9395e-05,-4.35940891,2.6434637899999984,-26.90906493,-24.26596339,748.52,60.0953,SLE,-4.86342705,0.0002317464,-3.76811464,1.37e-05,2.64310154,0.5913333700000001,0.5912942700000001,0.00017235139999999998,-0.0003622499999984541
2-propanol,328.15,-27.27008015,-24.51582152,752.79,60.0953,REF,-5.69035753,3.45273e-05,-4.59253222,2.754258629999999,-27.27008015,-24.51606949,752.79,60.0953,SLE,-5.05630762,0.0001486505,-3.95850825,8.78e-06,2.7540106599999987,0.6340499099999999,0.6340239699999999,0.00011412319999999999,-0.0002479700000002083
2-propanol,323.15,-27.63350359,-24.77227456,757.1,60.0953,REF,-5.93065883,1.98549e-05,-4.83035331,2.8612290300000005,-27.63350359,-24.77244209,757.1,60.0953,SLE,-5.25254901,9.46122e-05,-4.15226052,5.59e-06,2.8610615000000017,0.6781098199999995,0.67809279,7.47573e-05,-0.00016752999999880558
2-propanol,318.15,-27.99930125,-25.03516392,761.44,60.0953,REF,-6.17572284,1.12929e-05,-5.07292973,2.96413733,-27.99930125,-25.03527567,761.44,60.0953,SLE,-5.4521528,5.97527e-05,-4.34937074,3.53e-06,2.9640255799999977,0.7235700399999994,0.7235589899999999,4.84598e-05,-0.00011175000000207547
2-propanol,313.15,-28.36744033,-25.3046795,765.83,60.0953,REF,-6.42562228,6.351992e-06,-5.32033355,3.062760830000002,-28.36744033,-25.30475313,765.83,60.0953,SLE,-5.65512958,3.74447e-05,-4.54984795,2.21e-06,3.062687199999999,0.7704927000000001,0.7704855999999998,3.1092707999999996e-05,-7.363000000282227e-05
2-propanol,308.15,-28.73788959,-25.58099645,770.25,60.0953,REF,-6.68044616,3.532541e-06,-5.57265338,3.156893140000001,-28.73788959,-25.58104438,770.25,60.0953,SLE,-5.86150097,2.32822e-05,-4.75371271,1.38e-06,3.15684521,0.81894519,0.8189406699999999,1.9749659e-05,-4.7930000000917516e-05
2-propanol,303.15,-29.11061966,-25.86427488,774.72,60.0953,REF,-6.94030155,1.941925e-06,-5.829996,3.246344780000001,-29.11061966,-25.86430571,774.72,60.0953,SLE,-6.07130117,1.43624e-05,-4.96099847,8.5e-07,3.246313950000001,0.8690003800000001,0.8689975300000006,1.2420474999999999e-05,-3.0830000000037217e-05
2-propanol,298.15,-29.48560345,-26.15466013,779.23,60.0953,REF,-7.20531517,1.054919e-06,-6.09248796,3.3309433199999994,-29.48560345,-26.15467973,779.23,60.0953,SLE,-6.28457836,8.789271e-06,-5.17175292,5.2e-07,3.3309237199999977,0.9207368100000002,0.9207350399999994,7.734352e-06,-1.9600000001673834e-05
propanone,403.15,-22.12730948,-23.78899932,710.52,58.0795,REF,-1.27706789,0.4941633262,-0.36302071,-1.6616898399999975,-22.12730948,-23.6855994,710.52,58.0795,SLE,-1.23026801,0.5226795047,-0.33219797,0.05884804,-1.55828992,0.046799880000000016,0.030822740000000015,0.028516178500000045,0.10339991999999754
propanone,398.15,-22.45099291,-24.18446414,714.36,58.0795,REF,-1.31856358,0.4690482526,-0.38904819,-1.7334712299999993,-22.45099291,-24.0534815,714.36,58.0795,SLE,-1.25850785,0.505456519,-0.34843757,0.05514322,-1.60248859,0.060055729999999974,0.04061062000000004,0.0364082664,0.13098263999999915
propanone,393.15,-22.77754467,-24.58275911,718.24,58.0795,REF,-1.36113595,0.4435686628,-0.41667098,-1.8052144400000003,-22.77754467,-24.42443689,718.24,58.0795,SLE,-1.28735221,0.4879191255,-0.36548516,0.05159977,-1.646892219999998,0.07378373999999988,0.05118582000000005,0.04435046269999998,0.1583222200000023
propanone,388.15,-23.10693885,-24.98366209,722.16,58.0795,REF,-1.40493712,0.4177772882,-0.44603121,-1.8767232400000005,-23.10693885,-24.79841555,722.16,58.0795,SLE,-1.31683805,0.4700878883,-0.38338258,0.04821275,-1.6914767000000026,0.08809906999999995,0.06264863000000004,0.05231060009999999,0.18524653999999785
propanone,383.15,-23.4391479,-25.38703421,726.1,58.0795,REF,-1.45007867,0.391768689,-0.47724684,-1.9478863100000012,-23.4391479,-25.17536061,726.1,58.0795,SLE,-1.34700719,0.4519853763,-0.40217599,0.04497724,-1.7362127100000002,0.10307147999999988,0.07507085000000002,0.060216687300000016,0.21167360000000102
propanone,378.15,-23.77414272,-25.79262952,730.09,58.0795,REF,-1.4967391,0.3656178233,-0.5104896,-2.018486799999998,-23.77414272,-25.55522654,730.09,58.0795,SLE,-1.37789623,0.4336425422,-0.42190881,0.04188936,-1.7810838199999992,0.11884287000000016,0.08858078999999996,0.0680247189,0.23740297999999882
propanone,373.15,-24.11189277,-26.20024513,734.11,58.0795,REF,-1.54508041,0.3394303877,-0.5459246,-2.0883523599999982,-24.11189277,-25.93795209,734.11,58.0795,SLE,-1.4095521,0.4150896809,-0.44263261,0.03894466,-1.8260593199999988,0.13552830999999999,0.10329199,0.07565929319999998,0.2622930399999994
propanone,368.15,-24.45236622,-26.60964259,738.17,58.0795,REF,-1.59529374,0.3133179991,-0.58374439,-2.1572763700000017,-24.45236622,-26.32348068,738.17,58.0795,SLE,-1.44202073,0.3963634828,-0.46439919,0.03613926,-1.8711144600000011,0.15327300999999993,0.11934519999999998,0.08304548369999998,0.2861619100000006
propanone,363.15,-24.79553009,-27.02053003,742.26,58.0795,REF,-1.64761222,0.2873943145,-0.62418094,-2.22499994,-24.79553009,-26.71174587,742.26,58.0795,SLE,-1.47535583,0.3775021552,-0.48726699,0.03346911,-1.9162157800000017,0.17225639000000004,0.13691395,0.0901078407,0.3087841599999983
propanone,358.15,-25.14135041,-27.43259814,746.39,58.0795,REF,-1.70229203,0.2617875006,-0.66749169,-2.2912477299999985,-25.14135041,-27.1026657,746.39,58.0795,SLE,-1.50962295,0.3585436637,-0.51130464,0.0309298,-1.9613152899999982,0.19266907999999994,0.15618705,0.09675616310000001,0.3299324400000003
propanone,353.15,-25.4897924,-27.84549273,750.56,58.0795,REF,-1.75963113,0.2366330565,-0.71397575,-2.3557003300000012,-25.4897924,-27.49616343,750.56,58.0795,SLE,-1.54488768,0.339532815,-0.53658211,0.02851756,-2.0063710300000004,0.21474345000000006,0.17739364000000002,0.1028997585,0.34932930000000084
propanone,348.15,-25.84082069,-28.25890458,754.77,58.0795,REF,-1.819916,0.2120970894,-0.76392832,-2.4180838899999983,-25.84082069,-27.89216956,754.77,58.0795,SLE,-1.58121439,0.3205217892,-0.56316958,0.02622923,-2.051348869999998,0.23870161000000012,0.20075874000000005,0.10842469980000002,0.36673502000000013
propanone,343.15,-26.1943995,-28.67237345,759.01,58.0795,REF,-1.88354574,0.1883241606,-0.81774786,-2.477973949999999,-26.1943995,-28.29058788,759.01,58.0795,SLE,-1.61868799,0.3015589395,-0.59115469,0.02406091,-2.096188380000001,0.26485775,0.22659317,0.1132347789,0.38178556999999813
propanone,338.15,-26.55049287,-29.08549017,763.3,58.0795,REF,-1.95090994,0.1654878041,-0.87583106,-2.5349973000000006,-26.55049287,-28.69132343,763.3,58.0795,SLE,-1.65739749,0.2826980738,-0.62062999,0.02200911,-2.1408305600000013,0.29351245000000015,0.25520107000000003,0.11721026970000001,0.3941667399999993
propanone,333.15,-26.90906493,-29.49775979,767.62,58.0795,REF,-2.02247787,0.143753287,-0.93865065,-2.5886948600000004,-26.90906493,-29.09426993,767.62,58.0795,SLE,-1.69744469,0.2639943863,-0.65170015,0.02007037,-2.185205,0.3250331799999999,0.2869505,0.12024109929999999,0.40348986000000053
propanone,328.15,-27.27008015,-29.90875194,771.99,58.0795,REF,-2.09870467,0.1233025615,-1.00666972,-2.63867179,-27.27008015,-29.49930929,771.99,58.0795,SLE,-1.73894574,0.2455044235,-0.68448361,0.01824124,-2.229229140000001,0.35975893000000014,0.3221861100000001,0.12220186200000001,0.409442649999999
propanone,323.15,-27.63350359,-30.3179895,776.39,58.0795,REF,-2.18010564,0.104300848,-1.08040706,-2.6844859099999994,-27.63350359,-29.90633583,776.39,58.0795,SLE,-1.78201593,0.2272930126,-0.71909986,0.01651901,-2.2728322399999996,0.3980897099999998,0.36130719999999994,0.12299216460000001,0.41165366999999975
propanone,318.15,-27.99930125,-30.72504172,780.84,58.0795,REF,-2.26719727,0.086901501,-1.16038082,-2.7257404700000016,-27.99930125,-30.3152056,780.84,58.0795,SLE,-1.82680477,0.2094184226,-0.75569956,0.01490031,-2.3159043500000003,0.44039249999999996,0.40468126000000004,0.12251692159999998,0.40983612000000136
propanone,313.15,-28.36744033,-31.12955827,785.33,58.0795,REF,-2.36047372,0.0712334269,-1.24708267,-2.7621179399999995,-28.36744033,-30.72578154,785.33,58.0795,SLE,-1.87346731,0.1919453847,-0.79444045,0.01338236,-2.358341209999999,0.4870064099999998,0.45264222,0.1207119578,0.4037767300000006
propanone,308.15,-28.73788959,-31.53129149,789.86,58.0795,REF,-2.46038958,0.0573858287,-1.34095763,-2.793401899999999,-28.73788959,-31.13793289,789.86,58.0795,SLE,-1.92216534,0.1749436374,-0.835488,0.01196285,-2.4000432999999965,0.5382242400000001,0.5054696299999999,0.11755780869999999,0.39335860000000267
propanone,303.15,-29.11061966,-31.9301648,794.43,58.0795,REF,-2.56730738,0.0453989155,-1.4423505,-2.819545139999999,-29.11061966,-31.55148503,794.43,58.0795,SLE,-1.97310425,0.1584750968,-0.87904854,0.01063888,-2.4408653699999974,0.5942031299999999,0.5633019600000001,0.1130761813,0.3786797700000015
propanone,298.15,-29.48560345,-32.32626004,799.05,58.0795,REF,-2.68149954,0.0352511319,-1.55150522,-2.840656590000002,-29.48560345,-31.9662863,799.05,58.0795,SLE,-2.02648807,0.1426096717,-0.92532924,0.00940832,-2.480682850000001,0.6550114699999998,0.6261759799999999,0.10735853979999999,0.35997374000000093
acetylacetone,403.15,-22.12730948,-22.73497572,867.41,100.1163,REF,-1.84844865,0.1274687249,-0.94783,-0.6076662400000004,-22.12730948,-22.71350778,867.41,100.1163,SLE,-1.75700523,0.1532162022,-0.86464125,0.01749826,-0.5861982999999995,0.09144341999999983,0.08318874999999992,0.025747477300000016,0.02146794000000085
acetylacetone,398.15,-22.45099291,-23.05482724,871.9,100.1163,REF,-1.93862412,0.1058494191,-1.02906112,-0.6038343300000015,-22.45099291,-23.03009662,871.9,100.1163,SLE,-1.82000266,0.1350467708,-0.91956378,0.01513552,-0.5791037099999983,0.11862145999999996,0.10949733999999989,0.0291973517,0.024730620000003256
acetylacetone,393.15,-22.77754467,-23.37584905,876.41,100.1163,REF,-2.03203716,0.0869703816,-1.11452555,-0.5983043799999983,-22.77754467,-23.34887044,876.41,100.1163,SLE,-1.88498228,0.1182811586,-0.97703786,0.0130322,-0.5713257699999978,0.14705487999999978,0.13748768999999994,0.03131077700000001,0.026978610000000458
acetylacetone,388.15,-23.10693885,-23.69816447,880.96,100.1163,REF,-2.12872887,0.0707180546,-1.20416636,-0.5912256199999995,-23.10693885,-23.66988947,880.96,100.1163,SLE,-1.95197223,0.102942954,-1.03706584,0.01116935,-0.5629506200000023,0.17675664000000024,0.1671005200000002,0.03222489940000001,0.028274999999997164
acetylacetone,383.15,-23.4391479,-24.02192978,885.53,100.1163,REF,-2.22872276,0.0569205,-1.29790725,-0.5827818800000024,-23.4391479,-23.99321841,885.53,100.1163,SLE,-2.0209986,0.0890295522,-1.0996442,0.00952799,-0.5540705100000025,0.20772416000000016,0.19826305,0.0321090522,0.028711369999999903
acetylacetone,378.15,-23.77414272,-24.34732226,890.12,100.1163,REF,-2.33203053,0.045363326,-1.39566114,-0.5731795399999982,-23.77414272,-24.31892288,890.12,100.1163,SLE,-2.09208748,0.0765140127,-1.16476635,0.00808933,-0.5447801599999984,0.23994304999999994,0.23089479000000002,0.031150686699999992,0.028399379999999752
acetylacetone,373.15,-24.11189277,-24.67454254,894.75,100.1163,REF,-2.43865,0.0358071088,-1.4973309,-0.5626497700000002,-24.11189277,-24.64707351,894.75,100.1163,SLE,-2.16526254,0.0653486189,-1.23242129,0.00683498,-0.5351807399999977,0.2733874599999999,0.2649096099999999,0.0295415101,0.027469030000002448
acetylacetone,368.15,-24.45236622,-25.00379861,899.4,100.1163,REF,-2.54857376,0.0280021908,-1.60281993,-0.5514323900000022,-24.45236622,-24.97774258,899.4,100.1163,SLE,-2.24054701,0.0554681238,-1.30259634,0.00574716,-0.5253763600000028,0.30802675000000024,0.3002235899999999,0.027465932999999998,0.026056029999999453
acetylacetone,363.15,-24.79553009,-25.33529952,904.08,100.1163,REF,-2.66179262,0.0217018413,-1.71203725,-0.5397694299999998,-24.79553009,-25.31100549,904.08,100.1163,SLE,-2.31796284,0.0467937884,-1.37527711,0.0048088,-0.5154753999999997,0.3438297800000001,0.33676014,0.0250919471,0.024294030000000078
acetylacetone,358.15,-25.14135041,-25.6692473,908.78,100.1163,REF,-2.77830057,0.0166721897,-1.82490349,-0.5278968899999974,-25.14135041,-25.64694214,908.78,100.1163,SLE,-2.39752985,0.0392373164,-1.45044747,0.00400378,-0.505591729999999,0.3807707199999997,0.37445602,0.0225651267,0.02230515999999838
acetylacetone,353.15,-25.4897924,-26.00583191,913.51,100.1163,REF,-2.89809826,0.0126990577,-1.9413547,-0.5160395100000024,-25.4897924,-25.98563464,913.51,100.1163,SLE,-2.47926711,0.0327043658,-1.52809143,0.0033169,-0.49584224000000177,0.41883114999999993,0.41326327000000007,0.0200053081,0.0201972700000006
acetylacetone,348.15,-25.84082069,-26.34522539,918.27,100.1163,REF,-3.02119721,0.0095918311,-2.06134666,-0.5044046999999985,-25.84082069,-26.32716491,918.27,100.1163,SLE,-2.56319453,0.0270978205,-1.60819525,0.00273404,-0.48634421999999944,0.4580026799999999,0.4531514099999998,0.0175059894,0.018060479999999046
acetylacetone,343.15,-26.1943995,-26.6875815,923.06,100.1163,REF,-3.14762101,0.0071850085,-2.1848556,-0.4931820000000009,-26.1943995,-26.67161469,923.06,100.1163,SLE,-2.64933305,0.0223207563,-1.69074804,0.00224216,-0.477215189999999,0.49828795999999986,0.4941075600000002,0.015135747800000002,0.015966810000001885
acetylacetone,338.15,-26.55049287,-27.03303492,927.87,100.1163,REF,-3.27740687,0.0053378795,-2.31187913,-0.4825420499999993,-26.55049287,-27.01906711,927.87,100.1163,SLE,-2.73770383,0.0182789062,-1.7757413,0.00182935,-0.46857424000000236,0.53970304,0.5361378299999999,0.0129410267,0.013967809999996916
acetylacetone,333.15,-26.90906493,-27.38170226,932.71,100.1163,REF,-3.41060614,0.0039329813,-2.44243594,-0.4726373300000013,-26.90906493,-27.36960075,932.71,100.1163,SLE,-2.82833233,0.0148823596,-1.86317311,0.0014848,-0.4605358200000005,0.5822738100000002,0.5792628300000002,0.0109493783,0.012101510000000815
acetylacetone,328.15,-27.27008015,-27.73368381,937.58,100.1163,REF,-3.54728439,0.0028738204,-2.57656501,-0.4636036600000004,-27.27008015,-27.7232933,937.58,100.1163,SLE,-2.9212464,0.0120470722,-1.95304642,0.00119882,-0.4532131500000034,0.6260379900000004,0.62351859,0.0091732518,0.010390509999997022
acetylacetone,323.15,-27.63350359,-28.08906586,942.47,100.1163,REF,-3.68752114,0.002082253,-2.71432445,-0.4555622700000015,-27.63350359,-28.08022015,942.47,100.1163,SLE,-3.01647757,0.0096957213,-2.0453703,0.00096277,-0.4467165599999987,0.6710435699999997,0.6689541499999998,0.0076134683,0.008845710000002782
acetylacetone,318.15,-27.99930125,-28.44792288,947.4,100.1163,REF,-3.83140963,0.0014958051,-2.85579051,-0.44862163000000166,-27.99930125,-28.44045302,947.4,100.1163,SLE,-3.11406249,0.0077581801,-2.14016139,0.00076902,-0.44115177000000116,0.7173471400000002,0.71562912,0.006262375000000001,0.0074698600000004944
acetylacetone,313.15,-28.36744033,-28.8103202,952.35,100.1163,REF,-3.97905631,0.0010651166,-3.00105622,-0.44287986999999873,-28.36744033,-28.8040607,952.35,100.1163,SLE,-3.21404306,0.0061716942,-2.23744389,0.00061088,-0.43662037,0.76501325,0.76361233,0.0051065776,0.006259499999998752
acetylacetone,308.15,-28.73788959,-29.17631596,957.33,100.1163,REF,-4.1305807,0.0007516153,-3.15023069,-0.4384263699999984,-28.73788959,-29.1711099,957.33,100.1163,SLE,-3.31646646,0.0048807772,-2.33724953,0.00048254,-0.4332203099999994,0.8141142400000003,0.8129811600000001,0.0041291619,0.005206059999999013
acetylacetone,303.15,-29.11061966,-29.54596327,962.33,100.1163,REF,-4.28611526,0.0005254721,-3.3034383,-0.4353436100000003,-29.11061966,-29.54166496,962.33,100.1163,SLE,-3.42138607,0.0038368932,-2.43961826,0.00037898,-0.4310452999999974,0.8647291899999998,0.8638200399999998,0.0033114211,0.004298310000002914
acetylacetone,298.15,-29.48560345,-29.9193119,967.37,100.1163,REF,-4.44580536,0.0003638504,-3.46081828,-0.433708450000001,-29.48560345,-29.9157886,967.37,100.1163,SLE,-3.52886168,0.0029980134,-2.54459831,0.0002959,-0.4301851499999998,0.9169436799999997,0.9162199699999998,0.002634163,0.0035233000000012282
benzene,403.15,-22.12730948,-23.71624553,775.84,78.1124,REF,-1.31650734,0.3976353042,-0.45140315,-1.5889360499999974,-22.12730948,-23.62465015,775.84,78.1124,SLE,-1.26329394,0.4289419473,-0.4127745,0.05453886,-1.4973406699999998,0.053213399999999966,0.03862864999999999,0.03130664310000003,0.09159537999999756
benzene,398.15,-22.45099291,-24.10135739,779.96,78.1124,REF,-1.36418108,0.3704335732,-0.48485801,-1.6503644800000004,-22.45099291,-23.98677221,779.96,78.1124,SLE,-1.29510885,0.4101144514,-0.43349839,0.05068637,-1.5357793000000015,0.06907222999999996,0.051359619999999995,0.03968087820000005,0.11458517999999884
benzene,393.15,-22.77754467,-24.48780327,784.12,78.1124,REF,-1.41392032,0.34304272,-0.52086462,-1.7102585999999995,-22.77754467,-24.35125294,784.12,78.1124,SLE,-1.3280163,0.3909899076,-0.45548463,0.04698765,-1.5737082699999974,0.08590401999999986,0.06537999,0.047947187599999996,0.13655033000000216
benzene,388.15,-23.10693885,-24.87511467,788.3,78.1124,REF,-1.46605409,0.3155426876,-0.55974877,-1.7681758199999997,-23.10693885,-24.71793654,788.3,78.1124,SLE,-1.36213161,0.3715847065,-0.47885081,0.04343786,-1.6109976900000014,0.10392248000000004,0.08089795999999999,0.05604201889999999,0.15717812999999836
benzene,383.15,-23.4391479,-25.26297677,792.52,78.1124,REF,-1.52083999,0.2880920221,-0.6017918,-1.8238288700000034,-23.4391479,-25.08668409,792.52,78.1124,SLE,-1.39756558,0.3519301611,-0.50371528,0.0400345,-1.6475361900000003,0.12327441000000006,0.09807652,0.06383813900000002,0.1762926800000031
benzene,378.15,-23.77414272,-25.65091049,796.78,78.1124,REF,-1.57864327,0.2608353917,-0.64737097,-1.8767677700000007,-23.77414272,-25.45734353,796.78,78.1124,SLE,-1.43444155,0.3320639305,-0.53020991,0.03677549,-1.6832008099999989,0.14420171999999987,0.11716106000000004,0.07122853880000002,0.19356696000000184
benzene,373.15,-24.11189277,-26.03843165,801.06,78.1124,REF,-1.63985091,0.2339530455,-0.69689294,-1.926538879999999,-24.11189277,-25.82973278,801.06,78.1124,SLE,-1.47290621,0.3120261273,-0.55848909,0.03365843,-1.7178400099999998,0.16694469999999995,0.13840385,0.0780730818,0.2086988699999992
benzene,368.15,-24.45236622,-26.425026,805.38,78.1124,REF,-1.70488802,0.2076526444,-0.7508062,-1.9726597800000008,-24.45236622,-26.20366973,805.38,78.1124,SLE,-1.51311346,0.2918698947,-0.58871769,0.0306822,-1.7513035100000032,0.19177456000000004,0.16208851000000002,0.08421725030000002,0.22135626999999758
benzene,363.15,-24.79553009,-26.81016832,809.74,78.1124,REF,-1.77420898,0.1821698123,-0.80959221,-2.014638229999999,-24.79553009,-26.57894238,809.74,78.1124,SLE,-1.55524297,0.271653688,-0.62108621,0.02784563,-1.7834122900000011,0.21896601000000016,0.18850600000000006,0.08948387569999999,0.23122593999999808
benzene,358.15,-25.14135041,-27.19329996,814.13,78.1124,REF,-1.84831339,0.1577551021,-0.87377724,-2.05194955,-25.14135041,-26.9553329,814.13,78.1124,SLE,-1.59948742,0.2514496513,-0.65580094,0.02514853,-1.8139824899999972,0.24882596999999995,0.2179763,0.09369454920000003,0.23796706000000256
benzene,353.15,-25.4897924,-27.57389318,818.55,78.1124,REF,-1.92770948,0.1346746518,-0.94389699,-2.08410078,-25.4897924,-27.3326002,818.55,78.1124,SLE,-1.64606425,0.2313395354,-0.69309393,0.02259102,-1.8428078000000028,0.2816452300000001,0.2508030600000001,0.0966648836,0.24129297999999721
benzene,348.15,-25.84082069,-27.95146151,823.01,78.1124,REF,-2.01290843,0.1131914649,-1.02048645,-2.1106408200000004,-25.84082069,-27.71048529,823.01,78.1124,SLE,-1.69521427,0.2114170124,-0.73322219,0.02017371,-1.8696646000000001,0.31769416000000006,0.28726425999999994,0.0982255475,0.2409762200000003
benzene,343.15,-26.1943995,-28.32560074,827.51,78.1124,REF,-2.10439851,0.0935472459,-1.10405085,-2.1312012399999993,-26.1943995,-28.08872496,827.51,78.1124,SLE,-1.74719477,0.1917909993,-0.77646171,0.01789803,-1.894325460000001,0.3572037400000003,0.32758913999999995,0.09824375339999998,0.23687577999999831
benzene,338.15,-26.55049287,-28.69605966,832.04,78.1124,REF,-2.20259794,0.0759432269,-1.19501537,-2.14556679,-26.55049287,-28.46702545,832.04,78.1124,SLE,-1.80229784,0.1725783307,-0.82312324,0.0157653,-1.916532580000002,0.40030009999999994,0.3718921299999999,0.09663510380000001,0.22903420999999824
benzene,333.15,-26.90906493,-29.06272863,836.61,78.1124,REF,-2.30785719,0.0605108626,-1.29372197,-2.153663699999999,-26.90906493,-28.84510454,836.61,78.1124,SLE,-1.86082563,0.1539115382,-0.87353009,0.01377763,-1.9360396100000017,0.4470315600000001,0.42019187999999996,0.09340067560000001,0.2176240899999975
benzene,328.15,-27.27008015,-29.42573199,841.21,78.1124,REF,-2.42039248,0.0473011644,-1.40036244,-2.155651840000001,-27.27008015,-29.22267765,841.21,78.1124,SLE,-1.92310048,0.1359311982,-0.92802593,0.01193712,-1.952597500000003,0.49729199999999985,0.4723365100000001,0.0886300338,0.20305433999999778
benzene,323.15,-27.63350359,-29.78536605,845.86,78.1124,REF,-2.54031756,0.0362699649,-1.5150078,-2.1518624600000003,-27.63350359,-29.59945397,845.86,78.1124,SLE,-1.98946932,0.1187800188,-0.98697772,0.01024544,-1.9659503799999989,0.5508482400000001,0.5280300800000001,0.08251005389999999,0.18591208000000137
benzene,318.15,-27.99930125,-30.14212145,850.54,78.1124,REF,-2.66762041,0.0272869397,-1.63758833,-2.1428202000000027,-27.99930125,-29.97518771,850.54,78.1124,SLE,-2.06027059,0.1026043963,-1.05074365,0.00870421,-1.9758864600000017,0.60734982,0.58684468,0.0753174566,0.16693374000000105
benzene,313.15,-28.36744033,-30.49660863,855.26,78.1124,REF,-2.80220555,0.0201509207,-1.76793954,-2.1291683,-28.36744033,-30.34965551,855.26,78.1124,SLE,-2.13584956,0.0875403107,-1.11968497,0.00731392,-1.9822151800000007,0.66635599,0.64825457,0.06738939,0.14695311999999916
benzene,308.15,-28.73788959,-30.84949878,860.01,78.1124,REF,-2.94392926,0.0146159344,-1.90584329,-2.1116091899999994,-28.73788959,-30.72269044,860.01,78.1124,SLE,-2.216535,0.0737080095,-1.19414204,0.00607386,-1.9848008499999992,0.7273942600000001,0.71170125,0.0590920751,0.12680834000000019
benzene,303.15,-29.11061966,-31.20146435,864.81,78.1124,REF,-3.09263884,0.0104188426,-2.05107264,-2.0908446899999973,-29.11061966,-31.09420707,864.81,78.1124,SLE,-2.30262,0.0612035052,-1.27441365,0.00498173,-1.9835874099999984,0.7900188399999997,0.77665899,0.0507846626,0.1072572799999989
benzene,298.15,-29.48560345,-31.55313005,869.64,78.1124,REF,-3.24820794,0.0073031444,-2.20343204,-2.0675266000000008,-29.48560345,-31.46418534,869.64,78.1124,SLE,-2.39437106,0.0500868563,-1.3607639,0.00403301,-1.978581890000001,0.8538368799999998,0.84266814,0.0427837119,0.08894470999999982
chcl3,403.15,-22.12730948,-23.61269528,1335.87,119.3783,REF,-1.3726414,0.2739131501,-0.4563379,-1.4853857999999995,-22.12730948,-23.52859129,1335.87,119.3783,SLE,-1.31534436,0.3022379866,-0.41485789,0.04837886,-1.4012818100000004,0.05729703999999991,0.04148001000000001,0.028324836500000006,0.08410398999999913
chcl3,398.15,-22.45099291,-23.99559428,1342.82,119.3783,REF,-1.42223472,0.2508999935,-0.49123452,-1.5446013699999988,-22.45099291,-23.89021079,1342.82,119.3783,SLE,-1.34808866,0.2858256347,-0.43619447,0.04486538,-1.439217880000001,0.07414606000000012,0.05504005000000001,0.034925641200000024,0.10538348999999769
chcl3,393.15,-22.77754467,-24.38070535,1349.82,119.3783,REF,-1.47345427,0.228620125,-0.52842601,-1.6031606799999985,-22.77754467,-24.25488955,1349.82,119.3783,SLE,-1.38155986,0.2696707596,-0.45855487,0.04153748,-1.4773448800000004,0.09189440999999987,0.06987114,0.04105063459999997,0.12581579999999803
chcl3,388.15,-23.10693885,-24.76799419,1356.85,119.3783,REF,-1.52636764,0.2071913868,-0.56800028,-1.6610553400000008,-23.10693885,-24.62260868,1356.85,119.3783,SLE,-1.41578211,0.2538142643,-0.48197171,0.03838998,-1.5156698300000002,0.11058552999999982,0.08602857000000003,0.04662287749999999,0.14538551000000055
chcl3,383.15,-23.4391479,-25.15718783,1363.93,119.3783,REF,-1.58118111,0.1866719177,-0.6101535,-1.7180399300000033,-23.4391479,-24.99338289,1363.93,119.3783,SLE,-1.45076071,0.2383045042,-0.50646236,0.03541924,-1.5542349900000012,0.1304204,0.10369114000000001,0.051632586499999994,0.16380494000000212
chcl3,378.15,-23.77414272,-25.54817829,1371.05,119.3783,REF,-1.63801564,0.167152055,-0.65501469,-1.7740355699999988,-23.77414272,-25.36719482,1371.05,119.3783,SLE,-1.4865189,0.2231796775,-0.53205629,0.03261979,-1.5930521000000013,0.15149674000000002,0.12295840000000002,0.05602762250000001,0.18098346999999748
chcl3,373.15,-24.11189277,-25.94082462,1378.21,119.3783,REF,-1.69701715,0.1487054071,-0.70273082,-1.82893185,-24.11189277,-25.744061,1378.21,119.3783,SLE,-1.52306047,0.2084837399,-0.55876642,0.02998745,-1.6321682299999978,0.17395667999999986,0.1439644,0.0597783328,0.19676362000000225
chcl3,368.15,-24.45236622,-26.33498736,1385.41,119.3783,REF,-1.75833781,0.1313946893,-0.75345169,-1.8826211400000012,-24.45236622,-26.12398413,1385.41,119.3783,SLE,-1.56039684,0.194253842,-0.58660969,0.02751713,-1.671617910000002,0.1979409700000001,0.16684200000000005,0.0628591527,0.21100322999999932
chcl3,363.15,-24.79553009,-26.73052243,1392.65,119.3783,REF,-1.82214029,0.115268849,-0.80733324,-1.9349923400000009,-24.79553009,-26.50698386,1392.65,119.3783,SLE,-1.59852919,0.1805269186,-0.6155928,0.02520408,-1.7114537699999985,0.22361110000000006,0.1917404399999999,0.0652580696,0.22353857000000232
chcl3,358.15,-25.14135041,-27.12732029,1399.93,119.3783,REF,-1.88857462,0.1003669506,-0.86451667,-1.985969879999999,-25.14135041,-26.89306096,1399.93,119.3783,SLE,-1.63746968,0.1673312632,-0.64572936,0.02304254,-1.7517105499999985,0.25110494000000005,0.21878730999999996,0.06696431259999999,0.23425933000000043
chcl3,353.15,-25.4897924,-27.52527327,1407.26,119.3783,REF,-1.95779773,0.086710853,-0.92514466,-2.0354808700000007,-25.4897924,-27.28225633,1407.26,119.3783,SLE,-1.67720584,0.154698353,-0.67701031,0.02102782,-1.7924639300000003,0.28059188999999995,0.24813434999999995,0.0679875,0.2430169400000004
chcl3,348.15,-25.84082069,-27.9243191,1414.63,119.3783,REF,-2.02994663,0.0743091217,-0.98933675,-2.0834984100000007,-25.84082069,-27.67460156,1414.63,119.3783,SLE,-1.71772993,0.1426516878,-0.70942788,0.01915447,-1.8337808699999982,0.3122167,0.27990887,0.06834256610000002,0.24971754000000246
chcl3,343.15,-26.1943995,-28.32444734,1422.04,119.3783,REF,-2.10513309,0.0631549624,-1.05718305,-2.1300478399999996,-26.1943995,-28.07012317,1422.04,119.3783,SLE,-1.75903674,0.1312078692,-0.74297405,0.0174166,-1.8757236699999993,0.34609634999999983,0.31420899999999985,0.0680529068,0.2543241700000003
chcl3,338.15,-26.55049287,-28.72569066,1429.49,119.3783,REF,-2.1834475,0.0532238191,-1.12874709,-2.175197790000002,-26.55049287,-28.46888242,1429.49,119.3783,SLE,-1.80109821,0.12038324,-0.77761858,0.01580891,-1.9183895500000006,0.3823492900000003,0.3511285100000001,0.0671594209,0.2568082400000016
chcl3,333.15,-26.90906493,-29.12812311,1436.98,119.3783,REF,-2.26495858,0.0444734003,-1.20406552,-2.219058180000001,-26.90906493,-28.87092602,1436.98,119.3783,SLE,-1.84389415,0.1101849293,-0.8133354,0.01432537,-1.9618610899999993,0.42106443000000016,0.39073011999999985,0.06571152899999999,0.2571970900000018
chcl3,328.15,-27.27008015,-29.53189554,1444.52,119.3783,REF,-2.34968832,0.0368470539,-1.28312444,-2.2618153900000024,-27.27008015,-29.27632422,1444.52,119.3783,SLE,-1.88738775,0.1006172229,-0.85008129,0.01296022,-2.006244070000001,0.4623005699999998,0.43304314999999993,0.06377016899999999,0.2555713200000014
chcl3,323.15,-27.63350359,-29.93720778,1452.1,119.3783,REF,-2.43762737,0.0302733512,-1.36587438,-2.3037041900000013,-27.63350359,-29.68515529,1452.1,119.3783,SLE,-1.93153488,0.0916788636,-0.88780393,0.01170753,-2.0516517000000007,0.5060924899999999,0.4780704499999999,0.061405512399999994,0.2520524900000005
chcl3,318.15,-27.99930125,-30.34433487,1459.72,119.3783,REF,-2.52871474,0.0246702917,-1.45221167,-2.3450336200000024,-27.99930125,-30.09750648,1459.72,119.3783,SLE,-1.97628309,0.0833633921,-0.92644109,0.01056129,-2.0982052300000014,0.5524316499999999,0.5257705800000001,0.0586931004,0.246828390000001
chcl3,313.15,-28.36744033,-30.75359095,1467.39,119.3783,REF,-2.6228591,0.019946966,-1.54200012,-2.3861506199999987,-28.36744033,-30.51348177,1467.39,119.3783,SLE,-2.02156578,0.0756603441,-0.96591535,0.00951556,-2.1460414399999976,0.6012933199999999,0.57608477,0.0557133781,0.24010918000000103
chcl3,308.15,-28.73788959,-31.16533468,1475.09,119.3783,REF,-2.71993275,0.0160080132,-1.63506667,-2.427445089999999,-28.73788959,-30.93319547,1475.09,119.3783,SLE,-2.06730581,0.0685546923,-1.00613743,0.00856435,-2.1953058799999994,0.6526269399999998,0.62892924,0.05254667909999999,0.2321392099999997
chcl3,303.15,-29.11061966,-31.57995818,1482.84,119.3783,REF,-2.81977677,0.0127572053,-1.73120781,-2.4693385199999973,-29.11061966,-31.35676978,1482.84,119.3783,SLE,-2.11341659,0.0620271162,-1.04700741,0.00770164,-2.2461501199999994,0.7063601799999999,0.6842003999999999,0.049269910900000005,0.22318839999999796
chcl3,298.15,-29.48560345,-31.99787147,1490.63,119.3783,REF,-2.92221012,0.010100686,-1.83019981,-2.5122680200000005,-29.48560345,-31.78435687,1490.63,119.3783,SLE,-2.15978546,0.056056653,-1.08839926,0.00692173,-2.2987534200000006,0.7624246599999998,0.74180055,0.045955967,0.2135145999999999
cyclohexane,403.15,-22.12730948,-20.73240208,682.56,84.16,REF,-2.93403351,0.0138889005,-2.02793473,1.394907400000001,-22.12730948,-20.74441715,682.56,84.16,SLE,-2.82397598,0.0178292288,-1.91871996,0.00149977,1.3828923300000007,0.11005752999999974,0.10921477000000013,0.003940328299999999,-0.01201507000000035
cyclohexane,398.15,-22.45099291,-20.99702771,686.3,84.16,REF,-3.06815547,0.010233364,-2.15890914,1.453965199999999,-22.45099291,-21.00894705,686.3,84.16,SLE,-2.9289354,0.0140507871,-2.02050217,0.00117778,1.4420458600000003,0.13922007000000036,0.13840697000000013,0.0038174231,-0.011919339999998613
cyclohexane,393.15,-22.77754467,-21.26656328,690.07,84.16,REF,-3.204554,0.0074941097,-2.29234686,1.5109813900000013,-22.77754467,-21.27781451,690.07,84.16,SLE,-3.03574828,0.0110181808,-2.12428954,0.00092098,1.4997301600000021,0.16880571999999994,0.16805731999999995,0.003524071099999999,-0.011251229999999168
cyclohexane,388.15,-23.10693885,-21.54042141,693.88,84.16,REF,-3.34363321,0.0054507927,-2.42860359,1.5665174399999984,-23.10693885,-21.55067344,693.88,84.16,SLE,-3.14466644,0.0085934277,-2.23030288,0.00071669,1.5562654099999982,0.19896677000000018,0.19830070999999982,0.0031426349999999995,-0.01025203000000019
cyclohexane,383.15,-23.4391479,-21.81813005,697.73,84.16,REF,-3.4857516,0.003935027,-2.56800131,1.6210178499999977,-23.4391479,-21.82721669,697.73,84.16,SLE,-3.25593173,0.0066630876,-2.33875892,0.00055471,1.611931209999998,0.22981987000000004,0.22924239000000002,0.0027280606000000002,-0.00908663999999959
cyclohexane,378.15,-23.77414272,-22.09930541,701.61,84.16,REF,-3.63123469,0.0028178058,-2.71083784,1.674837310000001,-23.77414272,-22.10717869,701.61,84.16,SLE,-3.36977385,0.0051338821,-2.44986696,0.0004268,1.666964029999999,0.2614608399999998,0.2609708799999999,0.0023160763,-0.00787328000000187
cyclohexane,373.15,-24.11189277,-22.38363444,705.53,84.16,REF,-3.78038321,0.0020002714,-2.85739279,1.7282583299999992,-24.11189277,-22.39032415,705.53,84.16,SLE,-3.48641627,0.0039290309,-2.56383381,0.00032627,1.7215686199999993,0.29396694000000023,0.2935589799999998,0.0019287594999999997,-0.006689709999999849
cyclohexane,368.15,-24.45236622,-22.67085954,709.5,84.16,REF,-3.93348053,0.0014067872,-3.00793344,1.7815066799999997,-24.45236622,-22.67644399,709.5,84.16,SLE,-3.60607825,0.0029853865,-2.68086515,0.0002477,1.775922229999999,0.32740228000000027,0.32706829000000015,0.0015785993000000003,-0.005584450000000629
cyclohexane,363.15,-24.79553009,-22.96076704,713.5,84.16,REF,-4.09079848,0.0009796722,-3.16271939,1.8347630499999994,-24.79553009,-22.96535375,713.5,84.16,SLE,-3.72897566,0.0022511082,-2.8011657,0.00018665,1.8301763400000013,0.36182282,0.36155369000000004,0.001271436,-0.0045867099999981065
cyclohexane,358.15,-25.14135041,-23.25317806,717.54,84.16,REF,-4.25260227,0.0006751471,-3.32200652,1.8881723500000014,-25.14135041,-23.25688805,717.54,84.16,SLE,-3.85532415,0.0016837372,-2.92494207,0.00013953,1.8844623600000006,0.39727811999999973,0.3970644499999998,0.0010085901000000002,-0.003709990000000829
cyclohexane,353.15,-25.4897924,-23.54794139,721.62,84.16,REF,-4.41915449,0.0004601844,-3.48605039,1.9418510100000006,-25.4897924,-23.55089817,721.62,84.16,SLE,-3.98534081,0.0012486226,-3.05240392,0.00010343,1.938894229999999,0.43381368000000053,0.4336464699999998,0.0007884382,-0.0029567800000016575
cyclohexane,348.15,-25.84082069,-23.84492743,725.74,84.16,REF,-4.59071886,0.0003100468,-3.65510945,1.9958932600000026,-25.84082069,-23.84725012,725.74,84.16,SLE,-4.11924555,0.0009176107,-3.18376513,7.599e-05,1.9935705699999993,0.47147331000000037,0.47134432000000004,0.0006075639000000001,-0.0023226900000032913
cyclohexane,343.15,-26.1943995,-24.14402367,729.9,84.16,REF,-4.76756335,0.0002063593,-3.82944769,2.05037583,-26.1943995,-24.1458224,729.9,84.16,SLE,-4.25726292,0.0006679449,-3.31924539,5.53e-05,2.0485770999999993,0.51030043,0.5102023,0.0004615856,-0.0017987300000008588
cyclohexane,338.15,-26.55049287,-24.44513091,734.11,84.16,REF,-4.94996306,0.0001355978,-4.00933726,2.1053619599999998,-26.55049287,-24.44650425,734.11,84.16,SLE,-4.39962369,0.0004813425,-3.4590715,3.985e-05,2.103988619999999,0.5503393699999997,0.5502657599999998,0.0003457447,-0.0013733400000006668
cyclohexane,333.15,-26.90906493,-24.74816022,738.36,84.16,REF,-5.13820291,8.79087e-05,-4.19506092,2.1609047100000005,-26.90906493,-24.74919389,738.36,84.16,SLE,-4.54656663,0.0003432151,-3.60347908,2.841e-05,2.1598710399999987,0.5916362800000003,0.5915818400000004,0.0002553064,-0.001033670000001763
cyclohexane,328.15,-27.27008015,-25.05303067,742.65,84.16,REF,-5.3325801,5.61911e-05,-4.38691426,2.21704948,-27.27008015,-25.05379753,742.65,84.16,SLE,-4.69834,0.00024201,-3.75271385,2.003e-05,2.2162826199999976,0.6342401000000004,0.63420041,0.0001858189,-0.0007668600000023673
cyclohexane,323.15,-27.63350359,-25.35966747,746.99,84.16,REF,-5.53340647,3.53874e-05,-4.58520794,2.2738361199999986,-27.63350359,-25.36022806,746.99,84.16,SLE,-4.8552033,0.000168655,-3.9070333,1.396e-05,2.2732755299999994,0.6782031699999997,0.6781746399999999,0.0001332676,-0.0005605899999991948
cyclohexane,318.15,-27.99930125,-25.66800056,751.37,84.16,REF,-5.74101083,2.19407e-05,-4.79026993,2.331300689999999,-27.99930125,-25.6684043,751.37,84.16,SLE,-5.01742892,0.0001160899,-4.0667082,9.61e-06,2.3308969499999996,0.7235819099999992,0.7235617300000001,9.41492e-05,-0.00040373999999943067
cyclohexane,313.15,-28.36744033,-25.97796363,755.79,84.16,REF,-5.95574126,1.33821e-05,-5.00244766,2.3894766999999995,-28.36744033,-25.97824991,755.79,84.16,SLE,-5.18530408,7.88741e-05,-4.23202456,6.53e-06,2.389190420000002,0.77043718,0.7704230999999995,6.5492e-05,-0.0002862799999974186
cyclohexane,308.15,-28.73788959,-26.28949332,760.26,84.16,REF,-6.1779674,8.022304e-06,-5.22211031,2.4483962700000035,-28.73788959,-26.28969312,760.26,84.16,SLE,-5.35913257,5.28587e-05,-4.40328512,4.37e-06,2.4481964700000027,0.8188348300000001,0.8188251900000001,4.4836396000000006e-05,-0.00019980000000074938
cyclohexane,303.15,-29.11061966,-26.6025288,764.78,84.16,REF,-6.40808284,4.722642e-06,-5.4496511,2.5080908599999994,-29.11061966,-26.60266596,764.78,84.16,SLE,-5.53923676,3.49156e-05,-4.58081153,2.89e-06,2.5079537000000016,0.86884608,0.8688395699999996,3.0192958000000002e-05,-0.00013715999999774908
cyclohexane,298.15,-29.48560345,-26.91701144,769.35,84.16,REF,-6.6465076,2.727477e-06,-5.68548977,2.5685920099999997,-29.48560345,-26.91710401,769.35,84.16,SLE,-5.72595977,2.27144e-05,-4.76494627,1.88e-06,2.56849944,0.9205478299999994,0.9205435,1.9986923e-05,-9.256999999962545e-05
cyclohexanol,403.15,-22.12730948,-20.93399344,849.16,100.1595,REF,-2.82475187,0.0149975298,-1.90042285,1.1933160400000027,-22.12730948,-20.9420982,849.16,100.1595,SLE,-2.7168606,0.019153944,-1.79364469,0.00191928,1.1852112800000008,0.1078912700000001,0.10677815999999996,0.0041564142,-0.008104760000001932
cyclohexanol,398.15,-22.45099291,-21.14144503,853.6,100.1595,REF,-2.98888444,0.0103214126,-2.06104871,1.3095478800000002,-22.45099291,-21.14923219,853.6,100.1595,SLE,-2.85196594,0.0140981612,-1.92513634,0.00140616,1.3017607200000008,0.13691850000000017,0.13591237000000023,0.003776748600000001,-0.00778715999999946
cyclohexanol,393.15,-22.77754467,-21.35263396,858.06,100.1595,REF,-3.15670874,0.0070341568,-2.22573772,1.4249107100000025,-22.77754467,-21.35970466,858.06,100.1595,SLE,-2.99024666,0.0102893888,-2.0601397,0.00102271,1.4178400100000026,0.16646208000000007,0.16559802,0.0032552320000000003,-0.007070699999999874
cyclohexanol,388.15,-23.10693885,-21.56727813,862.55,100.1595,REF,-3.3285117,0.0047458043,-2.39466996,1.5396607200000005,-23.10693885,-21.57343612,862.55,100.1595,SLE,-3.13185561,0.0074456566,-2.19872881,0.00073815,1.5335027299999986,0.19665608999999984,0.1959411499999999,0.0026998523000000005,-0.006157990000001945
cyclohexanol,383.15,-23.4391479,-21.78519098,867.07,100.1595,REF,-3.50453977,0.0031688478,-2.56801431,1.6539569199999988,-23.4391479,-21.79038036,867.07,100.1595,SLE,-3.27693374,0.0053413806,-2.34098274,0.00052853,1.648767539999998,0.22760603000000001,0.2270315700000003,0.0021725328,-0.005189380000000909
cyclohexanol,378.15,-23.77414272,-22.00627294,871.61,100.1595,REF,-3.68500127,0.0020934468,-2.74592303,1.7678697800000016,-23.77414272,-22.01052734,871.61,100.1595,SLE,-3.42560767,0.0037982738,-2.48697985,0.00037531,1.763615380000001,0.25939359999999967,0.25894318000000016,0.001704827,-0.004254400000000658
cyclohexanol,373.15,-24.11189277,-22.23050104,876.18,100.1595,REF,-3.87006999,0.0013679736,-2.92852969,1.8813917300000007,-24.11189277,-22.23390603,876.18,100.1595,SLE,-3.57798708,0.0026769925,-2.63679252,0.00026425,1.8779867400000008,0.29208291,0.29173716999999977,0.0013090189000000002,-0.003404989999999941
cyclohexanol,368.15,-24.45236622,-22.45791731,880.78,100.1595,REF,-4.0598898,0.0008839905,-3.11594953,1.9944489099999991,-24.45236622,-22.46058471,880.78,100.1595,SLE,-3.73416358,0.0018697664,-2.79048369,0.00018443,1.9917815099999991,0.3257262199999995,0.3254658400000001,0.0009857759,-0.0026673999999999864
cyclohexanol,363.15,-24.79553009,-22.6886174,885.4,100.1595,REF,-4.25457953,0.0005647847,-3.30828119,2.1069126900000015,-24.79553009,-22.69066632,885.4,100.1595,SLE,-3.89421224,0.0012940898,-2.9481066,0.00012758,2.1048637700000015,0.3603672900000001,0.3601745900000002,0.0007293051000000001,-0.0020489200000000096
cyclohexanol,358.15,-25.14135041,-22.92273929,890.05,100.1595,REF,-4.45423823,0.0003567021,-3.50560964,2.218611120000002,-25.14135041,-22.92428456,890.05,100.1595,SLE,-4.05819297,0.0008874483,-3.1097047,8.746e-05,2.217065850000001,0.3960452599999993,0.39590493999999987,0.0005307462,-0.0015452700000011532
cyclohexanol,353.15,-25.4897924,-23.16045333,894.73,100.1595,REF,-4.65895,0.0002226622,-3.70800927,2.3293390699999996,-25.4897924,-23.16159889,894.73,100.1595,SLE,-4.22615266,0.0006029688,-3.27531254,5.941e-05,2.3281935099999984,0.4327973399999996,0.43269673,0.0003803066,-0.0011455600000012112
cyclohexanol,348.15,-25.84082069,-23.40195304,899.43,100.1595,REF,-4.86878888,0.0001373539,-3.91554749,2.4388676500000024,-25.84082069,-23.40278846,899.43,100.1595,SLE,-4.39812813,0.000405879,-3.44495783,3.998e-05,2.438032230000001,0.4706607500000004,0.4705896599999999,0.00026852509999999996,-0.0008354200000013634
cyclohexanol,343.15,-26.1943995,-23.6474471,904.17,100.1595,REF,-5.08382328,8.37197e-05,-4.12828828,2.5469523999999986,-26.1943995,-23.64804687,904.17,100.1595,SLE,-4.57414889,0.0002706629,-3.61866343,2.666e-05,2.5463526299999977,0.5096743899999998,0.5096248499999998,0.0001869432,-0.0005997700000008876
cyclohexanol,338.15,-26.55049287,-23.8971525,908.93,100.1595,REF,-5.3041202,5.04131e-05,-4.34629568,2.6533403699999987,-26.55049287,-23.89757662,908.93,100.1595,SLE,-4.75424038,0.0001788024,-3.79644991,1.761e-05,2.6529162500000005,0.5498798200000001,0.5498457699999997,0.0001283893,-0.00042411999999814043
cyclohexanol,333.15,-26.90906493,-24.15128887,913.72,100.1595,REF,-5.52974898,2.99863e-05,-4.56963711,2.757776060000001,-26.90906493,-24.15158443,913.72,100.1595,SLE,-4.93842679,0.0001170068,-3.97833804,1.152e-05,2.7574805,0.5913221899999996,0.5912990700000003,8.70205e-05,-0.0002955600000014158
cyclohexanol,328.15,-27.27008015,-24.41007389,918.53,100.1595,REF,-5.76078469,1.76154e-05,-4.79838643,2.8600062599999987,-27.27008015,-24.41027694,918.53,100.1595,SLE,-5.12673413,7.58437e-05,-4.16435135,7.47e-06,2.859803209999999,0.6340505600000004,0.6340350800000003,5.822829999999999e-05,-0.00020304999999964934
cyclohexanol,323.15,-27.63350359,-24.67371969,923.38,100.1595,REF,-5.99731124,1.02181e-05,-5.03262676,2.9597839000000015,-27.63350359,-24.67385725,923.38,100.1595,SLE,-5.31919277,4.86936e-05,-4.35451853,4.8e-06,2.959646339999999,0.6781184700000003,0.6781082300000003,3.8475499999999994e-05,-0.00013756000000242352
cyclohexanol,318.15,-27.99930125,-24.94243029,928.25,100.1595,REF,-6.23942399,5.851367e-06,-5.27245301,3.0568709599999977,-27.99930125,-24.94252221,928.25,100.1595,SLE,-5.51583992,3.09622e-05,-4.54887563,3.05e-06,3.0567790399999986,0.7235840699999994,0.72357738,2.5110833e-05,-9.191999999913492e-05
cyclohexanol,313.15,-28.36744033,-25.21639982,933.15,100.1595,REF,-6.48723215,3.307122e-06,-5.51797411,3.1510405100000014,-28.36744033,-25.21646042,933.15,100.1595,SLE,-5.71672181,1.94964e-05,-4.74746808,1.92e-06,3.15097991,0.7705103399999995,0.77050603,1.6189277999999997e-05,-6.060000000118748e-05
cyclohexanol,308.15,-28.73788959,-25.49581144,938.08,100.1595,REF,-6.7408609,1.844259e-06,-5.76931508,3.242078150000001,-28.73788959,-25.49585086,938.08,100.1595,SLE,-5.92189554,1.21558e-05,-4.95035247,1.2e-06,3.242038730000001,0.81896536,0.8189626099999998,1.0311541e-05,-3.942000000023427e-05
cyclohexanol,303.15,-29.11061966,-25.78083691,943.03,100.1595,REF,-7.00045328,1.014448e-06,-6.0266189,3.3297827499999997,-29.11061966,-25.78086221,943.03,100.1595,SLE,-6.13143079,7.503258e-06,-5.15759814,7.4e-07,3.3297574500000024,0.8690224900000008,0.8690207599999997,6.48881e-06,-2.5299999997230316e-05
cyclohexanol,298.15,-29.48560345,-26.07163646,948.02,100.1595,REF,-7.26617196,5.501884e-07,-6.29004823,3.4139669899999987,-29.48560345,-26.0716525,948.02,100.1595,SLE,-6.34541135,4.584273e-06,-5.36928869,4.5e-07,3.4139509500000003,0.9207606100000003,0.9207595399999997,4.0340846e-06,-1.6039999998440635e-05
"2,3-dihydropyran",403.15,-22.12730948,-23.6443228,840.91,84.1169,REF,-1.35549628,0.3581262965,-0.47848093,-1.5170133200000002,-22.12730948,-23.55974382,840.91,84.1169,SLE,-1.29846407,0.3903864734,-0.43621127,0.05029629,-1.4324343400000004,0.05703221000000003,0.04226966000000004,0.03226017689999999,0.08457897999999986
"2,3-dihydropyran",398.15,-22.45099291,-24.02264266,845.34,84.1169,REF,-1.40738779,0.3300025317,-0.51593416,-1.5716497499999988,-22.45099291,-23.91757814,845.34,84.1169,SLE,-1.33307318,0.3706505827,-0.4594833,0.0464437,-1.4665852299999997,0.07431461000000006,0.05645086000000005,0.04064805100000002,0.1050645199999991
"2,3-dihydropyran",393.15,-22.77754467,-24.40166743,849.81,84.1169,REF,-1.4618018,0.3019030882,-0.55646227,-1.6241227599999988,-22.77754467,-24.27746862,849.81,84.1169,SLE,-1.36901398,0.3506815863,-0.48428243,0.04275491,-1.4999239499999995,0.09278781999999985,0.07217984000000005,0.04877849810000001,0.12419880999999933
"2,3-dihydropyran",388.15,-23.10693885,-24.78093908,854.3,84.1169,REF,-1.5190791,0.273975102,-0.60042032,-1.6740002300000008,-23.10693885,-24.63925879,854.3,84.1169,SLE,-1.40641143,0.3305200773,-0.51074336,0.03922731,-1.5323199400000007,0.11266767,0.08967696000000003,0.05654497529999997,0.14168029000000004
"2,3-dihydropyran",383.15,-23.4391479,-25.16000037,858.83,84.1169,REF,-1.57957686,0.2464013477,-0.64818811,-1.7208524700000005,-23.4391479,-25.00277982,858.83,84.1169,SLE,-1.44540311,0.3102148087,-0.53901488,0.03585889,-1.5636319200000024,0.13417374999999998,0.10917323000000001,0.06381346100000002,0.15722054999999813
"2,3-dihydropyran",378.15,-23.77414272,-25.53842175,863.39,84.1169,REF,-1.64365428,0.2194037659,-0.70015557,-1.7642790300000009,-23.77414272,-25.36784241,863.39,84.1169,SLE,-1.4861448,0.289821455,-0.5692647,0.0326479,-1.5936996900000011,0.1575094800000001,0.13089087,0.07041768910000001,0.17057933999999975
"2,3-dihydropyran",373.15,-24.11189277,-25.91566414,867.98,84.1169,REF,-1.71175308,0.1932053772,-0.75678919,-1.8037713699999998,-24.11189277,-25.73426148,867.98,84.1169,SLE,-1.52879734,0.269410698,-0.6016692,0.02959393,-1.62236871,0.18295574000000014,0.15511998999999999,0.0762053208,0.18140265999999983
"2,3-dihydropyran",368.15,-24.45236622,-26.29125619,872.6,84.1169,REF,-1.78429803,0.1680657271,-0.81854596,-1.8388899700000003,-24.45236622,-26.10182348,872.6,84.1169,SLE,-1.5735464,0.2490595356,-0.63642948,0.02669646,-1.649457260000002,0.21075163000000008,0.18211648000000003,0.08099380849999999,0.1894327099999984
"2,3-dihydropyran",363.15,-24.79553009,-26.66470703,877.26,84.1169,REF,-1.86174833,0.1442464176,-0.88591341,-1.8691769399999991,-24.79553009,-26.47029397,877.26,84.1169,SLE,-1.62059977,0.228854388,-0.6737697,0.02395522,-1.6747638800000004,0.24114855999999985,0.21214370999999999,0.08460797039999998,0.1944130599999987
"2,3-dihydropyran",358.15,-25.14135041,-27.03558322,881.94,84.1169,REF,-1.9445532,0.122008993,-0.95936621,-1.8942328099999983,-25.14135041,-26.83945059,881.94,84.1169,SLE,-1.6701689,0.2088994165,-0.71392152,0.02137131,-1.6981001799999973,0.27438430000000014,0.24544469000000002,0.0868904235,0.19613263000000103
"2,3-dihydropyran",353.15,-25.4897924,-27.40354139,886.67,84.1169,REF,-2.03313104,0.101595812,-1.03934129,-1.913748990000002,-25.4897924,-27.20905085,886.67,84.1169,SLE,-1.72248912,0.1893069845,-0.75714058,0.01894571,-1.7192584500000017,0.3106419199999997,0.28220071000000013,0.0877111725,0.19449054000000032
"2,3-dihydropyran",348.15,-25.84082069,-27.76834984,891.42,84.1169,REF,-2.12785382,0.0832065616,-1.12621749,-1.927529149999998,-25.84082069,-27.57884203,891.42,84.1169,SLE,-1.77781535,0.1701986428,-0.80370268,0.01667956,-1.7380213399999995,0.3500384699999999,0.32251480999999993,0.08699208119999999,0.1895078099999985
"2,3-dihydropyran",343.15,-26.1943995,-28.12992088,896.21,84.1169,REF,-2.2290232,0.0669779342,-1.2202883,-1.9355213800000008,-26.1943995,-27.9485732,896.21,84.1169,SLE,-1.83641596,0.1517048468,-0.85389767,0.01457418,-1.754173699999999,0.3926072399999998,0.36639062999999994,0.08472691259999998,0.1813476800000018
"2,3-dihydropyran",338.15,-26.55049287,-28.48837127,901.03,84.1169,REF,-2.33682645,0.0529704579,-1.32171635,-1.937878399999999,-26.55049287,-28.31801552,901.03,84.1169,SLE,-1.89856082,0.1339639789,-0.90801742,0.01263104,-1.76752265,0.4382656300000003,0.41369893,0.08099352100000001,0.1703557499999988
"2,3-dihydropyran",333.15,-26.90906493,-28.84396624,905.89,84.1169,REF,-2.45136475,0.0411542951,-1.43055941,-1.9349013100000008,-26.90906493,-28.68693633,905.89,84.1169,SLE,-1.96453855,0.1171111019,-0.96636984,0.01085079,-1.7778714000000022,0.4868262000000001,0.46418957000000005,0.0759568068,0.15702990999999855
"2,3-dihydropyran",328.15,-27.27008015,-29.19714432,910.78,84.1169,REF,-2.57263023,0.0314168379,-1.54675061,-1.9270641700000013,-27.27008015,-29.05515509,910.78,84.1169,SLE,-2.03462089,0.1012802079,-1.02924461,0.00923377,-1.7850749400000012,0.5380093400000003,0.517506,0.06986337000000001,0.14198923000000008
"2,3-dihydropyran",323.15,-27.63350359,-29.54845338,915.7,84.1169,REF,-2.700541,0.0235752583,-1.67013693,-1.9149497900000014,-27.63350359,-29.4225233,915.7,84.1169,SLE,-2.10907518,0.0865912399,-1.09692237,0.00777902,-1.7890197100000016,0.5914658199999998,0.57321456,0.0630159816,0.12593007999999983
"2,3-dihydropyran",318.15,-27.99930125,-29.89850088,920.66,84.1169,REF,-2.83496974,0.0173994355,-1.80051332,-1.8991996300000018,-27.99930125,-29.78893904,920.66,84.1169,SLE,-2.18815416,0.0731435199,-1.16966343,0.00648404,-1.7896377900000005,0.6468155800000002,0.6308498900000001,0.05574408439999999,0.10956184000000135
"2,3-dihydropyran",313.15,-28.36744033,-30.24790337,925.66,84.1169,REF,-2.97577548,0.0126372643,-1.93766031,-1.8804630399999986,-28.36744033,-30.15437937,925.66,84.1169,SLE,-2.2720725,0.0610109545,-1.24768374,0.00534475,-1.78693904,0.7037029799999996,0.68997657,0.0483736902,0.09352399999999861
"2,3-dihydropyran",308.15,-28.73788959,-30.59724311,930.69,84.1169,REF,-3.12283354,0.0090374004,-2.08137872,-1.859353519999999,-28.73788959,-30.51888287,930.69,84.1169,SLE,-2.36101629,0.050232945,-1.33116249,0.00435496,-1.780993279999997,0.76181725,0.7502162299999999,0.0411955446,0.07836024000000208
"2,3-dihydropyran",303.15,-29.11061966,-30.94703839,935.76,84.1169,REF,-3.27605846,0.0063663463,-2.23151609,-1.8364187299999983,-29.11061966,-30.88256448,935.76,84.1169,SLE,-2.45513022,0.0408123172,-1.42022941,0.00350647,-1.771944819999998,0.8209282399999998,0.81128668,0.034445970900000004,0.06447391000000025
"2,3-dihydropyran",298.15,-29.48560345,-31.29772672,940.86,84.1169,REF,-3.43541995,0.0044188419,-2.38798444,-1.8121232700000007,-29.48560345,-31.24560595,940.86,84.1169,SLE,-2.55452141,0.0327143816,-1.51496869,0.00278919,-1.7600025000000024,0.88089854,0.87301575,0.028295539700000004,0.05212076999999837
dimethylformamide,403.15,-22.12730948,-23.74597728,801.05,73.0941,REF,-1.30038992,0.423139865,-0.41036093,-1.6186678000000008,-22.12730948,-23.64388477,801.05,73.0941,SLE,-1.25287148,0.4515603595,-0.37724592,0.05586355,-1.5165752899999987,0.04751843999999994,0.03311501,0.028420494500000004,0.10209251000000208
dimethylformamide,398.15,-22.45099291,-24.14487322,805.29,73.0941,REF,-1.34029513,0.3997758283,-0.43678983,-1.6938803100000008,-22.45099291,-24.01505979,805.29,73.0941,SLE,-1.27958847,0.4355086615,-0.39352623,0.0525305,-1.5640668799999986,0.06070665999999991,0.04326360000000001,0.03573283319999998,0.12981343000000223
dimethylformamide,393.15,-22.77754467,-24.54722339,809.57,73.0941,REF,-1.38088967,0.3765697127,-0.46444847,-1.7696787199999982,-22.77754467,-24.38979445,809.57,73.0941,SLE,-1.30660101,0.4194706304,-0.41035523,0.04936271,-1.612249779999999,0.0742886599999999,0.05409323999999999,0.042900917699999985,0.15742893999999907
dimethylformamide,388.15,-23.10693885,-24.9530203,813.88,73.0941,REF,-1.42218979,0.3536208851,-0.49335392,-1.8460814499999998,-23.10693885,-24.76804298,813.88,73.0941,SLE,-1.33393172,0.4034669117,-0.42775145,0.04635198,-1.6611041300000018,0.08825806999999997,0.06560247000000002,0.04984602659999998,0.184977319999998
dimethylformamide,383.15,-23.4391479,-25.36200527,818.22,73.0941,REF,-1.46435496,0.3309523891,-0.52363233,-1.9228573700000027,-23.4391479,-25.14978953,818.22,73.0941,SLE,-1.36158639,0.3875288593,-0.44572139,0.04349242,-1.7106416300000014,0.10276857000000006,0.07791093999999998,0.05657647019999995,0.21221574000000132
dimethylformamide,378.15,-23.77414272,-25.77410251,822.59,73.0941,REF,-1.50744648,0.3086464799,-0.55533871,-1.9999597899999983,-23.77414272,-25.53499908,822.59,73.0941,SLE,-1.38958128,0.3716822543,-0.4642789,0.04077732,-1.7608563599999982,0.1178652,0.09105981000000002,0.06303577440000002,0.23910343000000012
dimethylformamide,373.15,-24.11189277,-26.18912275,826.99,73.0941,REF,-1.55159454,0.2867531829,-0.58858387,-2.0772299799999985,-24.11189277,-25.92364555,826.99,73.0941,SLE,-1.41792748,0.3559562927,-0.48343387,0.03820081,-1.811752779999999,0.13366706000000006,0.10515000000000002,0.0692031098,0.2654771999999994
dimethylformamide,368.15,-24.45236622,-26.60685987,831.43,73.0941,REF,-1.59694565,0.2653213972,-0.62349595,-2.1544936500000027,-24.45236622,-26.31566532,831.43,73.0941,SLE,-1.44665816,0.3403684374,-0.50321298,0.03575542,-1.8632991000000025,0.1502874900000002,0.12028296999999999,0.07504704020000003,0.29119455000000016
dimethylformamide,363.15,-24.79553009,-27.02716041,835.9,73.0941,REF,-1.64362202,0.2444179565,-0.66018681,-2.2316303200000007,-24.79553009,-26.71105096,835.9,73.0941,SLE,-1.47577384,0.324954331,-0.52361805,0.03343691,-1.9155208700000017,0.16784818,0.13656876000000007,0.08053637449999998,0.316109449999999
dimethylformamide,358.15,-25.14135041,-27.44983276,840.4,73.0941,REF,-1.69177535,0.2241015107,-0.69879554,-2.3084823499999985,-25.14135041,-27.10972655,840.4,73.0941,SLE,-1.50531625,0.3097278443,-0.54468282,0.03123804,-1.9683761400000002,0.1864591,0.15411271999999998,0.08562633359999999,0.3401062099999983
dimethylformamide,353.15,-25.4897924,-27.87460983,844.94,73.0941,REF,-1.74161213,0.2044152799,-0.73951182,-2.384817430000002,-25.4897924,-27.51166848,844.94,73.0941,SLE,-1.5352966,0.294719231,-0.56641747,0.02915435,-2.021876080000002,0.20631553000000014,0.17309435000000006,0.09030395110000003,0.36294134999999983
dimethylformamide,348.15,-25.84082069,-28.30125305,849.51,73.0941,REF,-1.79333243,0.1854145762,-0.78252461,-2.4604323599999987,-25.84082069,-27.91681464,849.51,73.0941,SLE,-1.56575055,0.2799464535,-0.58885171,0.02718,-2.0759939499999973,0.22758188000000001,0.19367289999999993,0.09453187730000004,0.38443841000000134
dimethylformamide,343.15,-26.1943995,-28.72953899,854.12,73.0941,REF,-1.84713813,0.1671612055,-0.82802798,-2.5351394900000024,-26.1943995,-28.32511382,854.12,73.0941,SLE,-1.59670863,0.2654305557,-0.61201164,0.02530995,-2.130714319999999,0.2504295000000001,0.21601634000000003,0.09826935020000002,0.4044251700000032
dimethylformamide,338.15,-26.55049287,-29.15916624,858.76,73.0941,REF,-1.90329326,0.1497031248,-0.87627478,-2.6086733700000018,-26.55049287,-28.73651974,858.76,73.0941,SLE,-1.62819989,0.2511934694,-0.63592245,0.02353966,-2.186026869999999,0.27509337,0.24035233,0.10149034459999998,0.4226465000000026
dimethylformamide,333.15,-26.90906493,-29.58987656,863.43,73.0941,REF,-1.96204951,0.1331000631,-0.92751055,-2.680811630000001,-26.90906493,-29.15096033,863.43,73.0941,SLE,-1.66027207,0.23724911,-0.66062535,0.02186391,-2.2418954000000006,0.30177743999999995,0.26688520000000004,0.10414904690000001,0.43891623000000024
dimethylformamide,328.15,-27.27008015,-30.0213365,868.14,73.0941,REF,-2.02372416,0.1173991751,-0.98204381,-2.751256350000002,-27.27008015,-29.56839576,868.14,73.0941,SLE,-1.69295461,0.2236199487,-0.68614673,0.02027895,-2.298315610000003,0.3307695500000001,0.2958970799999999,0.10622077359999998,0.45294073999999895
dimethylformamide,323.15,-27.63350359,-30.45321062,872.89,73.0941,REF,-2.08865594,0.1026490952,-1.04020634,-2.81970703,-27.63350359,-29.98875556,872.89,73.0941,SLE,-1.72629986,0.2103190902,-0.71253287,0.0187802,-2.355251970000001,0.3623560800000003,0.3276734699999999,0.107669995,0.4644550599999988
dimethylformamide,318.15,-27.99930125,-30.88524695,877.67,73.0941,REF,-2.15714811,0.0889082736,-1.10229881,-2.8859457000000006,-27.99930125,-30.41198261,877.67,73.0941,SLE,-1.76035496,0.197362616,-0.73982629,0.01736381,-2.4126813600000006,0.39679315000000015,0.36247251999999996,0.10845434239999999,0.47326434000000006
dimethylformamide,313.15,-28.36744033,-31.31710513,882.48,73.0941,REF,-2.22958587,0.0762158314,-1.16869948,-2.9496648000000008,-28.36744033,-30.8380197,882.48,73.0941,SLE,-1.79517095,0.1847656322,-0.76807351,0.01602614,-2.4705793699999994,0.43441492000000026,0.4006259699999999,0.1085498008,0.47908543000000137
dimethylformamide,308.15,-28.73788959,-31.7485248,887.34,73.0941,REF,-2.30632379,0.0646117938,-1.2397578,-3.0106352099999967,-28.73788959,-31.26680097,887.34,73.0941,SLE,-1.83080943,0.1725401757,-0.79733096,0.01476354,-2.5289113799999967,0.47551436,0.44242684,0.1079283819,0.48172382999999996
dimethylformamide,303.15,-29.11061966,-32.1792513,892.23,73.0941,REF,-2.38773706,0.05412195,-1.31584151,-3.068631639999996,-29.11061966,-31.69825265,892.23,73.0941,SLE,-1.86734311,0.1606957301,-0.82766579,0.01357241,-2.5876329899999995,0.5203939500000001,0.4881757200000001,0.10657378009999999,0.48099864999999653
dimethylformamide,298.15,-29.48560345,-32.60909863,897.15,73.0941,REF,-2.47417735,0.0447598264,-1.39729313,-3.123495179999999,-29.48560345,-32.13232468,897.15,73.0941,SLE,-1.90483386,0.149246446,-0.85913632,0.01244991,-2.6467212300000043,0.5693434900000001,0.53815681,0.1044866196,0.4767739499999948
dimethylsulfoxide,403.15,-22.12730948,-22.91579066,1019.31,78.1342,REF,-1.7504298,0.1905750747,-0.70583548,-0.788481179999998,-22.12730948,-22.83514394,1019.31,78.1342,SLE,-1.6910955,0.2129885742,-0.6559703,0.02036594,-0.7078344599999973,0.05933429999999995,0.04986517999999995,0.02241349949999999,0.08064672000000073
dimethylsulfoxide,398.15,-22.45099291,-23.30226004,1024.43,78.1342,REF,-1.80280763,0.1723682669,-0.74856869,-0.8512671300000001,-22.45099291,-23.19984057,1024.43,78.1342,SLE,-1.7268702,0.1992447993,-0.68375889,0.01875555,-0.7488476599999991,0.07593742999999997,0.06480980000000003,0.026876532399999986,0.10241947000000096
dimethylsulfoxide,393.15,-22.77754467,-23.69254611,1029.56,78.1342,REF,-1.85599054,0.1553508199,-0.79275069,-0.9150014399999975,-22.77754467,-23.56880722,1029.56,78.1342,SLE,-1.76277613,0.1861515418,-0.71205245,0.01726728,-0.791262549999999,0.09321441000000008,0.08069824000000003,0.030800721899999994,0.12373888999999849
dimethylsulfoxide,388.15,-23.10693885,-24.08630668,1034.7,78.1342,REF,-1.91018772,0.1394716386,-0.83853498,-0.979367830000001,-23.10693885,-23.94192291,1034.7,78.1342,SLE,-1.79887188,0.1736858306,-0.74088394,0.01589015,-0.83498406,0.11131583999999983,0.09765104000000002,0.034214192000000004,0.14438377000000102
dimethylsulfoxide,383.15,-23.4391479,-24.4831688,1039.86,78.1342,REF,-1.9656359,0.1246787363,-0.88610814,-1.0440209000000031,-23.4391479,-24.31908175,1039.86,78.1342,SLE,-1.83520954,0.1618275365,-0.77028304,0.01461472,-0.8799338500000005,0.13042636000000019,0.11582510000000001,0.03714880020000001,0.16408705000000268
dimethylsulfoxide,378.15,-23.77414272,-24.88284423,1045.04,78.1342,REF,-2.02253446,0.1109368515,-0.9356307,-1.1087015099999995,-23.77414272,-24.70018222,1045.04,78.1342,SLE,-1.87184055,0.1505571805,-0.80028086,0.01343258,-0.9260394999999981,0.1506939100000002,0.13534984000000005,0.039620328999999996,0.18266201000000137
dimethylsulfoxide,373.15,-24.11189277,-25.2850311,1050.22,78.1342,REF,-2.08110063,0.0982103901,-0.98728477,-1.1731383300000005,-24.11189277,-25.08511583,1050.22,78.1342,SLE,-1.90882235,0.1398541097,-0.83091556,0.01233609,-0.9732230599999987,0.17227828,0.15636921000000004,0.041643719600000004,0.19991527000000175
dimethylsulfoxide,368.15,-24.45236622,-25.68941155,1055.43,78.1342,REF,-2.14157213,0.0864638258,-1.04127635,-1.2370453300000008,-24.45236622,-25.47377947,1055.43,78.1342,SLE,-1.94621152,0.1296988883,-0.86222636,0.01131849,-1.021413250000002,0.19536061000000005,0.17904999,0.043235062500000004,0.2156320799999989
dimethylsulfoxide,363.15,-24.79553009,-26.09570332,1060.64,78.1342,REF,-2.20417769,0.0756672234,-1.09780736,-1.3001732299999986,-24.79553009,-25.86609382,1060.64,78.1342,SLE,-1.98405277,0.1200759354,-0.89424332,0.01037402,-1.07056373,0.22012491999999995,0.20356404000000006,0.044408712,0.2296094999999987
dimethylsulfoxide,358.15,-25.14135041,-26.50363897,1065.87,78.1342,REF,-2.26914916,0.0657918813,-1.15708567,-1.3622885599999996,-25.14135041,-26.26196255,1065.87,78.1342,SLE,-2.02240309,0.1109669765,-0.92700875,0.00949723,-1.1206121399999986,0.24674606999999993,0.23007692000000002,0.0451750952,0.241676420000001
dimethylsulfoxide,353.15,-25.4897924,-26.91296598,1071.12,78.1342,REF,-2.33672177,0.0568090178,-1.21932465,-1.4231735800000003,-25.4897924,-26.66130587,1071.12,78.1342,SLE,-2.06131196,0.1023562369,-0.96055939,0.00868336,-1.1715134700000007,0.2754098100000002,0.2587652599999999,0.045547219099999994,0.25166010999999955
dimethylsulfoxide,348.15,-25.84082069,-27.3234844,1076.37,78.1342,REF,-2.40711091,0.0486910921,-1.28472008,-1.4826637100000006,-25.84082069,-27.06403797,1076.37,78.1342,SLE,-2.10083507,0.0942270777,-0.9949387,0.00792802,-1.22321728,0.3062758400000001,0.2897813800000001,0.045535985599999995,0.25944643000000056
dimethylsulfoxide,343.15,-26.1943995,-27.73502152,1081.64,78.1342,REF,-2.4805269,0.0414076357,-1.35346326,-1.5406220200000007,-26.1943995,-27.47010005,1081.64,78.1342,SLE,-2.14101395,0.0865661382,-1.03017791,0.00722747,-1.2757005499999998,0.33951295000000004,0.32328535000000014,0.0451585025,0.2649214700000009
dimethylsulfoxide,338.15,-26.55049287,-28.14742514,1086.92,78.1342,REF,-2.55717912,0.0349238967,-1.4257445,-1.59693227,-26.55049287,-27.87940922,1086.92,78.1342,SLE,-2.18190803,0.0793568055,-1.06632562,0.00657797,-1.32891635,0.3752710899999996,0.35941888,0.044432908800000004,0.26801591999999985
dimethylsulfoxide,333.15,-26.90906493,-28.56063998,1092.21,78.1342,REF,-2.63722604,0.0292037833,-1.50170403,-1.6515750500000017,-26.90906493,-28.29191195,1092.21,78.1342,SLE,-2.22356109,0.0725856342,-1.10341657,0.00597639,-1.3828470199999998,0.4136649499999998,0.3982874599999999,0.0433818509,0.2687280300000019
dimethylsulfoxide,328.15,-27.27008015,-28.97464807,1097.52,78.1342,REF,-2.72081113,0.0242052062,-1.58146617,-1.7045679200000023,-27.27008015,-28.70756088,1097.52,78.1342,SLE,-2.26601569,0.0662391581,-1.14148475,0.00541981,-1.4374807300000008,0.45479543999999983,0.43998141999999985,0.042033951900000005,0.2670871900000016
dimethylsulfoxide,323.15,-27.63350359,-29.38948858,1102.83,78.1342,REF,-2.8080485,0.0198811311,-1.66512521,-1.7559849899999982,-27.63350359,-29.12631407,1102.83,78.1342,SLE,-2.30931382,0.0603037087,-1.180564,0.00490553,-1.4928104799999993,0.4987346800000001,0.4845612100000001,0.040422577599999995,0.2631745099999989
dimethylsulfoxide,318.15,-27.99930125,-29.8052918,1108.15,78.1342,REF,-2.89899749,0.0161808297,-1.75272029,-1.8059905500000006,-27.99930125,-29.54813439,1108.15,78.1342,SLE,-2.35349739,0.0547653098,-1.22068838,0.00443101,-1.5488331400000028,0.5455001000000004,0.5320319100000002,0.0385844801,0.2571574099999978
dimethylsulfoxide,313.15,-28.36744033,-30.2222307,1113.48,78.1342,REF,-2.99369229,0.0130490472,-1.84426463,-1.85479037,-28.36744033,-29.97299712,1113.48,78.1342,SLE,-2.39860318,0.0496102276,-1.26188733,0.0039939,-1.6055567899999978,0.59508911,0.5823773000000001,0.036561180400000004,0.24923358000000206
dimethylsulfoxide,308.15,-28.73788959,-30.64053748,1118.83,78.1342,REF,-3.09212839,0.0104280964,-1.93973258,-1.9026478899999972,-28.73788959,-30.40089439,1118.83,78.1342,SLE,-2.44465954,0.0448250554,-1.30418229,0.00359203,-1.6630047999999995,0.6474688500000001,0.6355502900000001,0.034396959000000005,0.23964308999999773
dimethylsulfoxide,303.15,-29.11061966,-31.06049316,1124.18,78.1342,REF,-3.19426716,0.0082593025,-2.03906453,-1.949873499999999,-29.11061966,-30.83182577,1124.18,78.1342,SLE,-2.49169268,0.040395803,-1.34759269,0.00322335,-1.7212061099999971,0.70257448,0.6914718400000002,0.0321365005,0.2286673900000018
dimethylsulfoxide,298.15,-29.48560345,-31.4824102,1129.54,78.1342,REF,-3.30004597,0.006484567,-2.1421775,-1.996806750000001,-29.48560345,-31.26580473,1129.54,78.1342,SLE,-2.53972202,0.0363082969,-1.39213138,0.00288588,-1.78020128,0.7603239500000001,0.7500461199999999,0.029823729900000002,0.21660547000000108
diphenylether,403.15,-22.12730948,-23.04609055,978.06,170.2083,REF,-1.6797949,0.1131430542,-0.95390284,-0.9187810699999979,-22.12730948,-23.01715461,978.06,170.2083,SLE,-1.59247126,0.1354982519,-0.87369945,0.02555811,-0.8898451299999977,0.08732364000000015,0.08020338999999999,0.02235519770000001,0.028935940000000215
diphenylether,398.15,-22.45099291,-23.38302321,982.98,170.2083,REF,-1.75847652,0.095891391,-1.02504169,-0.932030300000001,-22.45099291,-23.34979087,982.98,170.2083,SLE,-1.64459782,0.1217263711,-0.91925371,0.02266742,-0.8987979599999996,0.11387870000000011,0.10578797999999989,0.025834980099999988,0.033232340000001415
diphenylether,393.15,-22.77754467,-23.72010865,987.93,170.2083,REF,-1.84066898,0.0804651312,-1.10034451,-0.9425639799999992,-22.77754467,-23.68399273,987.93,170.2083,SLE,-1.69877421,0.1087430859,-0.96717175,0.02000902,-0.9064480599999989,0.14189476999999995,0.13317276,0.028277954699999996,0.0361159200000003
diphenylether,388.15,-23.10693885,-24.05740636,992.89,170.2083,REF,-1.92645987,0.0668442821,-1.17986292,-0.9504675100000028,-23.10693885,-24.01971587,992.89,170.2083,SLE,-1.75509002,0.0965816801,-1.01754136,0.01757559,-0.91277702,0.17136985000000005,0.16232155999999986,0.029737397999999998,0.037690490000002796
diphenylether,383.15,-23.4391479,-24.39502337,997.87,170.2083,REF,-2.01591331,0.0549710259,-1.26361896,-0.9558754700000023,-23.4391479,-24.3569278,997.87,170.2083,SLE,-1.81363183,0.0852667702,-1.07044538,0.01535918,-0.9177799000000029,0.20228148000000012,0.19317358000000007,0.030295744299999997,0.03809556999999941
diphenylether,378.15,-23.77414272,-24.73310025,1002.87,170.2083,REF,-2.10907652,0.0447533562,-1.35161278,-0.9589575299999993,-23.77414272,-24.69561077,1002.87,170.2083,SLE,-1.8744814,0.0748135523,-1.12595985,0.01335115,-0.9214680499999979,0.23459511999999982,0.22565292999999986,0.030060196100000006,0.03748948000000141
diphenylether,373.15,-24.11189277,-25.07181045,1007.89,170.2083,REF,-2.20597915,0.0360721153,-1.44382367,-0.9599176800000002,-24.11189277,-25.03575724,1007.89,170.2083,SLE,-1.93771802,0.0652266568,-1.18415617,0.01154202,-0.923864469999998,0.2682611300000002,0.25966749999999994,0.029154541500000006,0.03605321000000217
diphenylether,368.15,-24.45236622,-25.41134328,1012.92,170.2083,REF,-2.30664229,0.028788269,-1.54022069,-0.9589770600000023,-24.45236622,-25.37736887,1012.92,170.2083,SLE,-2.00341908,0.0564999765,-1.24510165,0.00992158,-0.9250026500000033,0.3032232100000001,0.2951190399999999,0.027711707500000002,0.03397440999999901
diphenylether,363.15,-24.79553009,-25.75189772,1017.98,170.2083,REF,-2.41108167,0.0227513469,-1.64076765,-0.956367629999999,-24.79553009,-25.72046536,1017.98,170.2083,SLE,-2.0716547,0.0486176009,-1.30885456,0.00847901,-0.9249352699999989,0.3394269700000003,0.33191309,0.025866254,0.03143236000000016
diphenylether,358.15,-25.14135041,-26.09366834,1023.05,170.2083,REF,-2.519316,0.0178070286,-1.74543298,-0.9523179299999995,-25.14135041,-26.06506982,1023.05,170.2083,SLE,-2.14249623,0.0415533654,-1.37547242,0.00720284,-0.9237194100000004,0.37681977,0.36996056,0.0237463368,0.028598519999999183
diphenylether,353.15,-25.4897924,-26.43683839,1028.14,170.2083,REF,-2.63137153,0.0138039324,-1.85419564,-0.9470459899999994,-25.4897924,-26.41121775,1028.14,170.2083,SLE,-2.21601089,0.0352726288,-1.44500725,0.0060812,-0.9214253499999998,0.41536063999999984,0.40918838999999996,0.021468696399999997,0.02562063999999964
diphenylether,348.15,-25.84082069,-26.78157485,1033.25,170.2083,REF,-2.74728588,0.0105988656,-1.96704982,-0.9407541599999973,-25.84082069,-26.75894973,1033.25,170.2083,SLE,-2.29226619,0.0297331843,-1.51751011,0.00510192,-0.9181290400000002,0.4550196900000003,0.44953971000000004,0.0191343187,0.022625119999997167
diphenylether,343.15,-26.1943995,-27.12802295,1038.38,170.2083,REF,-2.86711244,0.0080604254,-2.08400998,-0.9336234499999989,-26.1943995,-27.10831187,1038.38,170.2083,SLE,-2.37132982,0.0248869159,-1.59303144,0.00425275,-0.913912370000002,0.49578261999999995,0.49097853999999974,0.0168264905,0.019711079999996883
diphenylether,338.15,-26.55049287,-27.47630606,1043.52,170.2083,REF,-2.99092179,0.0060711676,-2.20511245,-0.9258131899999995,-26.55049287,-27.45935279,1043.52,170.2083,SLE,-2.45327171,0.0206813746,-1.67162348,0.0035215,-0.9088599200000012,0.5376500799999997,0.5334889700000001,0.014610207,0.016953269999998355
diphenylether,333.15,-26.90906493,-27.82652517,1048.68,170.2083,REF,-3.11880346,0.0045284637,-2.33041725,-0.9174602400000005,-26.90906493,-27.81212134,1048.68,170.2083,SLE,-2.53816593,0.0170614181,-1.75334247,0.00289624,-0.9030564100000014,0.5806375300000002,0.57707478,0.0125329544,0.014403829999999118
diphenylether,328.15,-27.27008015,-28.17876011,1053.86,170.2083,REF,-3.25086678,0.0033443919,-2.46000863,-0.9086799600000006,-27.27008015,-28.16666485,1053.86,170.2083,SLE,-2.62609226,0.0139707927,-1.83825067,0.00236542,-0.8965847000000018,0.6247745199999999,0.6217579599999998,0.0106264008,0.01209525999999883
diphenylether,323.15,-27.63350359,-28.53307161,1059.05,170.2083,REF,-3.38724116,0.0024449435,-2.59399506,-0.8995680200000002,-27.63350359,-28.52303028,1059.05,170.2083,SLE,-2.71713612,0.011353603,-1.92641649,0.00191807,-0.8895266900000003,0.6701050399999997,0.6675785700000001,0.0089086595,0.01004132999999996
diphenylether,318.15,-27.99930125,-28.88950354,1064.26,170.2083,REF,-3.52807635,0.0017687994,-2.73250906,-0.8902022900000013,-27.99930125,-28.88125979,1064.26,170.2083,SLE,-2.81139219,0.0091554431,-2.01791844,0.00154386,-0.881958540000003,0.7166841600000002,0.7145906200000001,0.007386643700000001,0.008243749999998329
diphenylether,313.15,-28.36744033,-29.24808591,1069.48,170.2083,REF,-3.67354219,0.0012658867,-2.87570644,-0.8806455799999995,-28.36744033,-29.24139171,1069.48,170.2083,SLE,-2.90896475,0.0073244246,-2.11284559,0.0012332,-0.8739513799999976,0.76457744,0.76286085,0.0060585379,0.006694200000001871
diphenylether,308.15,-28.73788959,-29.60883717,1074.72,170.2083,REF,-3.82382886,0.000895864,-3.02376614,-0.8709475799999993,-28.73788959,-29.60346004,1074.72,170.2083,SLE,-3.00996899,0.0058119148,-2.21129907,0.00097731,-0.8655704499999999,0.8138598699999999,0.8124670700000003,0.0049160508,0.005377129999999397
diphenylether,303.15,-29.11061966,-29.97176677,1079.98,170.2083,REF,-3.9791469,0.0006266448,-3.17688977,-0.8611471099999974,-29.11061966,-29.96749406,1079.98,170.2083,SLE,-3.11453247,0.0045730474,-2.31339361,0.00076819,-0.8568743999999988,0.86461443,0.86349616,0.0039464026,0.004272709999998625
diphenylether,298.15,-29.48560345,-30.33687754,1085.25,170.2083,REF,-4.13972752,0.0004330229,-3.33530158,-0.8512740900000004,-29.48560345,-30.33351928,1085.25,170.2083,SLE,-3.22279572,0.0035670359,-2.41925817,0.00059869,-0.8479158300000016,0.9169318,0.9160434099999999,0.0031340129999999997,0.003358259999998836
dodecane,403.15,-22.12730948,-19.23889404,659.52,170.336,REF,-3.74365653,0.001076523,-3.15591159,2.8884154399999993,-22.12730948,-19.24010561,659.52,170.336,SLE,-3.6391017,0.0013692168,-3.05140491,0.00022956,2.8872038700000004,0.1045548300000001,0.10450668000000007,0.00029269379999999996,-0.0012115699999988294
dodecane,398.15,-22.45099291,-19.53084864,663.1,170.336,REF,-3.87294486,0.0007995308,-3.28280475,2.9201442700000015,-22.45099291,-19.53205667,663.1,170.336,SLE,-3.73925252,0.0010874852,-3.14915981,0.00018228,2.9189362400000007,0.13369234000000008,0.13364493999999993,0.0002879544000000001,-0.0012080300000008037
dodecane,393.15,-22.77754467,-19.82549876,666.71,170.336,REF,-4.00561777,0.000589167,-3.41308577,2.9520459100000025,-22.77754467,-19.82664221,666.71,170.336,SLE,-3.84208079,0.0008583769,-3.24959315,0.00014385,2.950902460000002,0.16353697999999994,0.16349261999999998,0.00026920989999999994,-0.001143450000000712
dodecane,388.15,-23.10693885,-20.12275119,670.35,170.336,REF,-4.14184396,0.0004305956,-3.54692089,2.98418766,-23.10693885,-20.12379372,670.35,170.336,SLE,-3.94771396,0.00067315,-3.35283089,0.00011279,2.9831451300000005,0.1941299999999999,0.1940900000000001,0.00024255439999999994,-0.0010425299999994309
dodecane,383.15,-23.4391479,-20.42252153,674.02,170.336,REF,-4.28179496,0.0003120049,-3.68447963,3.0166263699999973,-23.4391479,-20.42344479,674.02,170.336,SLE,-4.05628401,0.000524319,-3.45900373,8.784e-05,3.015703109999997,0.22551095000000032,0.22547589999999973,0.0002123141,-0.0009232600000004254
dodecane,378.15,-23.77414272,-20.72473237,677.73,170.336,REF,-4.42564645,0.0002240484,-3.8259361,3.0494103499999987,-23.77414272,-20.72553052,677.73,170.336,SLE,-4.16792811,0.0004055034,-3.56824775,6.793e-05,3.048612200000001,0.25771834000000027,0.25768835,0.00018145500000000002,-0.0007981499999978325
dodecane,373.15,-24.11189277,-21.02931169,681.46,170.336,REF,-4.5735795,0.0001593794,-3.97147012,3.0825810800000006,-24.11189277,-21.02998757,681.46,170.336,SLE,-4.28278904,0.0003112918,-3.68070481,5.214e-05,3.0819052000000013,0.2907904600000002,0.2907653100000003,0.0001519124,-0.0006758799999992959
dodecane,368.15,-24.45236622,-21.33619171,685.23,170.336,REF,-4.72578176,0.0001122657,-4.12126835,3.116174509999997,-24.45236622,-21.33675359,685.23,170.336,SLE,-4.40101599,0.0002371196,-3.79652326,3.972e-05,3.1156126299999976,0.32476576999999995,0.3247450900000004,0.0001248539,-0.0005618799999993485
dodecane,363.15,-24.79553009,-21.64530782,689.04,170.336,REF,-4.88244861,7.82695e-05,-4.27552536,3.1502222700000004,-24.79553009,-21.64576708,689.04,170.336,SLE,-4.52276514,0.0001791593,-3.91585864,3.001e-05,3.149763010000001,0.3596834700000002,0.35966671999999944,0.00010088979999999999,-0.0004592599999995173
dodecane,358.15,-25.14135041,-21.95659782,692.87,170.336,REF,-5.04378426,5.39841e-05,-4.43444476,3.184752590000002,-25.14135041,-21.95696727,692.87,170.336,SLE,-4.64820039,0.000134221,-4.03887424,2.248e-05,3.1843831400000013,0.3955838699999994,0.3955705199999997,8.023689999999999e-05,-0.0003694500000008816
dodecane,353.15,-25.4897924,-22.27000119,696.75,170.336,REF,-5.21000294,3.68174e-05,-4.5982403,3.2197912100000003,-25.4897924,-22.27029394,696.75,170.336,SLE,-4.77749403,9.96642e-05,-4.16574186,1.669e-05,3.2194984600000005,0.43250891000000014,0.4324984399999998,6.28468e-05,-0.00029274999999984175
dodecane,348.15,-25.84082069,-22.58545871,700.65,170.336,REF,-5.38133001,2.48159e-05,-4.76713696,3.25536198,-25.84082069,-22.58568729,700.65,170.336,SLE,-4.91082764,7.33188e-05,-4.29664268,1.228e-05,3.255133400000002,0.47050237000000017,0.4704942800000005,4.850289999999999e-05,-0.00022857999999814638
dodecane,343.15,-26.1943995,-22.902912,704.6,170.336,REF,-5.55800316,1.65219e-05,-4.94137212,3.291487499999999,-26.1943995,-22.90308793,704.6,170.336,SLE,-5.04839285,5.34142e-05,-4.43176798,8.95e-06,3.2913115699999977,0.5096103100000002,0.5096041399999995,3.6892300000000006e-05,-0.00017593000000104553
dodecane,338.15,-26.55049287,-23.2223033,708.57,170.336,REF,-5.74027363,1.0859e-05,-5.12119678,3.3281895699999993,-26.55049287,-23.22243677,708.57,170.336,SLE,-5.19039233,3.85179e-05,-4.57132011,6.45e-06,3.3280560999999977,0.5498813,0.5498766699999997,2.76589e-05,-0.0001334700000015232
dodecane,333.15,-26.90906493,-23.5435753,712.59,170.336,REF,-5.92840751,7.041403e-06,-5.30687684,3.365489629999999,-26.90906493,-23.54367512,712.59,170.336,SLE,-5.33704071,2.74801e-05,-4.71551347,4.6e-06,3.36538981,0.5913668000000003,0.5913633699999998,2.0438697000000003e-05,-9.981999999908453e-05
dodecane,328.15,-27.27008015,-23.86667107,716.64,170.336,REF,-6.12268706,4.501742e-06,-5.49869442,3.4034090799999994,-27.27008015,-23.86674464,716.64,170.336,SLE,-5.48856567,1.93864e-05,-4.86457553,3.25e-06,3.403335509999998,0.6341213899999998,0.6341188899999999,1.4884658000000002e-05,-7.357000000141056e-05
dodecane,323.15,-27.63350359,-24.19153404,720.73,170.336,REF,-6.32341219,2.835672e-06,-5.69694927,3.4419695499999996,-27.63350359,-24.19158748,720.73,170.336,SLE,-5.64520909,1.35162e-05,-5.01874798,2.26e-06,3.441916110000001,0.6782031000000002,0.6782012900000005,1.0680528e-05,-5.3439999998516896e-05
dodecane,318.15,-27.99930125,-24.51810808,724.85,170.336,REF,-6.53090199,1.758598e-06,-5.90196039,3.4811931699999974,-27.99930125,-24.51814631,724.85,170.336,SLE,-5.80722832,9.307597e-06,-5.178288,1.56e-06,3.4811549399999997,0.7236736700000002,0.7236723899999999,7.548999000000001e-06,-3.8229999997696495e-05
dodecane,313.15,-28.36744033,-24.84633758,729.01,170.336,REF,-6.74549641,1.072933e-06,-6.11406762,3.5211027500000007,-28.36744033,-24.84636453,729.01,170.336,SLE,-5.97489748,6.326587e-06,-5.34346959,1.06e-06,3.521075800000002,0.7705989300000002,0.7705980300000004,5.253654e-06,-2.6949999998748808e-05
dodecane,308.15,-28.73788959,-25.17616764,733.21,170.336,REF,-6.96755806,6.434443e-07,-6.33363349,3.5617219500000026,-28.73788959,-25.17618634,733.21,170.336,SLE,-6.14850902,4.241883e-06,-5.51458506,7.1e-07,3.5617032500000008,0.8190490400000003,0.8190484300000005,3.5984387000000003e-06,-1.8700000001814487e-05
dodecane,303.15,-29.11061966,-25.50754421,737.45,170.336,REF,-7.19747422,3.789613e-07,-6.5610452,3.603075450000002,-29.11061966,-25.50755699,737.45,170.336,SLE,-6.32837527,2.803451e-06,-5.69194666,4.7e-07,3.60306267,0.8690989499999997,0.8690985399999995,2.4244897e-06,-1.2780000002265979e-05
dodecane,298.15,-29.48560345,-25.84041437,741.73,170.336,REF,-7.43565899,2.189829e-07,-6.79671676,3.645189079999998,-29.48560345,-25.84042298,741.73,170.336,SLE,-6.51483028,1.824897e-06,-5.87588833,3.1e-07,3.6451804699999997,0.9208287100000003,0.9208284299999994,1.6059141e-06,-8.609999998299145e-06
ethanol,403.15,-22.12730948,-21.15346117,684.85,46.0687,REF,-2.70577955,0.0417379049,-1.54332423,0.973848310000001,-22.12730948,-21.15989397,684.85,46.0687,SLE,-2.59884586,0.0528031159,-1.43906901,0.00251857,0.9674155100000021,0.10693368999999997,0.10425521999999998,0.011065211000000005,-0.006432799999998906
ethanol,398.15,-22.45099291,-21.32195063,688.59,46.0687,REF,-2.88980446,0.0277028601,-1.72165126,1.1290422800000002,-22.45099291,-21.32846767,688.59,46.0687,SLE,-2.75362582,0.0375399263,-1.58780629,0.00176349,1.1225252400000016,0.13617864000000024,0.13384496999999995,0.009837066199999998,-0.006517039999998531
ethanol,393.15,-22.77754467,-21.49457466,692.36,46.0687,REF,-3.07780627,0.0181375064,-1.90504314,1.2829700099999997,-22.77754467,-21.5007081,692.36,46.0687,SLE,-2.9118992,0.0263633133,-1.74106071,0.0012249,1.2768365700000004,0.16590706999999982,0.16398243000000012,0.0082258069,-0.006133439999999268
ethanol,388.15,-23.10693885,-21.67168227,696.18,46.0687,REF,-3.26972757,0.0117314263,-2.09309896,1.4352565799999972,-23.10693885,-21.67714716,696.18,46.0687,SLE,-3.07348706,0.0183156201,-1.89838484,0.00084433,1.4297916899999983,0.19624050999999998,0.19471411999999977,0.006584193799999999,-0.005464889999998945
ethanol,383.15,-23.4391479,-21.85349402,700.02,46.0687,REF,-3.46558029,0.0075035594,-2.28558703,1.5856538799999988,-23.4391479,-21.85815789,700.02,46.0687,SLE,-3.23829078,0.0126015105,-2.05947234,0.00057771,1.5809900099999972,0.2272895100000003,0.22611468999999973,0.0050979510999999995,-0.00466387000000168
ethanol,378.15,-23.77414272,-22.04017784,703.91,46.0687,REF,-3.66540649,0.0047488669,-2.48238023,1.733964880000002,-23.77414272,-22.04401989,703.91,46.0687,SLE,-3.4062596,0.0085927644,-2.22411591,0.00039241,1.7301228299999991,0.25914689000000024,0.2582643199999999,0.0038438974999999995,-0.003842050000002928
ethanol,373.15,-24.11189277,-22.23189404,707.83,46.0687,REF,-3.86925414,0.0029749562,-2.68341086,1.8799987300000005,-24.11189277,-22.23496614,707.83,46.0687,SLE,-3.57736647,0.0058101555,-2.39217281,0.00026463,1.8769266299999998,0.29188766999999993,0.29123805,0.0028351992999999997,-0.003072100000000688
ethanol,368.15,-24.45236622,-22.42881848,711.79,46.0687,REF,-4.07716379,0.0018451872,-2.88864144,2.023547739999998,-24.45236622,-22.43121192,711.79,46.0687,SLE,-3.75159264,0.0038972514,-2.56354002,0.00017718,2.021154299999999,0.32557115000000003,0.32510141999999975,0.0020520642,-0.0023934399999987477
ethanol,363.15,-24.79553009,-22.63115069,715.78,46.0687,REF,-4.2891633,0.0011332782,-3.09804779,2.1643794000000014,-24.79553009,-22.63297316,715.78,46.0687,SLE,-3.92891722,0.0025940352,-2.73813603,0.00011778,2.162556930000001,0.36024608,0.3599117599999997,0.0014607569999999998,-0.0018224700000004646
ethanol,358.15,-25.14135041,-22.83911453,719.81,46.0687,REF,-4.50526662,0.0006893145,-3.31160952,2.3022358800000013,-25.14135041,-22.84047384,719.81,46.0687,SLE,-4.10931265,0.0017137449,-2.91589009,7.775e-05,2.30087657,0.39595397000000077,0.3957194300000002,0.0010244304,-0.0013593100000015568
ethanol,353.15,-25.4897924,-23.05295376,723.89,46.0687,REF,-4.72547571,0.0004152619,-3.52930614,2.4368386399999977,-25.4897924,-23.05394881,723.89,46.0687,SLE,-4.2927426,0.0011239865,-3.09673541,5.096e-05,2.4358435899999975,0.43273311000000003,0.4325707300000001,0.0007087246,-0.0009950500000002194
ethanol,348.15,-25.84082069,-23.2729258,728.0,46.0687,REF,-4.94978365,0.0002477899,-3.75111624,2.5678948900000016,-25.84082069,-23.27364175,728.0,46.0687,SLE,-4.47916271,0.0007319875,-3.28060635,3.318e-05,2.5671789400000016,0.4706209399999999,0.4705098900000002,0.0004841976,-0.0007159500000000207
ethanol,343.15,-26.1943995,-23.49929511,732.15,46.0687,REF,-5.17817839,0.000146464,-3.97701848,2.695104390000001,-26.1943995,-23.49980209,732.15,46.0687,SLE,-4.66852214,0.0004734253,-3.46743729,2.145e-05,2.69459741,0.5096562499999999,0.50958119,0.0003269613,-0.0005069800000008229
ethanol,338.15,-26.55049287,-23.73232682,736.34,46.0687,REF,-5.41064665,8.57606e-05,-4.20699366,2.8181660499999985,-26.55049287,-23.73268052,736.34,46.0687,SLE,-4.86076609,0.0003041429,-3.65716331,1.378e-05,2.8178123500000005,0.5498805600000001,0.5498303500000001,0.00021838230000000003,-0.00035369999999801394
ethanol,333.15,-26.90906493,-23.97228122,740.57,46.0687,REF,-5.64717754,4.97476e-05,-4.44102718,2.9367837100000003,-26.90906493,-23.97252458,740.57,46.0687,SLE,-5.05583863,0.0001941113,-3.84972152,8.79e-06,2.936540349999998,0.5913389100000002,0.5913056599999997,0.00014436370000000002,-0.00024336000000246827
ethanol,328.15,-27.27008015,-24.21940914,744.85,46.0687,REF,-5.88776604,2.85885e-05,-4.6791117,3.0506710099999985,-27.27008015,-24.21957439,744.85,46.0687,SLE,-5.25368555,0.000123093,-4.04505301,5.58e-06,3.05050576,0.6340804899999997,0.6340586899999998,9.450450000000001e-05,-0.00016524999999845136
ethanol,323.15,-27.63350359,-24.47394829,749.16,46.0687,REF,-6.13241614,1.6276e-05,-4.92124974,3.159555300000001,-27.63350359,-24.4740591,749.16,46.0687,SLE,-5.45425713,7.75677e-05,-4.24310488,3.51e-06,3.1594444899999985,0.6781590099999999,0.6781448600000006,6.12917e-05,-0.00011081000000245922
ethanol,318.15,-27.99930125,-24.73612045,753.52,46.0687,REF,-6.3811436,9.179575e-06,-5.16745612,3.263180799999997,-27.99930125,-24.73619388,753.52,46.0687,SLE,-5.65751074,4.85779e-05,-4.44383238,2.2e-06,3.26310737,0.7236328599999995,0.7236237399999998,3.9398325e-05,-7.342999999693234e-05
ethanol,313.15,-28.36744033,-25.00612955,757.92,46.0687,REF,-6.63397853,5.128488e-06,-5.41776038,3.36131078,-28.36744033,-25.00617766,757.92,46.0687,SLE,-5.86341323,3.02374e-05,-4.6472009,1.37e-06,3.361262670000002,0.7705653000000003,0.7705594800000002,2.5108912e-05,-4.8109999998047215e-05
ethanol,308.15,-28.73788959,-25.28416031,762.37,46.0687,REF,-6.89096771,2.837926e-06,-5.6722089,3.453729280000001,-28.73788959,-25.28419149,762.37,46.0687,SLE,-6.07194305,1.87076e-05,-4.85318793,8.5e-07,3.4536981000000004,0.8190246600000002,0.8190209700000004,1.5869674e-05,-3.118000000057464e-05
ethanol,303.15,-29.11061966,-25.57037752,766.86,46.0687,REF,-7.15217672,1.555223e-06,-5.930867,3.54024214,-29.11061966,-25.5703975,766.86,46.0687,SLE,-6.28309223,1.15046e-05,-5.06178483,5.2e-07,3.5402221600000026,0.8690844899999997,0.8690821700000004,9.949377e-06,-1.9979999997588038e-05
ethanol,298.15,-29.48560345,-25.86492575,771.4,46.0687,REF,-7.41769202,8.43874e-07,-6.19382093,3.620677699999998,-29.48560345,-25.8649384,771.4,46.0687,SLE,-6.49686814,7.032325e-06,-5.2729985,3.2e-07,3.6206650499999995,0.9208238799999995,0.9208224300000003,6.188450999999999e-06,-1.2649999998615158e-05
ethylacetate,403.15,-22.12730948,-23.67748604,835.45,88.1056,REF,-1.33751866,0.3574413404,-0.48145554,-1.5501765600000006,-22.12730948,-23.58954724,835.45,88.1056,SLE,-1.2823148,0.388689892,-0.44032058,0.05220177,-1.4622377600000007,0.055203859999999993,0.04113496,0.031248551600000007,0.08793879999999987
ethylacetate,398.15,-22.45099291,-24.06032981,839.88,88.1056,REF,-1.38670122,0.3307311872,-0.51696732,-1.6093368999999988,-22.45099291,-23.95052159,839.88,88.1056,SLE,-1.31499828,0.3700356556,-0.46229737,0.04841743,-1.499528680000001,0.07170293999999999,0.05466995000000002,0.039304468400000014,0.1098082199999979
ethylacetate,393.15,-22.77754467,-24.4444829,844.34,88.1056,REF,-1.4380014,0.3041187702,-0.55511668,-1.6669382299999995,-22.77754467,-24.31393081,844.34,88.1056,SLE,-1.34875405,0.3512413594,-0.48554548,0.04479669,-1.5363861399999976,0.08924735000000017,0.06957120000000006,0.04712258920000001,0.1305520900000019
ethylacetate,388.15,-23.10693885,-24.82962983,848.83,88.1056,REF,-1.49166406,0.2777371361,-0.59615974,-1.7226909799999994,-23.10693885,-24.67966366,848.83,88.1056,SLE,-1.38367158,0.33234363,-0.51016078,0.041336,-1.5727248100000004,0.10799248000000006,0.08599896000000007,0.0546064939,0.149966169999999
ethylacetate,383.15,-23.4391479,-25.21546128,853.36,88.1056,REF,-1.54794243,0.2517425738,-0.64036564,-1.7763133800000013,-23.4391479,-25.04760064,853.36,88.1056,SLE,-1.41984878,0.3133840669,-0.53624827,0.03803218,-1.6084527400000006,0.12809365000000006,0.10411736999999999,0.0616414931,0.16786064000000067
ethylacetate,378.15,-23.77414272,-25.60147917,857.92,88.1056,REF,-1.60721128,0.2262650175,-0.68811148,-1.8273364500000007,-23.77414272,-25.41762487,857.92,88.1056,SLE,-1.45738633,0.2944128295,-0.56391767,0.03488299,-1.6434821500000005,0.14982494999999996,0.12419380999999996,0.06814781199999997,0.18385430000000014
ethylacetate,373.15,-24.11189277,-25.9873655,862.51,88.1056,REF,-1.66975921,0.2015014937,-0.7397095,-1.8754727299999985,-24.11189277,-25.78958576,862.51,88.1056,SLE,-1.49640921,0.275478461,-0.59330077,0.03188532,-1.6776929900000006,0.17335000000000012,0.14640873,0.0739769673,0.19777973999999787
ethylacetate,368.15,-24.45236622,-26.37270002,867.14,88.1056,REF,-1.73595038,0.1776380686,-0.79553974,-1.9203338000000016,-24.45236622,-26.16334962,867.14,88.1056,SLE,-1.53703837,0.2566428319,-0.62452903,0.02903766,-1.7109834000000035,0.19891200999999992,0.17101071,0.07900476329999997,0.20935039999999816
ethylacetate,363.15,-24.79553009,-26.75705683,871.8,88.1056,REF,-1.80617175,0.1548689124,-0.85600527,-1.96152674,-24.79553009,-26.53876407,871.8,88.1056,SLE,-1.579412,0.237970895,-0.65775061,0.02633832,-1.7432339799999994,0.22675975000000004,0.19825466000000003,0.08310198259999999,0.21829276000000064
ethylacetate,358.15,-25.14135041,-27.14001593,876.5,88.1056,REF,-1.88082766,0.1333892721,-0.92152529,-1.9986655199999994,-25.14135041,-26.91567514,876.5,88.1056,SLE,-1.62367635,0.2195352755,-0.69312296,0.02378612,-1.77432473,0.25715131,0.2284023300000001,0.08614600339999998,0.2243407899999994
ethylacetate,353.15,-25.4897924,-27.52120674,881.23,88.1056,REF,-1.96031428,0.1133901642,-0.99250892,-2.0314143400000013,-25.4897924,-27.29390178,881.23,88.1056,SLE,-1.67000223,0.2014095061,-0.73082686,0.02137951,-1.8041093799999999,0.29031205000000004,0.26168206000000005,0.08801934189999999,0.22730496000000144
ethylacetate,348.15,-25.84082069,-27.90032797,886.0,88.1056,REF,-2.04500667,0.0950443198,-1.06933924,-2.0595072799999983,-25.84082069,-27.67327987,886.0,88.1056,SLE,-1.71855924,0.1836782341,-0.77104438,0.01911793,-1.8324591799999972,0.32644742999999976,0.29829485999999994,0.0886339143,0.22704810000000109
ethylacetate,343.15,-26.1943995,-28.27715481,890.81,88.1056,REF,-2.13525278,0.0784896288,-1.15236382,-2.0827553099999996,-26.1943995,-28.05362424,890.81,88.1056,SLE,-1.76954003,0.1664266365,-0.81397944,0.01700043,-1.859224740000002,0.36571275000000014,0.33838437999999993,0.0879370077,0.22353056999999765
ethylacetate,338.15,-26.55049287,-28.65158084,895.65,88.1056,REF,-2.2313445,0.0638182594,-1.24186427,-2.101087970000002,-26.55049287,-28.43476255,895.65,88.1056,SLE,-1.82314022,0.1497463148,-0.85984,0.01502657,-1.8842696799999992,0.4082042800000001,0.38202426999999994,0.08592805540000001,0.21681829000000263
ethylacetate,333.15,-26.90906493,-29.02363403,900.53,88.1056,REF,-2.33350315,0.0510652299,-1.33803986,-2.1145691000000006,-26.90906493,-28.8165129,900.53,88.1056,SLE,-1.87957353,0.1337279051,-0.90885082,0.01319552,-1.9074479699999998,0.4539296199999998,0.42918904000000013,0.08266267519999998,0.20712113000000087
ethylacetate,328.15,-27.27008015,-29.39350621,905.44,88.1056,REF,-2.44185462,0.0402040324,-1.44098241,-2.1234260600000034,-27.27008015,-29.19871059,905.44,88.1056,SLE,-1.93905544,0.1184632244,-0.96123823,0.01150653,-1.9286304400000027,0.50279918,0.47974417999999996,0.078259192,0.19479562000000072
ethylacetate,323.15,-27.63350359,-29.76151312,910.4,88.1056,REF,-2.55644923,0.0311450853,-1.55069625,-2.12800953,-27.63350359,-29.58119496,910.4,88.1056,SLE,-2.00181248,0.1040388607,-1.01723768,0.00995835,-1.9476913700000011,0.5546367500000002,0.5334585700000001,0.0728937754,0.18031815999999878
ethylacetate,318.15,-27.99930125,-30.12809704,915.39,88.1056,REF,-2.67725414,0.0237462492,-1.66709357,-2.1287957900000016,-27.99930125,-29.96383255,915.39,88.1056,SLE,-2.06806736,0.0905356408,-1.07707912,0.00854934,-1.9645313000000009,0.6091867799999999,0.59001445,0.0667893916,0.16426449000000076
ethylacetate,313.15,-28.36744033,-30.49377619,920.41,88.1056,REF,-2.80418229,0.0178262761,-1.79002645,-2.1263358599999975,-28.36744033,-30.34651294,920.41,88.1056,SLE,-2.13804179,0.0780229954,-1.14098857,0.0072771,-1.9790726099999993,0.6661405,0.6490378800000001,0.06019671930000001,0.14726324999999818
ethylacetate,308.15,-28.73788959,-30.85910359,925.48,88.1056,REF,-2.93711736,0.0131823896,-1.91931582,-2.1212139999999984,-28.73788959,-30.7291696,925.48,88.1056,SLE,-2.21194186,0.0665568104,-1.20917326,0.00613844,-1.991280009999997,0.7251754999999998,0.71014256,0.0533744208,0.1299339900000014
ethylacetate,303.15,-29.11061966,-31.22462887,930.59,88.1056,REF,-3.07593917,0.0096073886,-2.05478059,-2.114009209999999,-29.11061966,-31.11177373,930.59,88.1056,SLE,-2.28996141,0.0561740969,-1.28182392,0.00512907,-2.0011540699999983,0.7859777599999997,0.7729566700000001,0.046566708299999995,0.11285514000000063
ethylacetate,298.15,-29.48560345,-31.59086712,935.73,88.1056,REF,-3.22054647,0.0069036492,-2.19626325,-2.1052636699999994,-29.48560345,-31.49435054,935.73,88.1056,SLE,-2.37226941,0.0468912991,-1.35910196,0.00424356,-2.00874709,0.84827706,0.8371612899999998,0.0399876499,0.09651657999999941
glycol,403.15,-22.12730948,-15.03069107,945.7,62.0681,REF,-6.02490169,1.54739e-05,-4.84202093,7.096618410000001,-22.12730948,-15.03071743,945.7,62.0681,SLE,-5.91999929,1.97015e-05,-4.73711985,1.2e-06,7.096592050000002,0.10490240000000028,0.10490108000000031,4.2276e-06,-2.635999999966998e-05
glycol,398.15,-22.45099291,-15.21185814,950.5,62.0681,REF,-6.24364964,9.350907e-06,-5.05856703,7.23913477,-22.45099291,-15.21187957,950.5,62.0681,SLE,-6.10957973,1.27328e-05,-4.92449819,7.8e-07,7.239113339999999,0.13406991000000001,0.1340688399999994,3.3818929999999998e-06,-2.1430000000322025e-05
glycol,393.15,-22.77754467,-15.39782745,955.33,62.0681,REF,-6.46688653,5.59266e-06,-5.2796043,7.379717220000002,-22.77754467,-15.39784394,955.33,62.0681,SLE,-6.30290784,8.158232e-06,-5.11562641,5e-07,7.3797007300000015,0.16397869000000043,0.16397788999999996,2.5655719999999997e-06,-1.6490000000146665e-05
glycol,388.15,-23.10693885,-15.58894572,960.17,62.0681,REF,-6.69457605,3.310776e-06,-5.50509622,7.517993129999999,-23.10693885,-15.58895791,960.17,62.0681,SLE,-6.49991835,5.183066e-06,-5.3104391,3.2e-07,7.517980939999999,0.1946577000000005,0.19465712000000046,1.87229e-06,-1.2189999999634438e-05
glycol,383.15,-23.4391479,-15.7855804,965.04,62.0681,REF,-6.92666721,1.940167e-06,-5.7349917,7.653567499999998,-23.4391479,-15.78558912,965.04,62.0681,SLE,-6.70053011,3.265696e-06,-5.50885501,2e-07,7.653558779999999,0.22613709999999987,0.2261366899999997,1.325529e-06,-8.719999998518801e-06
glycol,378.15,-23.77414272,-15.98811711,969.92,62.0681,REF,-7.16309491,1.125672e-06,-5.96922562,7.786025610000001,-23.77414272,-15.98812317,969.92,62.0681,SLE,-6.90464642,2.04108e-06,-5.71077741,1.2e-07,7.786019550000001,0.25844849000000014,0.2584482099999992,9.154080000000002e-07,-6.0600000004740195e-06
glycol,373.15,-24.11189277,-16.19695698,974.83,62.0681,REF,-7.40378067,6.467348e-07,-6.2077195,7.914935790000001,-24.11189277,-16.19696105,974.83,62.0681,SLE,-7.11215553,1.265759e-06,-5.91609456,8e-08,7.914931720000002,0.29162513999999984,0.2916249399999993,6.190241999999999e-07,-4.0699999992455105e-06
glycol,368.15,-24.45236622,-16.41251338,979.76,62.0681,REF,-7.64863368,3.680216e-07,-6.45038259,8.039852839999998,-24.45236622,-16.41251623,979.76,62.0681,SLE,-7.32293145,7.790681e-07,-6.12468049,5e-08,8.039849989999997,0.3257022300000001,0.3257021,4.110465e-07,-2.8500000013309545e-06
glycol,363.15,-24.79553009,-16.6352092,984.71,62.0681,REF,-7.89755175,2.0747e-07,-6.69711275,8.160320890000001,-24.79553009,-16.63521107,984.71,62.0681,SLE,-7.53683522,4.760711e-07,-6.33639631,3e-08,8.16031902,0.3607165299999995,0.36071644,2.6860110000000003e-07,-1.8700000019578056e-06
glycol,358.15,-25.14135041,-16.86547275,989.68,62.0681,REF,-8.15042302,1.159002e-07,-6.94779818,8.275877660000003,-25.14135041,-16.86547397,989.68,62.0681,SLE,-7.75371584,2.889291e-07,-6.55109106,2e-08,8.275876440000001,0.39670717999999994,0.3967071200000003,1.730289e-07,-1.2200000014672696e-06
glycol,353.15,-25.4897924,-17.10373422,994.67,62.0681,REF,-8.40712767,6.417701e-08,-7.20231917,8.38605818,-25.4897924,-17.10373499,994.67,62.0681,SLE,-7.9734122,1.742188e-07,-6.76860373,1e-08,8.38605741,0.4337154699999992,0.4337154400000003,1.1004178999999999e-07,-7.699999997612395e-07
glycol,348.15,-25.84082069,-17.35042157,999.67,62.0681,REF,-8.66754001,3.523442e-08,-7.46055008,8.49039912,-25.84082069,-17.35042206,999.67,62.0681,SLE,-8.19575494,1.044124e-07,-6.98876502,0.0,8.490398630000001,0.47178506999999925,0.4717850600000002,6.917798e-08,-4.899999979102176e-07
glycol,343.15,-26.1943995,-17.60595655,1004.7,62.0681,REF,-8.93153073,1.918565e-08,-7.72236169,8.588442950000001,-26.1943995,-17.60595685,1004.7,62.0681,SLE,-8.42056851,6.222124e-08,-7.21139949,0.0,8.588442650000001,0.5109622199999997,0.5109621999999998,4.303559e-08,-2.9999999995311555e-07
glycol,338.15,-26.55049287,-17.87075046,1009.75,62.0681,REF,-9.19896948,1.036425e-08,-7.98762376,8.67974241,-26.55049287,-17.87075064,1009.75,62.0681,SLE,-8.64767362,3.688362e-08,-7.4363279,0.0,8.679742229999999,0.5512958599999997,0.5512958599999997,2.651937e-08,-1.8000000068241206e-07
glycol,333.15,-26.90906493,-18.14520013,1014.82,62.0681,REF,-9.46972767,5.556221e-09,-8.25620777,8.7638648,-26.90906493,-18.14520025,1014.82,62.0681,SLE,-8.87688973,2.175792e-08,-7.66336984,0.0,8.763864680000001,0.592837939999999,0.59283793,1.6201699e-08,-1.1999999927070348e-07
glycol,328.15,-27.27008015,-18.42968398,1019.91,62.0681,REF,-9.74368134,2.956827e-09,-8.52798986,8.840396169999998,-27.27008015,-18.42968413,1019.91,62.0681,SLE,-9.10803775,1.277819e-08,-7.89234627,0.0,8.84039602,0.6356435900000008,0.6356435899999999,9.821362999999999e-09,-1.4999999820020093e-07
glycol,323.15,-27.63350359,-18.72455828,1025.01,62.0681,REF,-10.02071426,1.562403e-09,-8.8028539,8.90894531,-27.63350359,-18.72455841,1025.01,62.0681,SLE,-9.34094301,7.474191e-09,-8.12308265,0.0,8.90894518,0.6797712499999999,0.6797712499999999,5.911787999999999e-09,-1.300000000981072e-07
glycol,318.15,-27.99930125,-19.03015376,1030.14,62.0681,REF,-10.30072105,8.199477e-10,-9.08069458,8.969147489999997,-27.99930125,-19.03015388,1030.14,62.0681,SLE,-9.5754379,4.355814e-09,-8.35541143,0.0,8.969147369999998,0.7252831499999992,0.7252831499999992,3.5358662999999998e-09,-1.1999999927070348e-07
glycol,313.15,-28.36744033,-19.34677265,1035.28,62.0681,REF,-10.58361035,4.274613e-10,-9.36142067,9.020667680000003,-28.36744033,-19.34677282,1035.28,62.0681,SLE,-9.81136482,2.530127e-09,-8.58917514,0.0,9.02066751,0.7722455300000011,0.7722455299999993,2.1026657e-09,-1.7000000340772203e-07
glycol,308.15,-28.73788959,-19.67468605,1040.44,62.0681,REF,-10.86930805,2.21411e-10,-9.64495814,9.063203540000003,-28.73788959,-19.6746862,1040.44,62.0681,SLE,-10.04857926,1.465305e-09,-8.82422935,0.0,9.063203390000002,0.8207287900000004,0.8207287900000004,1.243894e-09,-1.5000000175291461e-07
glycol,303.15,-29.11061966,-20.01413194,1045.62,62.0681,REF,-11.15776037,1.139585e-10,-9.93125331,9.096487720000002,-29.11061966,-20.01413214,1045.62,62.0681,SLE,-10.28695219,8.463597e-10,-9.06044513,0.0,9.09648752,0.8708081800000009,0.8708081800000009,7.324011999999999e-10,-2.0000000233721948e-07
glycol,298.15,-29.48560345,-20.36531362,1050.82,62.0681,REF,-11.44893702,5.828679e-11,-10.22027599,9.12028983,-29.48560345,-20.36531379,1050.82,62.0681,SLE,-10.52637321,4.876789e-10,-9.29771218,0.0,9.120289660000001,0.9225638100000015,0.9225638099999998,4.2939211e-10,-1.6999999985500835e-07
n-heptane,403.15,-22.12730948,-20.06235017,601.86,100.2026,REF,-3.2972652,0.0050960265,-2.5195364,2.0649593100000025,-22.12730948,-20.06675915,601.86,100.2026,SLE,-3.19117151,0.0064979091,-2.41368788,0.00064391,2.0605503300000017,0.1060936899999998,0.10584851999999989,0.0014018826000000003,-0.004408980000000895
n-heptane,398.15,-22.45099291,-20.3436265,605.19,100.2026,REF,-3.42680904,0.0037861927,-2.64645789,2.107366410000001,-22.45099291,-20.34803109,605.19,100.2026,SLE,-3.29155643,0.0051631417,-2.51144591,0.00051103,2.102961820000001,0.13525261000000022,0.13501198000000025,0.0013769490000000001,-0.0044045900000000415
n-heptane,393.15,-22.77754467,-20.6282681,608.55,100.2026,REF,-3.55937166,0.002792738,-2.7764424,2.1492765700000014,-22.77754467,-20.63244936,608.55,100.2026,SLE,-3.39434036,0.0040790247,-2.6116358,0.00040333,2.145095310000002,0.16503129999999988,0.16480659999999991,0.0012862867000000004,-0.004181259999999298
n-heptane,388.15,-23.10693885,-20.91604179,611.94,100.2026,REF,-3.69518643,0.002044133,-2.90971061,2.1908970599999975,-23.10693885,-20.91986816,611.94,100.2026,SLE,-3.49968348,0.0032030027,-2.71441012,0.00031646,2.1870706899999988,0.1955029500000003,0.19530048999999972,0.0011588697000000001,-0.0038263699999987466
n-heptane,383.15,-23.4391479,-21.20675096,615.37,100.2026,REF,-3.83447709,0.0014840145,-3.04647632,2.2323969399999974,-23.4391479,-21.21015411,615.37,100.2026,SLE,-3.60774633,0.0024990261,-2.81992294,0.00024675,2.228993789999997,0.22673076000000014,0.22655337999999992,0.0010150116000000001,-0.0034031500000004655
n-heptane,378.15,-23.77414272,-21.50022833,618.84,100.2026,REF,-3.97746138,0.0010681122,-3.18694943,2.2739143900000016,-23.77414272,-21.50318477,618.84,100.2026,SLE,-3.7186907,0.0019366317,-2.92833062,0.00019112,2.2709579499999997,0.25877068000000003,0.25861880999999975,0.0008685195000000001,-0.0029564400000019475
n-heptane,373.15,-24.11189277,-21.7963302,622.34,100.2026,REF,-4.12435406,0.0007618057,-3.33133858,2.315562570000001,-24.11189277,-21.79884726,622.34,100.2026,SLE,-3.83268064,0.0014901575,-3.03979263,0.000147,2.313045510000002,0.29167341999999996,0.29154595000000016,0.0007283518,-0.0025170599999988497
n-heptane,368.15,-24.45236622,-22.09493192,625.88,100.2026,REF,-4.27536947,0.0005381662,-3.47985332,2.3574342999999978,-24.45236622,-22.09703637,625.88,100.2026,SLE,-3.94988379,0.0011380649,-3.15447274,0.00011223,2.355329849999997,0.32548568000000033,0.32538058000000003,0.0005998986999999999,-0.0021044500000009236
n-heptane,363.15,-24.79553009,-22.3959238,629.45,100.2026,REF,-4.43072405,0.0003763788,-3.63270637,2.3996062900000013,-24.79553009,-22.39765439,629.45,100.2026,SLE,-4.07047182,0.0008623569,-3.27253939,8.502e-05,2.3978757,0.3602522300000004,0.36016698000000025,0.00048597809999999995,-0.0017305900000010865
n-heptane,358.15,-25.14135041,-22.69920827,633.06,100.2026,REF,-4.59063836,0.0002604691,-3.7901154,2.4421421400000014,-25.14135041,-22.70060934,633.06,100.2026,SLE,-4.19462188,0.0006480685,-3.394167,6.388e-05,2.4407410700000014,0.3960164800000001,0.3959484,0.00038759939999999995,-0.0014010700000000043
n-heptane,353.15,-25.4897924,-23.00469725,636.71,100.2026,REF,-4.75533907,0.0001782739,-3.95230484,2.4850951499999994,-25.4897924,-23.00581479,636.71,100.2026,SLE,-4.32251723,0.0004828256,-3.51953657,4.759e-05,2.48397761,0.4328218399999999,0.43276826999999995,0.0003045517,-0.0011175399999991953
n-heptane,348.15,-25.84082069,-23.31231008,640.4,100.2026,REF,-4.9250608,0.0001206115,-4.11950761,2.5285106100000014,-25.84082069,-23.31318864,640.4,100.2026,SLE,-4.45434856,0.0003564581,-3.64883692,3.513e-05,2.527632050000001,0.4707122400000001,0.4706706900000004,0.00023584660000000002,-0.0008785600000003058
n-heptane,343.15,-26.1943995,-23.62197193,644.13,100.2026,REF,-5.10004792,8.06152e-05,-4.29196674,2.5724275699999986,-26.1943995,-23.62265284,644.13,100.2026,SLE,-4.59031484,0.0002606632,-3.78226543,2.569e-05,2.5717466599999987,0.5097330800000002,0.5097013100000005,0.00018004800000000004,-0.0006809099999998125
n-heptane,338.15,-26.55049287,-23.93361244,647.9,100.2026,REF,-5.28055623,5.3201e-05,-4.46993704,2.6168804299999984,-26.55049287,-23.93413274,647.9,100.2026,SLE,-4.7306245,0.0001887114,-3.92002926,1.859e-05,2.6163601300000003,0.54993173,0.5499077799999994,0.00013551039999999998,-0.0005202999999980307
n-heptane,333.15,-26.90906493,-24.24716477,651.71,100.2026,REF,-5.46685464,3.4644e-05,-4.65368663,2.6619001599999983,-26.90906493,-24.24755678,651.71,100.2026,SLE,-4.8754965,0.0001351908,-4.0623463,1.332e-05,2.6615081499999995,0.5913581400000005,0.5913403300000004,0.00010054680000000001,-0.00039200999999877695
n-heptane,328.15,-27.27008015,-24.56256481,655.56,100.2026,REF,-5.65922684,2.22465e-05,-4.8434986,2.707515339999997,-27.27008015,-24.56285596,655.56,100.2026,SLE,-5.02516169,9.5785e-05,-4.20944651,9.44e-06,2.707224189999998,0.6340651499999996,0.63405209,7.353850000000001e-05,-0.00029114999999890756
n-heptane,323.15,-27.63350359,-24.87975058,659.45,100.2026,REF,-5.85797306,1.40773e-05,-5.03967272,2.7537530100000005,-27.63350359,-24.8799637,659.45,100.2026,SLE,-5.17986396,6.70821e-05,-4.36157305,6.61e-06,2.753539889999999,0.6781091000000004,0.6780996700000008,5.30048e-05,-0.00021312000000150988
n-heptane,318.15,-27.99930125,-25.19866192,663.38,100.2026,REF,-6.06341179,8.771652e-06,-5.2425271,2.800639329999999,-27.99930125,-25.19881563,663.38,100.2026,SLE,-5.33986167,4.64106e-05,-4.51898369,4.57e-06,2.80048562,0.7235501199999996,0.7235434100000004,3.7638948e-05,-0.00015370999999930746
n-heptane,313.15,-28.36744033,-25.51924021,667.36,100.2026,REF,-6.27588163,5.377902e-06,-5.45240002,2.8482001200000013,-28.36744033,-25.51934939,667.36,100.2026,SLE,-5.50542909,3.16997e-05,-4.68195219,3.12e-06,2.8480909400000023,0.77045254,0.7704478300000002,2.6321797999999997e-05,-0.00010917999999904282
n-heptane,308.15,-28.73788959,-25.84142826,671.38,100.2026,REF,-6.49574322,3.241546e-06,-5.6696519,2.896461330000001,-28.73788959,-25.84150461,671.38,100.2026,SLE,-5.67685802,2.13614e-05,-4.85076994,2.1e-06,2.8963849800000006,0.8188851999999995,0.8188819599999997,1.8119854e-05,-7.63500000005024e-05
n-heptane,303.15,-29.11061966,-26.16517029,675.45,100.2026,REF,-6.72338138,1.919175e-06,-5.8946673,2.945449370000002,-29.11061966,-26.16522283,675.45,100.2026,SLE,-5.85445947,1.41916e-05,-5.0257476,1.4e-06,2.94539683,0.8689219100000001,0.8689197000000002,1.2272425e-05,-5.254000000221026e-05
n-heptane,298.15,-29.48560345,-26.49041203,679.56,100.2026,REF,-6.95920724,1.115036e-06,-6.12785718,2.9951914199999976,-29.48560345,-26.49044759,679.56,100.2026,SLE,-6.03856551,9.288113e-06,-5.20721692,9.2e-07,2.9951558600000006,0.9206417299999998,0.9206402600000008,8.173077e-06,-3.555999999704795e-05
hexane,403.15,-22.12730948,-20.38272267,581.05,86.1759,REF,-3.12359292,0.0088080815,-2.29629265,1.7445868100000013,-22.12730948,-20.38955477,581.05,86.1759,SLE,-3.01626158,0.0112520636,-2.18938774,0.00096325,1.7377547100000008,0.10733134,0.10690490999999991,0.0024439821000000004,-0.006832100000000452
hexane,398.15,-22.45099291,-20.65869161,584.28,86.1759,REF,-3.25386901,0.0065390335,-2.42376559,1.7923012999999983,-22.45099291,-20.66551573,584.28,86.1759,SLE,-3.11736393,0.0089342837,-2.28767751,0.0007632,1.7854771800000009,0.13650508000000006,0.13608807999999994,0.0023952502,-0.006824119999997436
hexane,393.15,-22.77754467,-20.93851266,587.55,86.1759,REF,-3.38691187,0.0048212216,-2.55408934,1.8390320100000004,-22.77754467,-20.94499348,587.55,86.1759,SLE,-3.22067767,0.0070550242,-2.38824346,0.00060162,1.8325511900000002,0.1662341999999999,0.16584588,0.0022338026,-0.006480820000000165
hexane,388.15,-23.10693885,-21.221848,590.85,86.1759,REF,-3.52300407,0.0035284239,-2.68752398,1.8850908499999974,-23.10693885,-21.22778335,590.85,86.1759,SLE,-3.3263889,0.0055385182,-2.49125795,0.00047164,1.8791554999999995,0.19661516999999984,0.19626602999999987,0.0020100943,-0.0059353499999978965
hexane,383.15,-23.4391479,-21.50841849,594.19,86.1759,REF,-3.66240847,0.0025618967,-2.82431494,1.9307294099999979,-23.4391479,-21.51370346,594.19,86.1759,SLE,-3.43467945,0.0043210488,-2.59689139,0.00036755,1.9254444399999997,0.22772901999999995,0.2274235499999997,0.0017591521000000004,-0.005284969999998168
hexane,378.15,-23.77414272,-21.79799126,597.56,86.1759,REF,-3.80537422,0.0018445125,-2.96469782,1.9761514600000005,-23.77414272,-21.80258943,597.56,86.1759,SLE,-3.5457298,0.0033490878,-2.70531469,0.00028462,1.9715532899999992,0.2596444199999999,0.25938313000000024,0.0015045753,-0.004598170000001289
hexane,373.15,-24.11189277,-22.09037054,600.97,86.1759,REF,-3.95214127,0.001316209,-3.10890199,2.021522230000002,-24.11189277,-22.09429188,600.97,86.1759,SLE,-3.65972047,0.0025777649,-2.81670038,0.00021892,2.0176008900000006,0.2924207999999999,0.2922016100000002,0.0012615559,-0.00392134000000155
hexane,368.15,-24.45236622,-22.38539021,604.42,86.1759,REF,-4.10294419,0.0009304123,-3.25715387,2.0669760099999976,-24.45236622,-22.38867527,604.42,86.1759,SLE,-3.77683279,0.0019695782,-2.93122316,0.00016717,2.063690949999998,0.32611139999999983,0.32593070999999973,0.0010391659000000002,-0.0032850599999996177
hexane,363.15,-24.79553009,-22.68290814,607.9,86.1759,REF,-4.2580154,0.0006512014,-3.40967953,2.112621950000001,-24.79553009,-22.68561528,607.9,86.1759,SLE,-3.89725067,0.0014932928,-3.04906136,0.00012669,2.1099148099999994,0.36076472999999964,0.36061816999999996,0.0008420914,-0.0027071400000018286
hexane,358.15,-25.14135041,-22.98280092,611.43,86.1759,REF,-4.41758822,0.0004510473,-3.5667074,2.158549490000002,-25.14135041,-22.98499774,611.43,86.1759,SLE,-4.02116146,0.0011230047,-3.17039774,9.524e-05,2.1563526700000004,0.39642675999999977,0.39630966,0.0006719574,-0.0021968200000017646
hexane,353.15,-25.4897924,-23.28496036,614.99,86.1759,REF,-4.5818993,0.0003090064,-3.7284704,2.2048320399999994,-25.4897924,-23.28671678,614.99,86.1759,SLE,-4.14875753,0.0008373348,-3.29542082,7.1e-05,2.20307562,0.43314176999999976,0.43304958000000005,0.0005283283999999999,-0.0017564199999995367
hexane,348.15,-25.84082069,-23.58929018,618.59,86.1759,REF,-4.75119102,0.0002092741,-3.89520803,2.251530510000002,-25.84082069,-23.59067445,618.59,86.1759,SLE,-4.2802369,0.0006187379,-3.42432547,5.245e-05,2.2501462399999994,0.47095412000000003,0.47088256000000017,0.00040946380000000005,-0.0013842700000026298
hexane,343.15,-26.1943995,-23.89570344,622.24,86.1759,REF,-4.92571366,0.0001400297,-4.06716839,2.298696060000001,-26.1943995,-23.8967791,622.24,86.1759,SLE,-4.41580492,0.0004529024,-3.55731441,3.839e-05,2.2976203999999996,0.5099087400000002,0.5098539799999999,0.0003128727,-0.001075660000001477
hexane,338.15,-26.55049287,-24.20412056,625.92,86.1759,REF,-5.10572748,9.25178e-05,-4.24461006,2.3463723099999996,-26.55049287,-24.2049447,625.92,86.1759,SLE,-4.55567531,0.0003282342,-3.69459923,2.782e-05,2.3455481700000007,0.5500521699999998,0.5500108300000002,0.00023571640000000002,-0.000824139999998863
hexane,333.15,-26.90906493,-24.51446761,629.65,86.1759,REF,-5.29150467,6.032e-05,-4.427804,2.394597319999999,-26.90906493,-24.51509019,629.65,86.1759,SLE,-4.70007142,0.0002354099,-3.83640151,1.995e-05,2.393974740000001,0.5914332499999997,0.5914024900000001,0.0001750899,-0.0006225799999981518
hexane,328.15,-27.27008015,-24.82667514,633.42,86.1759,REF,-5.48333125,3.87831e-05,-4.61703525,2.4434050099999993,-27.27008015,-24.82713882,633.42,86.1759,SLE,-4.84922758,0.000166992,-3.98295414,1.415e-05,2.44294133,0.63410367,0.6340811099999999,0.0001282089,-0.0004636799999993002
hexane,323.15,-27.63350359,-25.14067723,637.23,86.1759,REF,-5.68150902,2.45737e-05,-4.81260488,2.4928263599999987,-27.63350359,-25.14101761,637.23,86.1759,SLE,-5.00339046,0.0001170988,-4.13450264,9.92e-06,2.4924859800000014,0.6781185599999997,0.6781022400000003,9.252509999999999e-05,-0.00034037999999725344
hexane,318.15,-27.99930125,-25.45641067,641.08,86.1759,REF,-5.88635745,1.5333e-05,-5.01483178,2.542890579999998,-27.99930125,-25.45665687,641.08,86.1759,SLE,-5.16282064,8.11216e-05,-4.2913066,6.87e-06,2.5426443799999987,0.7235368100000006,0.7235251799999993,6.57886e-05,-0.0002461999999994191
hexane,313.15,-28.36744033,-25.77381462,644.98,86.1759,REF,-6.09821565,9.413914e-06,-5.22405461,2.5936257100000013,-28.36744033,-25.77399001,644.98,86.1759,SLE,-5.32779401,5.54847e-05,-4.45364114,4.7e-06,2.5934503200000023,0.7704216400000004,0.7704134699999994,4.6070786e-05,-0.0001753899999989983
hexane,308.15,-28.73788959,-26.09283019,648.93,86.1759,REF,-6.31744444,5.682546e-06,-5.44063384,2.645059400000001,-28.73788959,-26.0929532,648.93,86.1759,SLE,-5.49860352,3.74431e-05,-4.62179856,3.17e-06,2.6449363900000016,0.8188409200000004,0.81883528,3.1760554e-05,-0.00012300999999936835
hexane,303.15,-29.11061966,-26.41340036,652.92,86.1759,REF,-6.54442847,3.369456e-06,-5.66495381,2.6972193000000004,-29.11061966,-26.41348525,652.92,86.1759,SLE,-5.6755609,2.49126e-05,-4.79609007,2.11e-06,2.6971344100000003,0.8688675699999999,0.8688637400000001,2.1543144e-05,-8.489000000011515e-05
hexane,298.15,-29.48560345,-26.73546982,656.96,86.1759,REF,-6.77957857,1.960696e-06,-5.89742508,2.7501336300000006,-29.48560345,-26.73552745,656.96,86.1759,SLE,-5.85899861,1.63299e-05,-4.97684769,1.38e-06,2.750076,0.9205799599999995,0.92057739,1.4369204e-05,-5.7630000000585824e-05
isopropylamine,403.15,-22.12730948,-23.75243428,639.37,59.1106,REF,-1.29688961,0.477746534,-0.4117086,-1.6251247999999983,-22.12730948,-23.65590901,639.37,59.1106,SLE,-1.24635603,0.5084659158,-0.37645886,0.05670795,-1.5285995299999975,0.05053357999999997,0.035249739999999974,0.0307193818,0.09652527000000077
isopropylamine,398.15,-22.45099291,-24.13346651,642.86,59.1106,REF,-1.3465563,0.4478990444,-0.44527366,-1.6824736000000016,-22.45099291,-24.01302581,642.86,59.1106,SLE,-1.28070444,0.4875564901,-0.39803531,0.05239569,-1.5620328999999984,0.06585185999999998,0.04723835000000004,0.039657445700000016,0.12044070000000318
isopropylamine,393.15,-22.77754467,-24.51435107,646.38,59.1106,REF,-1.39916284,0.4168645183,-0.48215,-1.736806399999999,-22.77754467,-24.37138526,646.38,59.1106,SLE,-1.31682993,0.4657114289,-0.42144159,0.04821366,-1.5938405899999992,0.08233291000000009,0.060708410000000046,0.048846910600000015,0.14296580999999975
isopropylamine,388.15,-23.10693885,-24.89445358,649.93,59.1106,REF,-1.45516543,0.3847055726,-0.52282259,-1.7875147300000016,-23.10693885,-24.73069555,649.93,59.1106,SLE,-1.35495085,0.4429015752,-0.44690652,0.04416204,-1.6237567000000013,0.10021458000000005,0.07591607,0.05819600260000002,0.16375803000000033
isopropylamine,383.15,-23.4391479,-25.27296647,653.51,59.1106,REF,-1.51514194,0.3515120094,-0.5678985,-1.8338185700000018,-23.4391479,-25.09059498,653.51,59.1106,SLE,-1.39533581,0.4190977194,-0.47470865,0.04024058,-1.6514470800000005,0.11980612999999996,0.09318984999999996,0.06758571000000002,0.1823714900000013
isopropylamine,378.15,-23.77414272,-25.64904124,657.13,59.1106,REF,-1.57972357,0.3174647068,-0.61805909,-1.8748985199999986,-23.77414272,-25.45068203,657.13,59.1106,SLE,-1.43828979,0.394287709,-0.50516913,0.03645106,-1.676539309999999,0.14143378000000006,0.11288996000000007,0.07682300219999999,0.19835920999999956
isopropylamine,373.15,-24.11189277,-26.02171006,660.78,59.1106,REF,-1.64964437,0.2828318484,-0.67410059,-1.9098172899999994,-24.11189277,-25.81050418,660.78,59.1106,SLE,-1.48416308,0.368481598,-0.53866089,0.03279721,-1.698611409999998,0.16548129,0.13543970000000005,0.08564974960000005,0.2112058800000014
isopropylamine,368.15,-24.45236622,-26.38980951,664.46,59.1106,REF,-1.72579364,0.2479683627,-0.73698108,-1.937443290000001,-24.45236622,-26.16953926,664.46,59.1106,SLE,-1.5333656,0.3417163816,-0.5756226,0.02928427,-1.7171730400000023,0.19242804000000002,0.16135847999999997,0.09374801890000001,0.22027024999999867
isopropylamine,363.15,-24.79553009,-26.75219332,668.18,59.1106,REF,-1.80909863,0.2133863032,-0.80772013,-1.9566632300000002,-24.79553009,-26.52720536,668.18,59.1106,SLE,-1.58636507,0.3140720139,-0.61656021,0.02592,-1.7316752700000002,0.22273356,0.19115991999999993,0.10068571070000001,0.22498796
isopropylamine,358.15,-25.14135041,-27.10766716,671.94,59.1106,REF,-1.9005671,0.1797213431,-0.8874253,-1.9663167499999972,-25.14135041,-26.88284799,671.94,59.1106,SLE,-1.643699,0.2856813525,-0.66205902,0.02271439,-1.7414975799999972,0.25686809999999993,0.22536627999999992,0.1059600094,0.22481916999999996
isopropylamine,353.15,-25.4897924,-27.45506061,675.72,59.1106,REF,-2.00124857,0.1477075513,-0.97724579,-1.9652682100000014,-25.4897924,-27.23574874,675.72,59.1106,SLE,-1.7059744,0.2567467595,-0.71278518,0.01968002,-1.7459563399999993,0.2952741700000001,0.26446061,0.10903920819999999,0.21931187000000207
isopropylamine,348.15,-25.84082069,-27.79346133,679.55,59.1106,REF,-2.11209049,0.1181377555,-1.0782216,-1.9526406399999985,-25.84082069,-27.5851344,679.55,59.1106,SLE,-1.77386713,0.2275536582,-0.76948529,0.01683189,-1.7443137100000001,0.33822336,0.30873631,0.10941590270000001,0.20832692999999836
isopropylamine,343.15,-26.1943995,-28.12235134,683.41,59.1106,REF,-2.23384409,0.0917515095,-1.19116943,-1.9279518400000022,-26.1943995,-27.93018913,683.41,59.1106,SLE,-1.84811933,0.1984778059,-0.83298213,0.01418668,-1.7357896299999993,0.3857247599999998,0.3581873,0.1067262964,0.1921622100000029
isopropylamine,338.15,-26.55049287,-28.44173057,687.31,59.1106,REF,-2.36697023,0.0691051499,-1.31657013,-1.8912377000000014,-26.55049287,-28.27012166,687.31,59.1106,SLE,-1.92950107,0.1699925851,-0.90413551,0.01176248,-1.7196287900000016,0.43746916000000025,0.41243461999999986,0.10088743520000001,0.17160890999999978
isopropylamine,333.15,-26.90906493,-28.75221706,691.24,59.1106,REF,-2.51155197,0.0504670429,-1.45447105,-1.84315213,-26.90906493,-28.60423217,691.24,59.1106,SLE,-2.01876872,0.1426520749,-0.98379455,0.00957704,-1.69516724,0.49278325,0.47067649999999994,0.092185032,0.14798489000000004
isopropylamine,328.15,-27.27008015,-29.05497296,695.21,59.1106,REF,-2.66731533,0.0357693692,-1.60450675,-1.7848928100000023,-27.27008015,-28.93196501,695.21,59.1106,SLE,-2.11662901,0.1170450003,-1.07275107,0.00764489,-1.6618848600000007,0.5506863200000001,0.5317556800000001,0.0812756311,0.12300795000000164
isopropylamine,323.15,-27.63350359,-29.35150142,699.22,59.1106,REF,-2.83373912,0.0246473534,-1.76602239,-1.7179978300000016,-27.63350359,-29.25303875,699.22,59.1106,SLE,-2.22364742,0.0937387555,-1.17163873,0.0059752,-1.6195351600000016,0.6100917000000003,0.5943836600000001,0.0690914021,0.09846266999999997
isopropylamine,318.15,-27.99930125,-29.64340653,703.27,59.1106,REF,-3.01020071,0.0165458186,-1.93824153,-1.6441052800000016,-27.99930125,-29.56750657,703.27,59.1106,SLE,-2.3401959,0.0731965972,-1.28086776,0.00456882,-1.5682053200000006,0.67000481,0.65737377,0.05665077860000001,0.07589996000000099
isopropylamine,313.15,-28.36744033,-29.93218645,707.36,59.1106,REF,-3.19611246,0.0108427605,-2.12042426,-1.5647461199999988,-28.36744033,-29.8757919,707.36,59.1106,SLE,-2.46641269,0.0557047045,-1.40057632,0.00341655,-1.5083515699999985,0.7296997700000003,0.71984794,0.044861944,0.056394550000000265
isopropylamine,308.15,-28.73788959,-30.21910566,711.49,59.1106,REF,-3.39101544,0.0069477411,-2.31197642,-1.4812160699999986,-28.73788959,-30.17865817,711.49,59.1106,SLE,-2.6022051,0.0413296153,-1.53063101,0.00249916,-1.4407685799999967,0.7888103399999999,0.7813454100000001,0.034381874199999996,0.04044749000000181
isopropylamine,303.15,-29.11061966,-30.50515607,715.66,59.1106,REF,-3.59461828,0.0043581856,-2.51249584,-1.3945364100000006,-29.11061966,-30.47710319,715.66,59.1106,SLE,-2.74730674,0.0299218337,-1.67068966,0.00178934,-1.36648353,0.8473115400000002,0.8418061800000001,0.025563648100000003,0.028052880000000613
isopropylamine,298.15,-29.48560345,-30.79107846,719.87,59.1106,REF,-3.80679582,0.0026780442,-2.72177195,-1.305475010000002,-29.48560345,-30.77222984,719.87,59.1106,SLE,-2.90135807,0.0211644727,-1.82029373,0.00125499,-1.2866263900000021,0.9054377499999999,0.90147822,0.0184864285,0.018848619999999983
methanol,403.15,-22.12730948,-19.42805558,663.69,32.042,REF,-3.64111303,0.0072028242,-2.32649315,2.699253900000002,-22.12730948,-19.42958506,663.69,32.042,SLE,-3.53643043,0.0091487217,-2.22225309,0.00029078,2.69772442,0.10468260000000029,0.10424005999999997,0.0019458974999999991,-0.0015294800000020814
methanol,403.15,-22.12730948,-19.42805558,663.69,32.042,REF,-3.64111303,0.0072028242,-2.32649315,2.699253900000002,-22.12730948,-19.42958506,663.69,32.042,SLE,-3.53643043,0.0091487217,-2.22225309,0.00029078,2.69772442,0.10468260000000029,0.10424005999999997,0.0019458974999999991,-0.0015294800000020814
methanol,398.15,-22.45099291,-19.57542386,667.37,32.042,REF,-3.84847741,0.0044801253,-2.53084409,2.8755690499999993,-22.45099291,-19.57682275,667.37,32.042,SLE,-3.71469096,0.0060869158,-2.39742189,0.00019289,2.8741701599999985,0.1337864500000001,0.13342220000000005,0.0016067905,-0.0013988900000008186
methanol,398.15,-22.45099291,-19.57542386,667.37,32.042,REF,-3.84847741,0.0044801253,-2.53084409,2.8755690499999993,-22.45099291,-19.57682275,667.37,32.042,SLE,-3.71469096,0.0060869158,-2.39742189,0.00019289,2.8741701599999985,0.1337864500000001,0.13342220000000005,0.0016067905,-0.0013988900000008186
methanol,393.15,-22.77754467,-19.7286,671.08,32.042,REF,-4.05948218,0.0027606488,-2.73905224,3.048944670000001,-22.77754467,-19.7298013,671.08,32.042,SLE,-3.89588969,0.0040185818,-2.57574441,0.00012709,3.0477433700000027,0.16359248999999965,0.16330782999999993,0.0012579329999999997,-0.0012012999999981844
methanol,393.15,-22.77754467,-19.7286,671.08,32.042,REF,-4.05948218,0.0027606488,-2.73905224,3.048944670000001,-22.77754467,-19.7298013,671.08,32.042,SLE,-3.89588969,0.0040185818,-2.57574441,0.00012709,3.0477433700000027,0.16359248999999965,0.16330782999999993,0.0012579329999999997,-0.0012012999999981844
methanol,388.15,-23.10693885,-19.88784716,674.83,32.042,REF,-4.27410527,0.001685936,-2.95101332,3.219091689999999,-23.10693885,-19.88883138,674.83,32.042,SLE,-4.07995071,0.0026338807,-2.75707311,8.319e-05,3.2181074699999996,0.19415455999999942,0.19394021000000006,0.0009479447000000001,-0.000984219999999425
methanol,388.15,-23.10693885,-19.88784716,674.83,32.042,REF,-4.27410527,0.001685936,-2.95101332,3.219091689999999,-23.10693885,-19.88883138,674.83,32.042,SLE,-4.07995071,0.0026338807,-2.75707311,8.319e-05,3.2181074699999996,0.19415455999999942,0.19394021000000006,0.0009479447000000001,-0.000984219999999425
methanol,383.15,-23.4391479,-20.05345313,678.61,32.042,REF,-4.49230848,0.0010207468,-3.16663557,3.385694769999997,-23.4391479,-20.05423001,678.61,32.042,SLE,-4.26678964,0.0017145284,-2.94127361,5.41e-05,3.384917889999997,0.22551884000000033,0.22536195999999986,0.0006937816000000001,-0.0007768800000000908
methanol,383.15,-23.4391479,-20.05345313,678.61,32.042,REF,-4.49230848,0.0010207468,-3.16663557,3.385694769999997,-23.4391479,-20.05423001,678.61,32.042,SLE,-4.26678964,0.0017145284,-2.94127361,5.41e-05,3.384917889999997,0.22551884000000033,0.22536195999999986,0.0006937816000000001,-0.0007768800000000908
methanol,378.15,-23.77414272,-20.22573191,682.44,32.042,REF,-4.71403551,0.000612862,-3.38582817,3.54841081,-23.77414272,-20.2263267,682.44,32.042,SLE,-4.45630952,0.0011088681,-3.12821438,3.497e-05,3.547816019999999,0.25772599000000085,0.25761378999999973,0.0004960061,-0.0005947900000009554
methanol,378.15,-23.77414272,-20.22573191,682.44,32.042,REF,-4.71403551,0.000612862,-3.38582817,3.54841081,-23.77414272,-20.2263267,682.44,32.042,SLE,-4.45630952,0.0011088681,-3.12821438,3.497e-05,3.547816019999999,0.25772599000000085,0.25761378999999973,0.0004960061,-0.0005947900000009554
methanol,373.15,-24.11189277,-20.40502023,686.31,32.042,REF,-4.93921293,0.0003649973,-3.60849561,3.706872539999999,-24.11189277,-20.40546393,686.31,32.042,SLE,-4.64839975,0.0007127815,-3.31776116,2.247e-05,3.706428840000001,0.2908131799999998,0.29073445,0.0003477842,-0.00044369999999815946
methanol,373.15,-24.11189277,-20.40502023,686.31,32.042,REF,-4.93921293,0.0003649973,-3.60849561,3.706872539999999,-24.11189277,-20.40546393,686.31,32.042,SLE,-4.64839975,0.0007127815,-3.31776116,2.247e-05,3.706428840000001,0.2908131799999998,0.29073445,0.0003477842,-0.00044369999999815946
methanol,368.15,-24.45236622,-20.59167154,690.22,32.042,REF,-5.1677526,0.0002156814,-3.83453582,3.860694679999998,-24.45236622,-20.59199522,690.22,32.042,SLE,-4.8429364,0.0004555416,-3.50977398,1.436e-05,3.860370999999997,0.3248161999999999,0.3247618400000003,0.00023986019999999998,-0.0003236800000010476
methanol,368.15,-24.45236622,-20.59167154,690.22,32.042,REF,-5.1677526,0.0002156814,-3.83453582,3.860694679999998,-24.45236622,-20.59199522,690.22,32.042,SLE,-4.8429364,0.0004555416,-3.50977398,1.436e-05,3.860370999999997,0.3248161999999999,0.3247618400000003,0.00023986019999999998,-0.0003236800000010476
methanol,363.15,-24.79553009,-20.78604893,694.17,32.042,REF,-5.39955503,0.0001264876,-4.06384053,4.00948116,-24.79553009,-20.78628047,694.17,32.042,SLE,-5.03978419,0.0002895677,-3.70410668,9.12e-06,4.0092496199999985,0.35977084000000037,0.35973385,0.00016308009999999997,-0.00023154000000147335
methanol,363.15,-24.79553009,-20.78604893,694.17,32.042,REF,-5.39955503,0.0001264876,-4.06384053,4.00948116,-24.79553009,-20.78628047,694.17,32.042,SLE,-5.03978419,0.0002895677,-3.70410668,9.12e-06,4.0092496199999985,0.35977084000000037,0.35973385,0.00016308009999999997,-0.00023154000000147335
methanol,358.15,-25.14135041,-20.98851808,698.16,32.042,REF,-5.63451303,7.36397e-05,-4.29629704,4.1528323300000025,-25.14135041,-20.98868087,698.16,32.042,SLE,-5.2387989,0.0001831387,-3.90060779,5.77e-06,4.1526695400000015,0.39571413,0.39568924999999977,0.000109499,-0.00016279000000096744
methanol,358.15,-25.14135041,-20.98851808,698.16,32.042,REF,-5.63451303,7.36397e-05,-4.29629704,4.1528323300000025,-25.14135041,-20.98868087,698.16,32.042,SLE,-5.2387989,0.0001831387,-3.90060779,5.77e-06,4.1526695400000015,0.39571413,0.39568924999999977,0.000109499,-0.00016279000000096744
methanol,353.15,-25.4897924,-21.19944058,702.19,32.042,REF,-5.87251531,4.25719e-05,-4.53179069,4.290351819999998,-25.4897924,-21.19955326,702.19,32.042,SLE,-5.43983034,0.0001152862,-4.09912226,3.63e-06,4.290239140000001,0.4326849699999995,0.43266843000000055,7.27143e-05,-0.0001126799999973116
methanol,353.15,-25.4897924,-21.19944058,702.19,32.042,REF,-5.87251531,4.25719e-05,-4.53179069,4.290351819999998,-25.4897924,-21.19955326,702.19,32.042,SLE,-5.43983034,0.0001152862,-4.09912226,3.63e-06,4.290239140000001,0.4326849699999995,0.43266843000000055,7.27143e-05,-0.0001126799999973116
methanol,348.15,-25.84082069,-21.41916782,706.27,32.042,REF,-6.11345028,2.44453e-05,-4.77020774,4.421652870000003,-25.84082069,-21.41924474,706.27,32.042,SLE,-5.64272541,7.22604e-05,-4.29949377,2.28e-06,4.421575950000001,0.47072487000000063,0.47071397000000026,4.78151e-05,-7.692000000147914e-05
methanol,348.15,-25.84082069,-21.41916782,706.27,32.042,REF,-6.11345028,2.44453e-05,-4.77020774,4.421652870000003,-25.84082069,-21.41924474,706.27,32.042,SLE,-5.64272541,7.22604e-05,-4.29949377,2.28e-06,4.421575950000001,0.47072487000000063,0.47071397000000026,4.78151e-05,-7.692000000147914e-05
methanol,343.15,-26.1943995,-21.6480357,710.39,32.042,REF,-6.35720939,1.39457e-05,-5.01143833,4.546363799999998,-26.1943995,-21.64808754,710.39,32.042,SLE,-5.84733131,4.51134e-05,-4.50156736,1.42e-06,4.546311960000001,0.50987808,0.5098709699999997,3.11677e-05,-5.183999999758271e-05
methanol,343.15,-26.1943995,-21.6480357,710.39,32.042,REF,-6.35720939,1.39457e-05,-5.01143833,4.546363799999998,-26.1943995,-21.64808754,710.39,32.042,SLE,-5.84733131,4.51134e-05,-4.50156736,1.42e-06,4.546311960000001,0.50987808,0.5098709699999997,3.11677e-05,-5.183999999758271e-05
methanol,338.15,-26.55049287,-21.88636003,714.55,32.042,REF,-6.60369058,7.906097e-06,-5.25537955,4.664132840000001,-26.55049287,-21.88639458,714.55,32.042,SLE,-6.05349857,2.80637e-05,-4.70519213,8.8e-07,4.664098289999998,0.55019201,0.5501874199999994,2.0157603e-05,-3.455000000229802e-05
methanol,338.15,-26.55049287,-21.88636003,714.55,32.042,REF,-6.60369058,7.906097e-06,-5.25537955,4.664132840000001,-26.55049287,-21.88639458,714.55,32.042,SLE,-6.05349857,2.80637e-05,-4.70519213,8.8e-07,4.664098289999998,0.55019201,0.5501874199999994,2.0157603e-05,-3.455000000229802e-05
methanol,333.15,-26.90906493,-22.13443284,718.76,32.042,REF,-6.85280132,4.455053e-06,-5.5019383,4.774632090000001,-26.90906493,-22.13445562,718.76,32.042,SLE,-6.26108395,1.74006e-05,-4.9102239,5.5e-07,4.774609309999999,0.5917173700000005,0.5917143999999999,1.2945547000000002e-05,-2.27800000018874e-05
methanol,333.15,-26.90906493,-22.13443284,718.76,32.042,REF,-6.85280132,4.455053e-06,-5.5019383,4.774632090000001,-26.90906493,-22.13445562,718.76,32.042,SLE,-6.26108395,1.74006e-05,-4.9102239,5.5e-07,4.774609309999999,0.5917173700000005,0.5917143999999999,1.2945547000000002e-05,-2.27800000018874e-05
methanol,328.15,-27.27008015,-22.39251925,723.02,32.042,REF,-7.10446156,2.495706e-06,-5.75103416,4.877560899999999,-27.27008015,-22.39253413,723.02,32.042,SLE,-6.46995327,1.07572e-05,-5.11652777,3.4e-07,4.877546019999997,0.6345082899999994,0.6345063899999994,8.261493999999999e-06,-1.4880000001937788e-05
methanol,328.15,-27.27008015,-22.39251925,723.02,32.042,REF,-7.10446156,2.495706e-06,-5.75103416,4.877560899999999,-27.27008015,-22.39253413,723.02,32.042,SLE,-6.46995327,1.07572e-05,-5.11652777,3.4e-07,4.877546019999997,0.6345082899999994,0.6345063899999994,8.261493999999999e-06,-1.4880000001937788e-05
methanol,323.15,-27.63350359,-22.66085535,727.32,32.042,REF,-7.35860637,1.39011e-06,-6.00260191,4.972648240000002,-27.63350359,-22.66086489,727.32,32.042,SLE,-6.6799838,6.632381e-06,-5.32398055,2.1e-07,4.972638700000001,0.6786225700000008,0.6786213600000002,5.242271e-06,-9.540000000640703e-06
methanol,323.15,-27.63350359,-22.66085535,727.32,32.042,REF,-7.35860637,1.39011e-06,-6.00260191,4.972648240000002,-27.63350359,-22.66086489,727.32,32.042,SLE,-6.6799838,6.632381e-06,-5.32398055,2.1e-07,4.972638700000001,0.6786225700000008,0.6786213600000002,5.242271e-06,-9.540000000640703e-06
methanol,318.15,-27.99930125,-22.93964624,731.67,32.042,REF,-7.61518863,7.699581e-07,-6.25659421,5.05965501,-27.99930125,-22.93965238,731.67,32.042,SLE,-6.89106654,4.07932e-06,-5.53247289,1.3e-07,5.05964887,0.7241220899999998,0.7241213200000001,3.3093619e-06,-6.139999999987822e-06
methanol,318.15,-27.99930125,-22.93964624,731.67,32.042,REF,-7.61518863,7.699581e-07,-6.25659421,5.05965501,-27.99930125,-22.93965238,731.67,32.042,SLE,-6.89106654,4.07932e-06,-5.53247289,1.3e-07,5.05964887,0.7241220899999998,0.7241213200000001,3.3093619e-06,-6.139999999987822e-06
methanol,313.15,-28.36744033,-23.22906582,736.07,32.042,REF,-7.87418083,4.241066e-07,-6.51298337,5.138374510000002,-28.36744033,-23.22906976,736.07,32.042,SLE,-7.10310825,2.503495e-06,-5.74191127,8e-08,5.138370569999999,0.7710725800000002,0.7710720999999996,2.0793884e-06,-3.940000002700117e-06
methanol,313.15,-28.36744033,-23.22906582,736.07,32.042,REF,-7.87418083,4.241066e-07,-6.51298337,5.138374510000002,-28.36744033,-23.22906976,736.07,32.042,SLE,-7.10310825,2.503495e-06,-5.74191127,8e-08,5.138370569999999,0.7710725800000002,0.7710720999999996,2.0793884e-06,-3.940000002700117e-06
methanol,308.15,-28.73788959,-23.52925606,740.51,32.042,REF,-8.13557746,2.323157e-07,-6.77176369,5.20863353,-28.73788959,-23.52925865,740.51,32.042,SLE,-7.31603306,1.533283e-06,-5.95221959,5e-08,5.208630940000003,0.8195444000000007,0.8195440999999999,1.3009672999999999e-06,-2.5899999975820265e-06
methanol,308.15,-28.73788959,-23.52925606,740.51,32.042,REF,-8.13557746,2.323157e-07,-6.77176369,5.20863353,-28.73788959,-23.52925865,740.51,32.042,SLE,-7.31603306,1.533283e-06,-5.95221959,5e-08,5.208630940000003,0.8195444000000007,0.8195440999999999,1.3009672999999999e-06,-2.5899999975820265e-06
methanol,303.15,-29.11061966,-23.84032746,745.01,32.042,REF,-8.39939665,1.265492e-07,-7.03295315,5.2702922,-29.11061966,-23.84032909,745.01,32.042,SLE,-7.52978424,9.372845e-07,-6.16334093,3e-08,5.27029057,0.8696124100000002,0.8696122199999996,8.107353000000001e-07,-1.629999999863685e-06
methanol,303.15,-29.11061966,-23.84032746,745.01,32.042,REF,-8.39939665,1.265492e-07,-7.03295315,5.2702922,-29.11061966,-23.84032909,745.01,32.042,SLE,-7.52978424,9.372845e-07,-6.16334093,3e-08,5.27029057,0.8696124100000002,0.8696122199999996,8.107353000000001e-07,-1.629999999863685e-06
methanol,298.15,-29.48560345,-24.16235995,749.56,32.042,REF,-8.66568182,6.854475e-08,-7.29659502,5.3232435,-29.48560345,-24.16236096,749.56,32.042,SLE,-7.744325,5.719141e-07,-6.37523831,2e-08,5.323242489999998,0.9213568199999997,0.9213567099999995,5.0336935e-07,-1.01000000185536e-06
methanol,298.15,-29.48560345,-24.16235995,749.56,32.042,REF,-8.66568182,6.854475e-08,-7.29659502,5.3232435,-29.48560345,-24.16236096,749.56,32.042,SLE,-7.744325,5.719141e-07,-6.37523831,2e-08,5.323242489999998,0.9213568199999997,0.9213567099999995,5.0336935e-07,-1.01000000185536e-06
methanol,403.15,-22.12730948,-19.42805558,663.69,32.042,REF,-3.64111303,0.0072028242,-2.32649315,2.699253900000002,-22.12730948,-19.42958506,663.69,32.042,SLE,-3.53643043,0.0091487217,-2.22225309,0.00029078,2.69772442,0.10468260000000029,0.10424005999999997,0.0019458974999999991,-0.0015294800000020814
methanol,403.15,-22.12730948,-19.42805558,663.69,32.042,REF,-3.64111303,0.0072028242,-2.32649315,2.699253900000002,-22.12730948,-19.42958506,663.69,32.042,SLE,-3.53643043,0.0091487217,-2.22225309,0.00029078,2.69772442,0.10468260000000029,0.10424005999999997,0.0019458974999999991,-0.0015294800000020814
methanol,398.15,-22.45099291,-19.57542386,667.37,32.042,REF,-3.84847741,0.0044801253,-2.53084409,2.8755690499999993,-22.45099291,-19.57682275,667.37,32.042,SLE,-3.71469096,0.0060869158,-2.39742189,0.00019289,2.8741701599999985,0.1337864500000001,0.13342220000000005,0.0016067905,-0.0013988900000008186
methanol,398.15,-22.45099291,-19.57542386,667.37,32.042,REF,-3.84847741,0.0044801253,-2.53084409,2.8755690499999993,-22.45099291,-19.57682275,667.37,32.042,SLE,-3.71469096,0.0060869158,-2.39742189,0.00019289,2.8741701599999985,0.1337864500000001,0.13342220000000005,0.0016067905,-0.0013988900000008186
methanol,393.15,-22.77754467,-19.7286,671.08,32.042,REF,-4.05948218,0.0027606488,-2.73905224,3.048944670000001,-22.77754467,-19.7298013,671.08,32.042,SLE,-3.89588969,0.0040185818,-2.57574441,0.00012709,3.0477433700000027,0.16359248999999965,0.16330782999999993,0.0012579329999999997,-0.0012012999999981844
methanol,393.15,-22.77754467,-19.7286,671.08,32.042,REF,-4.05948218,0.0027606488,-2.73905224,3.048944670000001,-22.77754467,-19.7298013,671.08,32.042,SLE,-3.89588969,0.0040185818,-2.57574441,0.00012709,3.0477433700000027,0.16359248999999965,0.16330782999999993,0.0012579329999999997,-0.0012012999999981844
methanol,388.15,-23.10693885,-19.88784716,674.83,32.042,REF,-4.27410527,0.001685936,-2.95101332,3.219091689999999,-23.10693885,-19.88883138,674.83,32.042,SLE,-4.07995071,0.0026338807,-2.75707311,8.319e-05,3.2181074699999996,0.19415455999999942,0.19394021000000006,0.0009479447000000001,-0.000984219999999425
methanol,388.15,-23.10693885,-19.88784716,674.83,32.042,REF,-4.27410527,0.001685936,-2.95101332,3.219091689999999,-23.10693885,-19.88883138,674.83,32.042,SLE,-4.07995071,0.0026338807,-2.75707311,8.319e-05,3.2181074699999996,0.19415455999999942,0.19394021000000006,0.0009479447000000001,-0.000984219999999425
methanol,383.15,-23.4391479,-20.05345313,678.61,32.042,REF,-4.49230848,0.0010207468,-3.16663557,3.385694769999997,-23.4391479,-20.05423001,678.61,32.042,SLE,-4.26678964,0.0017145284,-2.94127361,5.41e-05,3.384917889999997,0.22551884000000033,0.22536195999999986,0.0006937816000000001,-0.0007768800000000908
methanol,383.15,-23.4391479,-20.05345313,678.61,32.042,REF,-4.49230848,0.0010207468,-3.16663557,3.385694769999997,-23.4391479,-20.05423001,678.61,32.042,SLE,-4.26678964,0.0017145284,-2.94127361,5.41e-05,3.384917889999997,0.22551884000000033,0.22536195999999986,0.0006937816000000001,-0.0007768800000000908
methanol,378.15,-23.77414272,-20.22573191,682.44,32.042,REF,-4.71403551,0.000612862,-3.38582817,3.54841081,-23.77414272,-20.2263267,682.44,32.042,SLE,-4.45630952,0.0011088681,-3.12821438,3.497e-05,3.547816019999999,0.25772599000000085,0.25761378999999973,0.0004960061,-0.0005947900000009554
methanol,378.15,-23.77414272,-20.22573191,682.44,32.042,REF,-4.71403551,0.000612862,-3.38582817,3.54841081,-23.77414272,-20.2263267,682.44,32.042,SLE,-4.45630952,0.0011088681,-3.12821438,3.497e-05,3.547816019999999,0.25772599000000085,0.25761378999999973,0.0004960061,-0.0005947900000009554
methanol,373.15,-24.11189277,-20.40502023,686.31,32.042,REF,-4.93921293,0.0003649973,-3.60849561,3.706872539999999,-24.11189277,-20.40546393,686.31,32.042,SLE,-4.64839975,0.0007127815,-3.31776116,2.247e-05,3.706428840000001,0.2908131799999998,0.29073445,0.0003477842,-0.00044369999999815946
methanol,373.15,-24.11189277,-20.40502023,686.31,32.042,REF,-4.93921293,0.0003649973,-3.60849561,3.706872539999999,-24.11189277,-20.40546393,686.31,32.042,SLE,-4.64839975,0.0007127815,-3.31776116,2.247e-05,3.706428840000001,0.2908131799999998,0.29073445,0.0003477842,-0.00044369999999815946
methanol,368.15,-24.45236622,-20.59167154,690.22,32.042,REF,-5.1677526,0.0002156814,-3.83453582,3.860694679999998,-24.45236622,-20.59199522,690.22,32.042,SLE,-4.8429364,0.0004555416,-3.50977398,1.436e-05,3.860370999999997,0.3248161999999999,0.3247618400000003,0.00023986019999999998,-0.0003236800000010476
methanol,368.15,-24.45236622,-20.59167154,690.22,32.042,REF,-5.1677526,0.0002156814,-3.83453582,3.860694679999998,-24.45236622,-20.59199522,690.22,32.042,SLE,-4.8429364,0.0004555416,-3.50977398,1.436e-05,3.860370999999997,0.3248161999999999,0.3247618400000003,0.00023986019999999998,-0.0003236800000010476
methanol,363.15,-24.79553009,-20.78604893,694.17,32.042,REF,-5.39955503,0.0001264876,-4.06384053,4.00948116,-24.79553009,-20.78628047,694.17,32.042,SLE,-5.03978419,0.0002895677,-3.70410668,9.12e-06,4.0092496199999985,0.35977084000000037,0.35973385,0.00016308009999999997,-0.00023154000000147335
methanol,363.15,-24.79553009,-20.78604893,694.17,32.042,REF,-5.39955503,0.0001264876,-4.06384053,4.00948116,-24.79553009,-20.78628047,694.17,32.042,SLE,-5.03978419,0.0002895677,-3.70410668,9.12e-06,4.0092496199999985,0.35977084000000037,0.35973385,0.00016308009999999997,-0.00023154000000147335
methanol,358.15,-25.14135041,-20.98851808,698.16,32.042,REF,-5.63451303,7.36397e-05,-4.29629704,4.1528323300000025,-25.14135041,-20.98868087,698.16,32.042,SLE,-5.2387989,0.0001831387,-3.90060779,5.77e-06,4.1526695400000015,0.39571413,0.39568924999999977,0.000109499,-0.00016279000000096744
methanol,358.15,-25.14135041,-20.98851808,698.16,32.042,REF,-5.63451303,7.36397e-05,-4.29629704,4.1528323300000025,-25.14135041,-20.98868087,698.16,32.042,SLE,-5.2387989,0.0001831387,-3.90060779,5.77e-06,4.1526695400000015,0.39571413,0.39568924999999977,0.000109499,-0.00016279000000096744
methanol,353.15,-25.4897924,-21.19944058,702.19,32.042,REF,-5.87251531,4.25719e-05,-4.53179069,4.290351819999998,-25.4897924,-21.19955326,702.19,32.042,SLE,-5.43983034,0.0001152862,-4.09912226,3.63e-06,4.290239140000001,0.4326849699999995,0.43266843000000055,7.27143e-05,-0.0001126799999973116
methanol,353.15,-25.4897924,-21.19944058,702.19,32.042,REF,-5.87251531,4.25719e-05,-4.53179069,4.290351819999998,-25.4897924,-21.19955326,702.19,32.042,SLE,-5.43983034,0.0001152862,-4.09912226,3.63e-06,4.290239140000001,0.4326849699999995,0.43266843000000055,7.27143e-05,-0.0001126799999973116
methanol,348.15,-25.84082069,-21.41916782,706.27,32.042,REF,-6.11345028,2.44453e-05,-4.77020774,4.421652870000003,-25.84082069,-21.41924474,706.27,32.042,SLE,-5.64272541,7.22604e-05,-4.29949377,2.28e-06,4.421575950000001,0.47072487000000063,0.47071397000000026,4.78151e-05,-7.692000000147914e-05
methanol,348.15,-25.84082069,-21.41916782,706.27,32.042,REF,-6.11345028,2.44453e-05,-4.77020774,4.421652870000003,-25.84082069,-21.41924474,706.27,32.042,SLE,-5.64272541,7.22604e-05,-4.29949377,2.28e-06,4.421575950000001,0.47072487000000063,0.47071397000000026,4.78151e-05,-7.692000000147914e-05
methanol,343.15,-26.1943995,-21.6480357,710.39,32.042,REF,-6.35720939,1.39457e-05,-5.01143833,4.546363799999998,-26.1943995,-21.64808754,710.39,32.042,SLE,-5.84733131,4.51134e-05,-4.50156736,1.42e-06,4.546311960000001,0.50987808,0.5098709699999997,3.11677e-05,-5.183999999758271e-05
methanol,343.15,-26.1943995,-21.6480357,710.39,32.042,REF,-6.35720939,1.39457e-05,-5.01143833,4.546363799999998,-26.1943995,-21.64808754,710.39,32.042,SLE,-5.84733131,4.51134e-05,-4.50156736,1.42e-06,4.546311960000001,0.50987808,0.5098709699999997,3.11677e-05,-5.183999999758271e-05
methanol,338.15,-26.55049287,-21.88636003,714.55,32.042,REF,-6.60369058,7.906097e-06,-5.25537955,4.664132840000001,-26.55049287,-21.88639458,714.55,32.042,SLE,-6.05349857,2.80637e-05,-4.70519213,8.8e-07,4.664098289999998,0.55019201,0.5501874199999994,2.0157603e-05,-3.455000000229802e-05
methanol,338.15,-26.55049287,-21.88636003,714.55,32.042,REF,-6.60369058,7.906097e-06,-5.25537955,4.664132840000001,-26.55049287,-21.88639458,714.55,32.042,SLE,-6.05349857,2.80637e-05,-4.70519213,8.8e-07,4.664098289999998,0.55019201,0.5501874199999994,2.0157603e-05,-3.455000000229802e-05
methanol,333.15,-26.90906493,-22.13443284,718.76,32.042,REF,-6.85280132,4.455053e-06,-5.5019383,4.774632090000001,-26.90906493,-22.13445562,718.76,32.042,SLE,-6.26108395,1.74006e-05,-4.9102239,5.5e-07,4.774609309999999,0.5917173700000005,0.5917143999999999,1.2945547000000002e-05,-2.27800000018874e-05
methanol,333.15,-26.90906493,-22.13443284,718.76,32.042,REF,-6.85280132,4.455053e-06,-5.5019383,4.774632090000001,-26.90906493,-22.13445562,718.76,32.042,SLE,-6.26108395,1.74006e-05,-4.9102239,5.5e-07,4.774609309999999,0.5917173700000005,0.5917143999999999,1.2945547000000002e-05,-2.27800000018874e-05
methanol,328.15,-27.27008015,-22.39251925,723.02,32.042,REF,-7.10446156,2.495706e-06,-5.75103416,4.877560899999999,-27.27008015,-22.39253413,723.02,32.042,SLE,-6.46995327,1.07572e-05,-5.11652777,3.4e-07,4.877546019999997,0.6345082899999994,0.6345063899999994,8.261493999999999e-06,-1.4880000001937788e-05
methanol,328.15,-27.27008015,-22.39251925,723.02,32.042,REF,-7.10446156,2.495706e-06,-5.75103416,4.877560899999999,-27.27008015,-22.39253413,723.02,32.042,SLE,-6.46995327,1.07572e-05,-5.11652777,3.4e-07,4.877546019999997,0.6345082899999994,0.6345063899999994,8.261493999999999e-06,-1.4880000001937788e-05
methanol,323.15,-27.63350359,-22.66085535,727.32,32.042,REF,-7.35860637,1.39011e-06,-6.00260191,4.972648240000002,-27.63350359,-22.66086489,727.32,32.042,SLE,-6.6799838,6.632381e-06,-5.32398055,2.1e-07,4.972638700000001,0.6786225700000008,0.6786213600000002,5.242271e-06,-9.540000000640703e-06
methanol,323.15,-27.63350359,-22.66085535,727.32,32.042,REF,-7.35860637,1.39011e-06,-6.00260191,4.972648240000002,-27.63350359,-22.66086489,727.32,32.042,SLE,-6.6799838,6.632381e-06,-5.32398055,2.1e-07,4.972638700000001,0.6786225700000008,0.6786213600000002,5.242271e-06,-9.540000000640703e-06
methanol,318.15,-27.99930125,-22.93964624,731.67,32.042,REF,-7.61518863,7.699581e-07,-6.25659421,5.05965501,-27.99930125,-22.93965238,731.67,32.042,SLE,-6.89106654,4.07932e-06,-5.53247289,1.3e-07,5.05964887,0.7241220899999998,0.7241213200000001,3.3093619e-06,-6.139999999987822e-06
methanol,318.15,-27.99930125,-22.93964624,731.67,32.042,REF,-7.61518863,7.699581e-07,-6.25659421,5.05965501,-27.99930125,-22.93965238,731.67,32.042,SLE,-6.89106654,4.07932e-06,-5.53247289,1.3e-07,5.05964887,0.7241220899999998,0.7241213200000001,3.3093619e-06,-6.139999999987822e-06
methanol,313.15,-28.36744033,-23.22906582,736.07,32.042,REF,-7.87418083,4.241066e-07,-6.51298337,5.138374510000002,-28.36744033,-23.22906976,736.07,32.042,SLE,-7.10310825,2.503495e-06,-5.74191127,8e-08,5.138370569999999,0.7710725800000002,0.7710720999999996,2.0793884e-06,-3.940000002700117e-06
methanol,313.15,-28.36744033,-23.22906582,736.07,32.042,REF,-7.87418083,4.241066e-07,-6.51298337,5.138374510000002,-28.36744033,-23.22906976,736.07,32.042,SLE,-7.10310825,2.503495e-06,-5.74191127,8e-08,5.138370569999999,0.7710725800000002,0.7710720999999996,2.0793884e-06,-3.940000002700117e-06
methanol,308.15,-28.73788959,-23.52925606,740.51,32.042,REF,-8.13557746,2.323157e-07,-6.77176369,5.20863353,-28.73788959,-23.52925865,740.51,32.042,SLE,-7.31603306,1.533283e-06,-5.95221959,5e-08,5.208630940000003,0.8195444000000007,0.8195440999999999,1.3009672999999999e-06,-2.5899999975820265e-06
methanol,308.15,-28.73788959,-23.52925606,740.51,32.042,REF,-8.13557746,2.323157e-07,-6.77176369,5.20863353,-28.73788959,-23.52925865,740.51,32.042,SLE,-7.31603306,1.533283e-06,-5.95221959,5e-08,5.208630940000003,0.8195444000000007,0.8195440999999999,1.3009672999999999e-06,-2.5899999975820265e-06
methanol,303.15,-29.11061966,-23.84032746,745.01,32.042,REF,-8.39939665,1.265492e-07,-7.03295315,5.2702922,-29.11061966,-23.84032909,745.01,32.042,SLE,-7.52978424,9.372845e-07,-6.16334093,3e-08,5.27029057,0.8696124100000002,0.8696122199999996,8.107353000000001e-07,-1.629999999863685e-06
methanol,303.15,-29.11061966,-23.84032746,745.01,32.042,REF,-8.39939665,1.265492e-07,-7.03295315,5.2702922,-29.11061966,-23.84032909,745.01,32.042,SLE,-7.52978424,9.372845e-07,-6.16334093,3e-08,5.27029057,0.8696124100000002,0.8696122199999996,8.107353000000001e-07,-1.629999999863685e-06
methanol,298.15,-29.48560345,-24.16235995,749.56,32.042,REF,-8.66568182,6.854475e-08,-7.29659502,5.3232435,-29.48560345,-24.16236096,749.56,32.042,SLE,-7.744325,5.719141e-07,-6.37523831,2e-08,5.323242489999998,0.9213568199999997,0.9213567099999995,5.0336935e-07,-1.01000000185536e-06
methanol,298.15,-29.48560345,-24.16235995,749.56,32.042,REF,-8.66568182,6.854475e-08,-7.29659502,5.3232435,-29.48560345,-24.16236096,749.56,32.042,SLE,-7.744325,5.719141e-07,-6.37523831,2e-08,5.323242489999998,0.9213568199999997,0.9213567099999995,5.0336935e-07,-1.01000000185536e-06
methylacetate,403.15,-22.12730948,-23.67483535,840.34,74.0789,REF,-1.33895559,0.3973427055,-0.42769926,-1.5475258699999976,-22.12730948,-23.58372748,840.34,74.0789,SLE,-1.28546829,0.4287196108,-0.38994017,0.05182409,-1.4564179999999993,0.053487300000000015,0.03775909000000005,0.03137690529999998,0.09110786999999831
methylacetate,398.15,-22.45099291,-24.05759016,844.8,74.0789,REF,-1.38820502,0.3693315918,-0.461425,-1.60659725,-22.45099291,-23.94344897,844.8,74.0789,SLE,-1.31887877,0.4090131577,-0.41115515,0.04798674,-1.4924560599999985,0.06932625000000003,0.05026984999999995,0.03968156589999999,0.11414119000000156
methylacetate,393.15,-22.77754467,-24.44180139,849.3,74.0789,REF,-1.439492,0.3412075642,-0.4977613,-1.6642567199999974,-22.77754467,-24.30556751,849.3,74.0789,SLE,-1.35340105,0.3890324337,-0.43369564,0.04431992,-1.5280228399999984,0.08609095,0.06406566000000002,0.04782486950000003,0.13623387999999892
methylacetate,388.15,-23.10693885,-24.82712363,853.84,74.0789,REF,-1.49307516,0.3130999843,-0.53697755,-1.7201847800000003,-23.10693885,-24.66997888,853.84,74.0789,SLE,-1.38912217,0.3688188869,-0.45765989,0.04082045,-1.5630400299999998,0.10395299000000002,0.07931766000000001,0.05571890259999995,0.1571447500000005
methylacetate,383.15,-23.4391479,-25.21322132,858.41,74.0789,REF,-1.54922008,0.2851693488,-0.57935758,-1.7740734200000006,-23.4391479,-25.03657569,858.41,74.0789,SLE,-1.42613459,0.3484221508,-0.48315294,0.03748568,-1.5974277900000011,0.12308549000000002,0.09620464000000006,0.063252802,0.17664562999999944
methylacetate,378.15,-23.77414272,-25.59976977,863.01,74.0789,REF,-1.6081992,0.2576058324,-0.62519751,-1.8256270500000014,-23.77414272,-25.40523921,863.01,74.0789,SLE,-1.46454132,0.3278979763,-0.51029053,0.034313,-1.631096490000001,0.14365788000000013,0.11490697999999999,0.07029214389999999,0.19453056000000046
methylacetate,373.15,-24.11189277,-25.98635599,867.65,74.0789,REF,-1.67035046,0.2306007159,-0.67485306,-1.874463219999999,-24.11189277,-25.77584261,867.65,74.0789,SLE,-1.50445477,0.307309718,-0.53919849,0.03130006,-1.6639498400000008,0.16589569000000015,0.13565457000000003,0.0767090021,0.2105133799999983
methylacetate,368.15,-24.45236622,-26.37250088,872.33,74.0789,REF,-1.7360686,0.204353338,-0.72873493,-1.9201346600000022,-24.45236622,-26.148262,872.33,74.0789,SLE,-1.54599098,0.2867317828,-0.5700082,0.0284452,-1.6958957800000007,0.19007762000000006,0.15872673000000004,0.0823784448,0.22423888000000147
methylacetate,363.15,-24.79553009,-26.757834,877.04,74.0789,REF,-1.80570404,0.1791063815,-0.78722078,-1.9623039099999993,-24.79553009,-26.52235288,877.04,74.0789,SLE,-1.58928405,0.2662426468,-0.602868,0.02574637,-1.72682279,0.2164199899999999,0.18435278,0.08713626529999999,0.23548111999999932
methylacetate,358.15,-25.14135041,-27.14185431,881.79,74.0789,REF,-1.87970587,0.15508069,-0.85077544,-2.0005038999999982,-25.14135041,-26.89797185,881.79,74.0789,SLE,-1.63447433,0.2459309864,-0.63793384,0.02320201,-1.75662144,0.24523154000000003,0.21284160000000008,0.0908502964,0.24388245999999825
methylacetate,353.15,-25.4897924,-27.5241453,886.58,74.0789,REF,-1.95849577,0.1325116513,-0.91983948,-2.034352900000002,-25.4897924,-27.27495211,886.58,74.0789,SLE,-1.68172407,0.2258883694,-0.67538215,0.02081018,-1.785159710000002,0.27677170000000006,0.24445733000000003,0.0933767181,0.24919318999999973
methylacetate,348.15,-25.84082069,-27.90428912,891.41,74.0789,REF,-2.04252013,0.1116140003,-0.99487083,-2.0634684300000004,-25.84082069,-27.65313069,891.41,74.0789,SLE,-1.73120208,0.2062158299,-0.71539713,0.0185694,-1.81231,0.3113180500000001,0.27947369999999994,0.0946018296,0.25115843000000027
methylacetate,343.15,-26.1943995,-28.28194581,896.27,74.0789,REF,-2.13220149,0.0925772887,-1.07629711,-2.0875463100000005,-26.1943995,-28.03234538,896.27,74.0789,SLE,-1.78308624,0.1870210095,-0.75817229,0.01647835,-1.8379458799999995,0.3491152499999999,0.3181248200000001,0.0944437208,0.24960043000000098
methylacetate,338.15,-26.55049287,-28.656886,901.17,74.0789,REF,-2.22791579,0.0755486587,-1.16448948,-2.1063931300000007,-26.55049287,-28.41240874,901.17,74.0789,SLE,-1.83758117,0.1684100975,-0.80392551,0.01453513,-1.8619158700000007,0.39033461999999997,0.36056397000000007,0.0928614388,0.24447726000000003
methylacetate,333.15,-26.90906493,-29.02901484,906.12,74.0789,REF,-2.32997335,0.0606160016,-1.25974061,-2.119949909999999,-26.90906493,-28.79314954,906.12,74.0789,SLE,-1.89489319,0.1504948739,-0.85287689,0.01273816,-1.8840846100000022,0.43508016000000005,0.40686371999999993,0.0898788723,0.23586529999999684
methylacetate,328.15,-27.27008015,-29.39840215,911.1,74.0789,REF,-2.43859396,0.0477971067,-1.36223826,-2.1283220000000007,-27.27008015,-29.17439498,911.1,74.0789,SLE,-1.95524244,0.1333848099,-0.90525857,0.01108556,-1.9043148300000006,0.48335152000000003,0.45697969000000005,0.0855877032,0.22400717000000014
methylacetate,323.15,-27.63350359,-29.76531596,916.12,74.0789,REF,-2.55387738,0.0370363829,-1.47203596,-2.1318123699999987,-27.63350359,-29.5559824,916.12,74.0789,SLE,-2.01885628,0.11718526,-0.96130801,0.00957511,-1.9224788100000012,0.5350210999999998,0.5107279499999999,0.0801488771,0.20933355999999748
methylacetate,318.15,-27.99930125,-30.13017527,921.18,74.0789,REF,-2.67582655,0.0282062837,-1.589077,-2.1308740200000003,-27.99930125,-29.93775561,921.18,74.0789,SLE,-2.08597252,0.1019921002,-1.02127013,0.00820403,-1.9384543600000015,0.5898540300000001,0.5678068700000001,0.0737858165,0.19241965999999877
methylacetate,313.15,-28.36744033,-30.49354432,926.28,74.0789,REF,-2.80434411,0.0211226024,-1.71319497,-2.1261039900000007,-28.36744033,-30.31959809,926.28,74.0789,SLE,-2.15681735,0.0878916457,-1.08537578,0.0069692,-1.9521577599999986,0.6475267600000003,0.6278191900000001,0.06676904330000001,0.1739462300000021
methylacetate,308.15,-28.73788959,-30.85606955,931.42,74.0789,REF,-2.93926916,0.0155632278,-1.84415498,-2.118179959999999,-28.73788959,-30.70142676,931.42,74.0789,SLE,-2.23160904,0.0749533729,-1.15384378,0.00586666,-1.9635371699999986,0.7076601199999999,0.6903112,0.0593901451,0.15464279000000047
methylacetate,303.15,-29.11061966,-31.21842238,936.6,74.0789,REF,-3.08041354,0.0112900957,-1.98169481,-2.1078027199999987,-29.11061966,-31.08319071,936.6,74.0789,SLE,-2.31055842,0.0632248412,-1.22688044,0.00489149,-1.972571049999999,0.7698551199999999,0.7548143700000001,0.051934745500000004,0.13523166999999958
methylacetate,298.15,-29.48560345,-31.58126027,941.83,74.0789,REF,-3.22758834,0.0080692188,-2.12555585,-2.095656820000002,-29.48560345,-31.46490584,941.83,74.0789,SLE,-2.39384317,0.0527312968,-1.30465427,0.00403791,-1.9793023900000009,0.8337451700000003,0.8209015800000001,0.044662078,0.11635443000000123
butanone,403.15,-22.12730948,-23.76065564,716.5,72.1061,REF,-1.29243285,0.431191589,-0.43363225,-1.6333461599999985,-22.12730948,-23.66412405,716.5,72.1061,SLE,-1.24190463,0.461577685,-0.39749002,0.05729218,-1.5368145700000007,0.0505282199999999,0.03614223,0.03038609600000003,0.09653158999999789
butanone,398.15,-22.45099291,-24.15085809,720.38,72.1061,REF,-1.33701002,0.4049546355,-0.46423801,-1.6998651799999998,-22.45099291,-24.02946838,720.38,72.1061,SLE,-1.27168299,0.4435962453,-0.41640592,0.05349547,-1.5784754700000008,0.06532702999999995,0.047832089999999994,0.03864160980000003,0.12138970999999898
butanone,393.15,-22.77754467,-24.54298968,724.29,72.1061,REF,-1.38324311,0.3784391712,-0.49696032,-1.7654450100000005,-22.77754467,-24.39749497,724.29,72.1061,SLE,-1.30232228,0.4253199875,-0.43635306,0.04985144,-1.6199502999999993,0.08092082999999994,0.060607259999999996,0.04688081630000002,0.14549471000000125
butanone,388.15,-23.10693885,-24.93679978,728.23,72.1061,REF,-1.43132266,0.3517401575,-0.53199585,-1.8298609300000024,-23.10693885,-24.76812638,728.23,72.1061,SLE,-1.33388479,0.4067739266,-0.45739977,0.04635699,-1.661187530000003,0.09743787000000004,0.07459608000000006,0.05503376910000002,0.16867339999999942
butanone,383.15,-23.4391479,-25.3319376,732.2,72.1061,REF,-1.48150531,0.3249451771,-0.56960031,-1.8927897000000016,-23.4391479,-25.14126349,732.2,72.1061,SLE,-1.36644746,0.3879822684,-0.47962721,0.04300833,-1.7021155900000018,0.1150578499999999,0.08997309999999997,0.06303709130000001,0.19067410999999979
butanone,378.15,-23.77414272,-25.72808642,736.21,72.1061,REF,-1.53404071,0.2981788402,-0.6100328,-1.9539437,-23.77414272,-25.51679166,736.21,72.1061,SLE,-1.4000994,0.3689711125,-0.50312821,0.03980161,-1.7426489399999987,0.13394130999999998,0.10690459000000008,0.07079227229999996,0.21129476000000125
butanone,373.15,-24.11189277,-26.12487548,740.26,72.1061,REF,-1.58922272,0.2715774691,-0.65359617,-2.0129827099999993,-24.11189277,-25.89459315,740.26,72.1061,SLE,-1.43493543,0.3497732143,-0.52800274,0.03673369,-1.7827003799999979,0.15428729000000008,0.12559343,0.0781957452,0.23028233000000142
butanone,368.15,-24.45236622,-26.52190741,744.34,72.1061,REF,-1.64737613,0.2452989609,-0.70062716,-2.0695411900000025,-24.45236622,-26.27455991,744.34,72.1061,SLE,-1.47104905,0.3304326118,-0.5543523,0.03380267,-1.8221936900000024,0.17632708000000008,0.14627486,0.0851336509,0.24734750000000005
