Solvent,Temperature_K,mu_self_REF,mu_solv_REF,Solvent_density_REF,Solvent_MolWeight_REF,Method_REF,log10_x_REF,w_REF,log10_S_REF,delta_mu_REF,mu_self_SLE,mu_solv_SLE,Solvent_density_SLE,Solvent_MolWeight_SLE,Method_SLE,log10_x_SLE,w_SLE,log10_S_SLE,x,delta_mu_SLE,error_log10_x,error_log10_S,error_w,error_delta_mu
propanol,403.15,-14.71611476,-13.70714133,700.0,60.0953,REF,-1.6382207,0.1966739036,-0.62846997,1.0089734299999993,-14.71611476,-13.99483166,700.0,60.0953,SLE,-1.16988575,0.4299432563,-0.25239208,0.06762609,0.7212831000000008,0.46833495,0.37607789,0.23326935270000002,-0.28769032999999844
propanol,398.15,-14.95115832,-13.81886401,703.8,60.0953,REF,-1.77535541,0.1506729369,-0.748691,1.132294309999999,-14.95115832,-14.06567833,703.8,60.0953,SLE,-1.31174908,0.3477950633,-0.35536547,0.04878102,0.8854799899999986,0.46360632999999996,0.39332553,0.1971221264,-0.24681432000000036
propanol,393.15,-15.18811761,-13.94011636,707.63,60.0953,REF,-1.91174575,0.1142575835,-0.87183288,1.2480012500000015,-15.18811761,-14.14429779,707.63,60.0953,SLE,-1.45396805,0.2747935819,-0.46674253,0.03515863,1.0438198200000013,0.45777769999999984,0.40509035000000004,0.1605359984,-0.20418143000000022
propanol,388.15,-15.42696862,-14.07035813,711.49,60.0953,REF,-2.04765364,0.0859406868,-0.99726442,1.3566104899999996,-15.42696862,-14.23608105,711.49,60.0953,SLE,-1.59350893,0.2138782699,-0.58250941,0.02549712,1.190887570000001,0.45414471,0.41475501000000004,0.1279375831,-0.16572291999999855
propanol,383.15,-15.66768595,-14.20882121,715.38,60.0953,REF,-2.18348381,0.064198467,-1.1246925,1.4588647399999992,-15.66768595,-14.34204537,715.38,60.0953,SLE,-1.72967251,0.1648948112,-0.7004185,0.01863492,1.32564058,0.4538112999999997,0.42427400000000004,0.1006963442,-0.13322415999999926
propanol,378.15,-15.91024291,-14.35474419,719.31,60.0953,REF,-2.31965781,0.0476635951,-1.25401024,1.5554987199999992,-15.91024291,-14.46128847,719.31,60.0953,SLE,-1.86283075,0.1263239765,-0.81943289,0.01371416,1.4489544399999996,0.45682705999999973,0.43457735,0.07866038139999999,-0.1065442799999996
propanol,373.15,-16.15461156,-14.50744982,723.28,60.0953,REF,-2.45656973,0.0351854796,-1.3852162,1.6471617399999996,-16.15461156,-14.5923632,723.28,60.0953,SLE,-1.99369382,0.0963204553,-0.93916962,0.01014626,1.56224836,0.46287590999999995,0.44604657999999986,0.0611349757,-0.0849133799999997
propanol,368.15,-16.40076282,-14.66638177,727.28,60.0953,REF,-2.59456265,0.025831313,-1.51835847,1.7343810500000014,-16.40076282,-14.73384326,727.28,60.0953,SLE,-2.1229974,0.0731579347,-1.05956112,0.0075336,1.6669195600000002,0.4715652499999998,0.45879735,0.047326621699999995,-0.06746149000000123
propanol,363.15,-16.64866657,-14.83109643,731.31,60.0953,REF,-2.73393005,0.0188612916,-1.65351044,1.817570139999999,-16.64866657,-14.88452166,731.31,60.0953,SLE,-2.2513852,0.0553714715,-1.18066963,0.00560551,1.7641449099999988,0.48254485,0.4728408100000001,0.036510179899999995,-0.05342523000000021
propanol,358.15,-16.89829177,-15.00125667,735.38,60.0953,REF,-2.87491627,0.0136975347,-1.79075202,1.8970351,-16.89829177,-15.04341276,735.38,60.0953,SLE,-2.37940125,0.0417690494,-1.30261704,0.00417445,1.8548790099999994,0.49551502000000003,0.4881349800000001,0.0280715147,-0.042156090000000646
propanol,353.15,-17.14960654,-15.17661731,739.49,60.0953,REF,-3.01772207,0.0098934082,-1.93016097,1.9729892300000014,-17.14960654,-15.20974634,739.49,60.0953,SLE,-2.50748669,0.0314034339,-1.425536,0.00310823,1.9398602,0.5102353800000001,0.5046249700000001,0.021510025699999998,-0.033129030000001336
propanol,348.15,-17.40257834,-15.35700638,743.63,60.0953,REF,-3.16251338,0.0071065207,-2.07181114,2.045571960000002,-17.40257834,-15.38292595,743.63,60.0953,SLE,-2.63599855,0.0235306682,-1.54955608,0.00231207,2.019652390000001,0.52651483,0.52225506,0.0164241475,-0.025919570000001002
propanol,343.15,-17.65717409,-15.54231422,747.82,60.0953,REF,-3.30942576,0.0050762848,-2.21576919,2.114859870000002,-17.65717409,-15.56249532,747.82,60.0953,SLE,-2.76522508,0.0175707958,-1.67479644,0.00171702,2.0946787700000016,0.5442006799999999,0.5409727500000001,0.012494511,-0.020181100000000285
propanol,338.15,-17.91336033,-15.7324795,752.04,60.0953,REF,-3.4585713,0.0036056203,-2.36209574,2.1808808299999995,-17.91336033,-15.74811176,752.04,60.0953,SLE,-2.89539803,0.0130739974,-1.80136224,0.00127234,2.1652485699999993,0.5631732700000001,0.5607335,0.009468377100000001,-0.015632260000000286
propanol,333.15,-18.17110338,-15.9274781,756.29,60.0953,REF,-3.6100443,0.0025463842,-2.51084671,2.2436252800000016,-18.17110338,-15.93952159,756.29,60.0953,SLE,-3.02670453,0.0096926599,-1.92934539,0.00094036,2.2315817900000017,0.5833397700000003,0.5815013200000001,0.0071462756999999995,-0.012043489999999935
propanol,328.15,-18.43036953,-16.12731334,760.59,60.0953,REF,-3.76392647,0.0017878871,-2.6620753,2.3030561899999995,-18.43036953,-16.13653954,760.59,60.0953,SLE,-3.15929759,0.0071589954,-2.05882701,0.00069295,2.293829989999999,0.6046288799999999,0.6032482900000002,0.0053711083,-0.009226200000000517
propanol,323.15,-18.69112519,-16.33200816,764.92,60.0953,REF,-3.92029141,0.0012479219,-2.815834,2.35911703,-18.69112519,-16.33903487,764.92,60.0953,SLE,-3.29330295,0.0052673653,-2.18987841,0.00050898,2.352090320000002,0.6269884599999997,0.6259555900000002,0.0040194434,-0.007026709999998104
propanol,318.15,-18.95333714,-16.54159774,769.3,60.0953,REF,-4.0792092,0.0008658043,-2.97217735,2.4117393999999983,-18.95333714,-16.54691733,769.3,60.0953,SLE,-3.42882673,0.0038603283,-2.3225645,0.00037254,2.406419809999999,0.6503824700000003,0.64961285,0.002994524,-0.0053195899999991525
propanol,313.15,-19.21697271,-16.75612433,773.71,60.0953,REF,-4.24074982,0.0005970142,-3.13116388,2.4608483800000016,-19.21697271,-16.76012689,773.71,60.0953,SLE,-3.56596114,0.0028177361,-2.45694624,0.00027167,2.4568458200000016,0.6747886799999994,0.6742176399999997,0.0022207219,-0.004002559999999988
propanol,308.15,-19.48199998,-16.97563269,778.17,60.0953,REF,-4.40498657,0.0004090927,-3.29285859,2.50636729,-19.48199998,-16.97862543,778.17,60.0953,SLE,-3.70478945,0.0020482112,-2.59308326,0.00019734,2.50337455,0.7001971200000003,0.69977533,0.0016391185,-0.002992739999999827
propanol,303.15,-19.74838803,-17.20016651,782.67,60.0953,REF,-4.57199908,0.0002785226,-3.45733502,2.548221520000002,-19.74838803,-17.2023899,782.67,60.0953,SLE,-3.84539027,0.0014825056,-2.73103633,0.00014276,2.545998130000001,0.7266088100000001,0.7262986900000001,0.001203983,-0.0022233900000010465
propanol,298.15,-20.01610718,-17.42976572,787.21,60.0953,REF,-4.74187596,0.0001883732,-3.62467742,2.58634146,-20.01610718,-17.43140685,787.21,60.0953,SLE,-3.98784144,0.0010683361,-2.87086982,0.00010284,2.5847003300000004,0.7540345199999998,0.7538076,0.0008799629000000001,-0.0016411299999994355
2-propanol,403.15,-14.71611476,-13.80493362,692.67,60.0953,REF,-1.58520801,0.2171953448,-0.58613322,0.9111811400000001,-14.71611476,-14.09829248,692.67,60.0953,SLE,-1.11382451,0.4643225551,-0.21623465,0.07694413,0.6178222800000004,0.47138349999999996,0.36989857000000004,0.24712721029999998,-0.29335885999999967
2-propanol,398.15,-14.95115832,-13.9147299,696.44,60.0953,REF,-1.72273438,0.1671490936,-0.70521155,1.03642842,-14.95115832,-14.17521826,696.44,60.0953,SLE,-1.25164843,0.3816104957,-0.31292514,0.05602109,0.7759400599999999,0.47108595,0.39228641000000003,0.2144614021,-0.2604883600000001
2-propanol,393.15,-15.18811761,-14.03364417,700.23,60.0953,REF,-1.8597552,0.1271185932,-0.82778988,1.1544734400000003,-15.18811761,-14.25389211,700.23,60.0953,SLE,-1.39307283,0.3047627482,-0.42068288,0.04045081,0.9342255000000002,0.46668237,0.407107,0.177644155,-0.22024794000000014
2-propanol,388.15,-15.42696862,-14.16155523,704.06,60.0953,REF,-1.99630565,0.0957929276,-0.95296372,1.2654133900000009,-15.42696862,-14.34251309,704.06,60.0953,SLE,-1.533609,0.2386849014,-0.53487299,0.02926786,1.0844555299999996,0.46269665000000004,0.41809072999999997,0.14289197380000002,-0.18095786000000125
2-propanol,383.15,-15.66768595,-14.29787325,707.93,60.0953,REF,-2.13268928,0.0716479515,-1.08027599,1.3698126999999989,-15.66768595,-14.44430078,707.93,60.0953,SLE,-1.67137219,0.1846317352,-0.65234814,0.02131218,1.2233851699999985,0.4613170900000001,0.4279278500000001,0.1129837837,-0.14642753000000042
2-propanol,378.15,-15.91024291,-14.44189575,711.82,60.0953,REF,-2.26929,0.0532426914,-1.20952565,1.4683471599999987,-15.91024291,-14.55940621,711.82,60.0953,SLE,-1.80614983,0.1416799096,-0.77146341,0.01562608,1.3508366999999986,0.46314016999999974,0.43806224000000005,0.08843721819999999,-0.1175104600000001
2-propanol,373.15,-16.15461156,-14.59294317,715.76,60.0953,REF,-2.4064982,0.0393324034,-1.3406624,1.5616683899999995,-16.15461156,-14.68677848,715.76,60.0953,SLE,-1.9384209,0.1081160012,-0.89149675,0.01152336,1.4678330800000001,0.46807730000000025,0.4491656500000001,0.06878359780000001,-0.09383530999999934
2-propanol,368.15,-16.40076282,-14.75043441,719.73,60.0953,REF,-2.54466633,0.0288941591,-1.47370962,1.6503284100000002,-16.40076282,-14.82507609,719.73,60.0953,SLE,-2.06886219,0.08214877,-1.01221504,0.00853371,1.575686730000001,0.47580414000000015,0.4614945799999999,0.0532546109,-0.07464167999999916
2-propanol,363.15,-16.64866657,-14.91389039,723.73,60.0953,REF,-2.68410422,0.0211104818,-1.60873179,1.734776179999999,-16.64866657,-14.97305551,723.73,60.0953,SLE,-2.19812819,0.0621894408,-1.13360779,0.00633683,1.6756110599999996,0.4859760300000002,0.4751240000000001,0.041078959,-0.059165119999999405
2-propanol,358.15,-16.89829177,-15.08293838,727.77,60.0953,REF,-2.82507354,0.0153402261,-1.74580759,1.8153533900000003,-16.89829177,-15.12966252,727.77,60.0953,SLE,-2.3267939,0.0469197533,-1.25576707,0.00471201,1.76862925,0.4982796399999998,0.49004052,0.0315795272,-0.04672414000000025
2-propanol,353.15,-17.14960654,-15.25729739,731.84,60.0953,REF,-2.96779351,0.0110866825,-1.88501959,1.8923091500000009,-17.14960654,-15.29404847,731.84,60.0953,SLE,-2.45533928,0.035282126,-1.37882102,0.00350478,1.8555580700000007,0.5124542299999999,0.50619857,0.024195443499999997,-0.03675108000000016
2-propanol,348.15,-17.40257834,-15.43676532,735.96,60.0953,REF,-3.11244599,0.0079686304,-2.02644757,1.9658130200000024,-17.40257834,-15.46554552,735.96,60.0953,SLE,-2.58415795,0.0264426758,-1.50290506,0.00260521,1.9370328200000024,0.5282880400000001,0.5235425100000002,0.0184740454,-0.028780199999999923
2-propanol,343.15,-17.65717409,-15.62120321,740.11,60.0953,REF,-3.2591829,0.0056956662,-2.17016716,2.0359708800000025,-17.65717409,-15.64363401,740.11,60.0953,SLE,-2.71357186,0.0197503342,-1.62815008,0.00193387,2.013540080000002,0.5456110399999998,0.5420170800000002,0.014054668,-0.022430800000000417
2-propanol,338.15,-17.91336033,-15.81052382,744.3,60.0953,REF,-3.40813145,0.0040480473,-2.31624864,2.1028365099999995,-17.91336033,-15.82791694,744.3,60.0953,SLE,-2.84384251,0.0147000071,-1.75467522,0.00143271,2.08544339,0.56428894,0.56157342,0.010651959800000001,-0.017393119999999485
2-propanol,333.15,-18.17110338,-16.00467959,748.52,60.0953,REF,-3.55940032,0.0028605155,-2.46475828,2.166423790000003,-18.17110338,-16.01809494,748.52,60.0953,SLE,-2.97518298,0.0109014826,-1.88258684,0.00105881,2.1530084400000007,0.5842173399999999,0.5821714399999998,0.008040967100000001,-0.01341535000000249
2-propanol,328.15,-18.43036953,-16.20365271,752.79,60.0953,REF,-3.71308499,0.0020095296,-2.61576005,2.22671682,-18.43036953,-16.21394148,752.79,60.0953,SLE,-3.10777082,0.0080542482,-2.01198218,0.00078024,2.216428050000001,0.6053141700000002,0.60377787,0.006044718599999999,-0.010288769999998948
2-propanol,323.15,-18.69112519,-16.40744679,757.1,60.0953,REF,-3.86927245,0.0014032831,-2.76931762,2.2836783999999994,-18.69112519,-16.41529185,757.1,60.0953,SLE,-3.24175292,0.0059276556,-2.14294747,0.00057312,2.275833340000002,0.6275195299999998,0.6263701499999996,0.0045243725,-0.007845059999997517
2-propanol,318.15,-18.95333714,-16.61608012,761.44,60.0953,REF,-4.02804531,0.00097396,-2.9254964,2.337257019999999,-18.95333714,-16.62202579,761.44,60.0953,SLE,-3.37725515,0.0043451504,-2.27556271,0.00041951,2.33131135,0.6507901600000006,0.6499336900000001,0.0033711904,-0.005945669999999126
2-propanol,313.15,-19.21697271,-16.82957989,765.83,60.0953,REF,-4.18948562,0.0006717683,-3.08436585,2.3873928199999987,-19.21697271,-16.83405795,765.83,60.0953,SLE,-3.51438748,0.00317201,-2.40990316,0.00030592,2.382914760000002,0.6750981400000002,0.6744626900000004,0.0025002417,-0.004478059999996731
2-propanol,308.15,-19.48199998,-17.04797813,770.25,60.0953,REF,-4.35367788,0.0004603735,-3.24600122,2.4340218500000006,-19.48199998,-17.05132949,770.25,60.0953,SLE,-3.65324879,0.00230576,-2.54604148,0.0002222,2.4306704900000007,0.7004290900000001,0.6999597400000002,0.0018453865,-0.0033513599999999144
2-propanol,303.15,-19.74838803,-17.27130839,774.72,60.0953,REF,-4.52071179,0.0003134253,-3.41048551,2.4770796399999995,-19.74838803,-17.27380026,774.72,60.0953,SLE,-3.79393177,0.0016687129,-2.68405052,0.00016072,2.4745877699999994,0.7267800200000001,0.72643499,0.0013552876,-0.0024918700000000626
2-propanol,298.15,-20.01610718,-17.49960333,779.23,60.0953,REF,-4.69068461,0.0002119342,-3.57791113,2.5165038499999994,-20.01610718,-17.50144376,779.23,60.0953,SLE,-3.93652628,0.0012021827,-2.82400518,0.00011574,2.514663419999998,0.7541583300000001,0.75390595,0.0009902485,-0.0018404300000014473
propanone,403.15,-14.71611476,-15.15167602,710.52,58.0795,REF,-0.85514589,0.6357761658,-0.0446638,-0.43556126000000006,-14.71611476,-14.97029132,710.52,58.0795,SLE,-0.64132353,0.7610330559,0.05520464,0.22838968,-0.25417655999999944,0.21382236,0.09986844,0.12525689010000007,0.18138470000000062
propanone,398.15,-14.95115832,-15.4176445,714.36,58.0795,REF,-0.89778077,0.6091763579,-0.06548068,-0.4664861800000004,-14.95115832,-15.22610029,714.36,58.0795,SLE,-0.67506691,0.7424552134,0.04337039,0.21131635,-0.2749419700000004,0.22271386000000004,0.10885107,0.13327885549999996,0.19154421
propanone,393.15,-15.18811761,-15.68598404,718.24,58.0795,REF,-0.94124698,0.5817749172,-0.08779798,-0.4978664299999984,-15.18811761,-15.48429148,718.24,58.0795,SLE,-0.70941106,0.7230258995,0.03063729,0.19524906,-0.29617386999999873,0.23183591999999997,0.11843527,0.1412509823,0.2016925599999997
propanone,388.15,-15.42696862,-15.95664033,722.16,58.0795,REF,-0.98559372,0.5536624377,-0.11169139,-0.5296717100000006,-15.42696862,-15.74484357,722.16,58.0795,SLE,-0.74437779,0.7027468353,0.01695466,0.180145,-0.3178749500000002,0.24121592999999997,0.12864605,0.14908439760000003,0.21179676000000036
propanone,383.15,-15.66768595,-16.22958907,726.1,58.0795,REF,-1.03085481,0.5249583202,-0.13722609,-0.5619031200000002,-15.66768595,-16.00770956,726.1,58.0795,SLE,-0.78000388,0.6816192458,0.00226367,0.16595721,-0.34002360999999937,0.2508509299999999,0.13948976,0.1566609256,0.22187951000000083
propanone,378.15,-15.91024291,-16.50477715,730.09,58.0795,REF,-1.07708181,0.4957894542,-0.1644756,-0.5945342399999998,-15.91024291,-16.27287189,730.09,58.0795,SLE,-0.81631033,0.6596629166,-0.01348838,0.15264749,-0.362628980000002,0.26077147999999994,0.15098722,0.1638734624,0.23190525999999778
propanone,373.15,-16.15461156,-16.78215409,734.11,58.0795,REF,-1.12432674,0.4663001257,-0.19351169,-0.6275425299999995,-16.15461156,-16.54032366,734.11,58.0795,SLE,-0.85331231,0.6369120652,-0.03035132,0.14018053,-0.3857120999999992,0.27101443000000014,0.16316037,0.17061193949999998,0.24183043000000026
propanone,368.15,-16.40076282,-17.06166009,738.17,58.0795,REF,-1.17264932,0.4366459678,-0.22440872,-0.6608972699999995,-16.40076282,-16.81004029,738.17,58.0795,SLE,-0.89103562,0.6134061926,-0.04838013,0.12851812,-0.40927746999999925,0.2816137000000001,0.17602859,0.17676022479999998,0.2516198000000003
propanone,363.15,-16.64866657,-17.34322255,742.26,58.0795,REF,-1.22211962,0.4069904286,-0.25724583,-0.6945559800000005,-16.64866657,-17.082036,742.26,58.0795,SLE,-0.92948356,0.5892113875,-0.06761674,0.11762955,-0.43336942999999906,0.29263606,0.18962909,0.1822209589,0.26118655000000146
propanone,358.15,-16.89829177,-17.62675319,746.39,58.0795,REF,-1.27282063,0.3775011428,-0.29210938,-0.7284614199999986,-16.89829177,-17.35630898,746.39,58.0795,SLE,-0.96866878,0.5644010238,-0.08810603,0.10748088,-0.4580172100000013,0.30415185,0.20400334999999997,0.186899881,0.2704442099999973
propanone,353.15,-17.14960654,-17.91214569,750.56,58.0795,REF,-1.3248507,0.348346486,-0.3290956,-0.7625391499999985,-17.14960654,-17.63286201,750.56,58.0795,SLE,-1.00860136,0.5390630845,-0.10988901,0.09803895,-0.4832554699999996,0.31624934000000016,0.21920658999999998,0.19071659849999995,0.2792836799999989
propanone,348.15,-17.40257834,-18.19928138,754.77,58.0795,REF,-1.37832116,0.3196948379,-0.36830969,-0.796703039999997,-17.40257834,-17.91171352,754.77,58.0795,SLE,-1.04928174,0.5133041372,-0.13299765,0.08927262,-0.5091351799999977,0.32903941999999997,0.23531204000000003,0.19360929930000004,0.28756785999999934
propanone,343.15,-17.65717409,-18.48799809,759.01,58.0795,REF,-1.43337718,0.2917019218,-0.40988326,-0.8308239999999998,-17.65717409,-18.19285674,759.01,58.0795,SLE,-1.09072608,0.4872322147,-0.15747003,0.08114727,-0.5356826499999983,0.3426510999999999,0.25241323000000004,0.1955302929,0.2951413500000015
propanone,338.15,-17.91336033,-18.77813535,763.3,58.0795,REF,-1.49017119,0.2645238472,-0.4539548,-0.8647750199999997,-17.91336033,-18.47629089,763.3,58.0795,SLE,-1.13294739,0.4609674139,-0.18333894,0.07362963,-0.5629305600000016,0.3572238000000001,0.27061586,0.19644356670000002,0.3018444599999981
propanone,333.15,-18.17110338,-19.06952928,767.62,58.0795,REF,-1.54886684,0.2383121637,-0.50067273,-0.8984258999999994,-18.17110338,-18.76201951,767.62,58.0795,SLE,-1.17595654,0.4346393992,-0.21063192,0.06668735,-0.5909161299999965,0.37291030000000003,0.29004081000000004,0.1963272355,0.3075097700000029
propanone,328.15,-18.43036953,-19.36195088,771.99,58.0795,REF,-1.60968114,0.2131941991,-0.55023161,-0.9315813499999983,-18.43036953,-19.05000547,771.99,58.0795,SLE,-1.21979212,0.4083673498,-0.23939223,0.06028481,-0.6196359399999984,0.38988902000000003,0.31083938,0.1951731507,0.31194540999999987
propanone,323.15,-18.69112519,-19.65521536,776.39,58.0795,REF,-1.67281467,0.1893023303,-0.60281411,-0.9640901699999986,-18.69112519,-19.34023031,776.39,58.0795,SLE,-1.26448261,0.3822813968,-0.26965359,0.05438979,-0.649105119999998,0.40833206,0.33316051999999996,0.19297906650000002,0.31498505000000065
propanone,318.15,-18.95333714,-19.94909457,780.84,58.0795,REF,-1.73851068,0.1667465916,-0.65864106,-0.9957574300000012,-18.95333714,-19.63264163,780.84,58.0795,SLE,-1.31008185,0.3564997782,-0.30146579,0.04896865,-0.6793044899999998,0.4284288300000001,0.35717527,0.1897531866,0.31645294000000135
propanone,313.15,-19.21697271,-20.2433588,785.33,58.0795,REF,-1.80702944,0.1456239562,-0.71794994,-1.026386089999999,-19.21697271,-19.92718545,785.33,58.0795,SLE,-1.35664864,0.3311398136,-0.33488116,0.04398974,-0.7102127399999993,0.4503808,0.38306878,0.1855158574,0.3161733499999997
propanone,308.15,-19.48199998,-20.53780073,789.86,58.0795,REF,-1.87863274,0.1260194954,-0.78098023,-1.0558007499999995,-19.48199998,-20.22378221,789.86,58.0795,SLE,-1.4042643,0.306307282,-0.36996872,0.03942173,-0.7417822299999983,0.4743684400000001,0.4110115100000001,0.18028778660000003,0.3140185200000012
propanone,303.15,-19.74838803,-20.83222694,794.43,58.0795,REF,-1.95359036,0.1079995178,-0.84797807,-1.0838389100000008,-19.74838803,-20.52234741,794.43,58.0795,SLE,-1.45301985,0.2821032383,-0.40680545,0.03523548,-0.7739593799999973,0.50057051,0.44117262,0.1741037205,0.30987953000000346
propanone,298.15,-20.01610718,-21.126451,799.05,58.0795,REF,-2.03218594,0.0916066148,-0.91920108,-1.1103438200000006,-20.01610718,-20.82277971,799.05,58.0795,SLE,-1.50302564,0.2586188309,-0.44548479,0.03140323,-0.8066725300000002,0.5291603000000002,0.47371629,0.1670122161,0.3036712900000005
acetylacetone,403.15,-14.71611476,-14.54685125,867.41,100.1163,REF,-1.18301828,0.3047287554,-0.35183286,0.1692635100000004,-14.71611476,-14.63701618,867.41,100.1163,SLE,-0.82191188,0.5254947455,-0.09863915,0.15069128,0.07909858000000014,0.36110639999999994,0.25319371,0.22076599009999998,-0.09016493000000025
acetylacetone,398.15,-14.95115832,-14.75520553,871.9,100.1163,REF,-1.26139519,0.2656360768,-0.41210843,0.19595278999999977,-14.95115832,-14.8460195,871.9,100.1163,SLE,-0.88360369,0.4842035332,-0.13513105,0.13073634,0.10513881999999874,0.37779149999999995,0.27697738000000005,0.21856745639999997,-0.09081397000000102
acetylacetone,393.15,-15.18811761,-14.96730821,876.41,100.1163,REF,-1.34074691,0.2298386107,-0.47535601,0.22080940000000027,-15.18811761,-15.05483313,876.41,100.1163,SLE,-0.94803623,0.4422357441,-0.17547669,0.11271034,0.13328448000000037,0.39271068,0.29987932,0.2123971334,-0.0875249199999999
acetylacetone,388.15,-15.42696862,-15.18346249,880.96,100.1163,REF,-1.42092688,0.1975192557,-0.54127933,0.2435061300000001,-15.42696862,-15.2643989,880.96,100.1163,SLE,-1.01477192,0.400426096,-0.21953601,0.09665584,0.16256972000000047,0.40615495999999984,0.32174331999999994,0.2029068403,-0.08093640999999963
acetylacetone,383.15,-15.66768595,-15.40376538,885.53,100.1163,REF,-1.5018977,0.1686817272,-0.60966144,0.2639205699999998,-15.66768595,-15.47576422,885.53,100.1163,SLE,-1.08328938,0.3596339823,-0.2670185,0.08254877,0.1919217299999989,0.4186083199999999,0.34264294,0.1909522551,-0.0719988400000009
acetylacetone,378.15,-15.91024291,-15.62816583,890.12,100.1163,REF,-1.58370483,0.1432036171,-0.68036037,0.28207707999999876,-15.91024291,-15.68989019,890.12,100.1163,SLE,-1.15308878,0.3206159931,-0.31755426,0.07029286,0.22035271999999928,0.43061605000000003,0.36280611000000007,0.17741237599999998,-0.06172435999999948
acetylacetone,373.15,-16.15461156,-15.85652552,894.75,100.1163,REF,-1.66644652,0.1208838417,-0.75329333,0.2980860399999994,-16.15461156,-15.90755684,894.75,100.1163,SLE,-1.22374877,0.2839540554,-0.37075177,0.05973808,0.2470547199999995,0.44269775,0.38254156,0.16307021370000002,-0.05103131999999988
acetylacetone,368.15,-16.40076282,-16.08866234,899.4,100.1163,REF,-1.75025171,0.1014775437,-0.82842183,0.31210048000000157,-16.40076282,-16.1292826,899.4,100.1163,SLE,-1.29497968,0.2500188066,-0.42626496,0.05070144,0.2714802200000008,0.45527202999999994,0.40215687,0.14854126289999997,-0.04062026000000074
acetylacetone,363.15,-16.64866657,-16.32437871,904.08,100.1163,REF,-1.83526509,0.0847201525,-0.90573961,0.3242878599999983,-16.64866657,-16.35535328,904.08,100.1163,SLE,-1.36661521,0.2189924466,-0.48381486,0.04299172,0.2933132900000004,0.4686498800000001,0.42192475,0.1342722941,-0.030974569999997925
acetylacetone,358.15,-16.89829177,-16.56348257,908.78,100.1163,REF,-1.92163551,0.0703436473,-0.98526149,0.3348091999999987,-16.89829177,-16.5858553,908.78,100.1163,SLE,-1.43860081,0.1909052397,-0.54320316,0.03642497,0.3124364700000015,0.48303469999999993,0.44205832999999994,0.1205615924,-0.022372729999997176
acetylacetone,353.15,-17.14960654,-16.80579753,913.51,100.1163,REF,-2.00951007,0.0580865446,-1.06701649,0.3438090100000011,-17.14960654,-16.82073908,913.51,100.1163,SLE,-1.5109625,0.1656822125,-0.60430205,0.03083454,0.32886746000000144,0.49854757000000016,0.46271444000000006,0.10759566790000001,-0.014941549999999637
acetylacetone,348.15,-17.40257834,-17.05116856,918.27,100.1163,REF,-2.09903044,0.0477001097,-1.1510428,0.3514097800000009,-17.40257834,-17.05986947,918.27,100.1163,SLE,-1.58378107,0.1431815015,-0.66704139,0.02607468,0.3427088700000027,0.51524937,0.48400140999999997,0.09548139180000001,-0.008700909999998174
acetylacetone,343.15,-17.65717409,-17.29946385,923.06,100.1163,REF,-2.19033145,0.0389519705,-1.23738478,0.35771024000000295,-17.65717409,-17.30306181,923.06,100.1163,SLE,-1.65717322,0.1232228002,-0.7313968,0.02202048,0.3541122800000025,0.53315823,0.50598798,0.0842708297,-0.0035979600000004552
acetylacetone,338.15,-17.91336033,-17.55057438,927.87,100.1163,REF,-2.28354092,0.0316280701,-1.3260913,0.36278594999999925,-17.91336033,-17.55011656,927.87,100.1163,SLE,-1.73127194,0.1056086626,-0.79737358,0.01856642,0.3632437700000004,0.55226898,0.5287177200000001,0.0739805925,0.0004578200000011634
acetylacetone,333.15,-18.17110338,-17.80441291,932.71,100.1163,REF,-2.37877992,0.0255335457,-1.4172147,0.36669047000000177,-18.17110338,-17.80083314,932.71,100.1163,SLE,-1.80621874,0.0901365821,-0.86499933,0.01562361,0.37027024,0.5725611799999999,0.55221537,0.06460303640000001,0.0035797699999982058
acetylacetone,328.15,-18.43036953,-18.0609115,937.58,100.1163,REF,-2.476164,0.0204928189,-1.51081079,0.36945803000000055,-18.43036953,-18.05502232,937.58,100.1163,SLE,-1.88215623,0.076607189,-0.93431599,0.01311728,0.37534721000000104,0.5940077699999997,0.5764948000000001,0.056114370100000005,0.0058891800000004935
acetylacetone,323.15,-18.69112519,-18.32001948,942.47,100.1163,REF,-2.57580431,0.0163491953,-1.60693895,0.3711057100000019,-18.69112519,-18.312513,942.47,100.1163,SLE,-1.9592237,0.0648289555,-1.00537428,0.0109844,0.3786121900000019,0.6165806100000002,0.6015646699999999,0.04847976019999999,0.007506479999999982
acetylacetone,318.15,-18.95333714,-18.58170121,947.4,100.1163,REF,-2.67780887,0.0129640833,-1.70566252,0.37163593000000006,-18.95333714,-18.5731549,947.4,100.1163,SLE,-2.03755516,0.0546207028,-1.07823037,0.00917159,0.3801822399999999,0.6402537099999996,0.62743215,0.0416566195,0.008546309999999835
acetylacetone,313.15,-19.21697271,-18.84593405,952.35,100.1163,REF,-2.78228393,0.010215953,-1.80704928,0.37103865999999996,-19.21697271,-18.83681995,952.35,100.1163,SLE,-2.11727813,0.0458129334,-1.15294328,0.00763347,0.3801527600000014,0.6650058000000003,0.6541060000000001,0.0355969804,0.009114100000001457
acetylacetone,308.15,-19.48199998,-19.11270659,957.33,100.1163,REF,-2.88933521,0.0079991227,-1.91117204,0.36929339000000283,-19.48199998,-19.10340184,957.33,100.1163,SLE,-2.19851351,0.03824834,-1.22957365,0.00633121,0.37859814000000114,0.6908216999999999,0.68159839,0.0302492173,0.009304749999998307
acetylacetone,303.15,-19.74838803,-19.38201688,962.33,100.1163,REF,-2.99906929,0.0062224319,-2.01810933,0.36637115000000264,-19.74838803,-19.37281501,962.33,100.1163,SLE,-2.28137602,0.0317819065,-1.30818304,0.00523147,0.3755730200000009,0.7176932699999998,0.7099262900000001,0.0255594746,0.00920186999999828
acetylacetone,298.15,-20.01610718,-19.65387152,967.37,100.1163,REF,-3.11159455,0.0048078754,-2.12794574,0.3622356599999996,-20.01610718,-19.64499345,967.37,100.1163,SLE,-2.36597467,0.0262807526,-1.3888336,0.00430552,0.3711137299999976,0.74561988,0.73911214,0.021472877199999997,0.008878069999997962
benzene,403.15,-14.71611476,-15.20374168,775.84,78.1124,REF,-0.82692136,0.5833849263,-0.07175929,-0.4876269200000003,-14.71611476,-15.00552304,775.84,78.1124,SLE,-0.62223288,0.7149124165,0.03354899,0.23865312,-0.28940827999999996,0.20468848000000006,0.10530828,0.13152749019999999,0.19821864000000033
benzene,398.15,-14.95115832,-15.47310962,779.96,78.1124,REF,-0.86733582,0.5568019432,-0.09315731,-0.5219513000000013,-14.95115832,-15.26493994,779.96,78.1124,SLE,-0.65375697,0.6953108645,0.02108641,0.2219438,-0.3137816200000003,0.21357885,0.11424371999999999,0.13850892130000003,0.20816968000000102
benzene,393.15,-15.18811761,-15.74442114,784.12,78.1124,REF,-0.90876277,0.5296195705,-0.11607663,-0.5563035299999992,-15.18811761,-15.52681989,784.12,78.1124,SLE,-0.68578048,0.6750808351,0.00781412,0.20616717,-0.3387022799999997,0.22298229000000003,0.12389075,0.14546126460000008,0.21760124999999952
benzene,388.15,-15.42696862,-16.0174839,788.3,78.1124,REF,-0.95133611,0.501882974,-0.14065191,-0.5905152799999982,-15.42696862,-15.79105018,788.3,78.1124,SLE,-0.71837272,0.654212259,-0.00633139,0.19126138,-0.3640815599999989,0.23296339,0.13432052,0.15232928499999998,0.22643371999999928
benzene,383.15,-15.66768595,-16.29208528,792.52,78.1124,REF,-0.9952075,0.47364589,-0.16703666,-0.6243993299999993,-15.66768595,-16.05753339,792.52,78.1124,SLE,-0.75159712,0.632704592,-0.02141462,0.17717518,-0.3898474400000005,0.24361038000000002,0.14562204,0.15905870199999994,0.23455188999999876
benzene,378.15,-15.91024291,-16.56802518,796.78,78.1124,REF,-1.04052866,0.4449849182,-0.19539226,-0.6577822700000002,-15.91024291,-16.32615739,796.78,78.1124,SLE,-0.78552822,0.6105571223,-0.03750969,0.16385956,-0.41591447999999964,0.2550004400000001,0.15788257,0.1655722041,0.24186779000000058
benzene,373.15,-16.15461156,-16.84506647,801.06,78.1124,REF,-1.08748038,0.4159837895,-0.22590755,-0.6904549099999997,-16.15461156,-16.59680776,801.06,78.1124,SLE,-0.8202452,0.5877743317,-0.05469766,0.15127069,-0.4421962000000015,0.2672351799999999,0.17120989,0.17179054220000006,0.24825870999999822
benzene,368.15,-16.40076282,-17.12293806,805.38,78.1124,REF,-1.13627277,0.3867372065,-0.25880102,-0.7221752399999986,-16.40076282,-16.86936742,805.38,78.1124,SLE,-0.85583244,0.5643669711,-0.07306712,0.13936944,-0.46860459999999904,0.2804403299999999,0.1857339,0.17762976460000002,0.2535706399999995
benzene,363.15,-16.64866657,-17.40141108,809.74,78.1124,REF,-1.18710146,0.3573799362,-0.29428952,-0.7527445099999994,-16.64866657,-17.1436957,809.74,78.1124,SLE,-0.89239253,0.5403451142,-0.09272242,0.12811721,-0.49502912999999893,0.2947089300000001,0.20156710000000003,0.18296517799999995,0.2577153800000005
benzene,358.15,-16.89829177,-17.68016922,814.13,78.1124,REF,-1.24022581,0.3280430076,-0.33264545,-0.7818774499999996,-16.89829177,-17.41964943,814.13,78.1124,SLE,-0.93003478,0.515727696,-0.11377793,0.11748035,-0.5213576599999996,0.31019103000000015,0.21886752,0.18768468840000002,0.26051979000000003
benzene,353.15,-17.14960654,-17.95895233,818.55,78.1124,REF,-1.29588459,0.2989040296,-0.37413425,-0.8093457899999983,-17.14960654,-17.69708544,818.55,78.1124,SLE,-0.96887418,0.4905453006,-0.13635773,0.10743006,-0.547478899999998,0.32701041,0.23777652,0.191641271,0.2618668900000003
benzene,348.15,-17.40257834,-18.23744661,823.01,78.1124,REF,-1.35436355,0.2701490736,-0.41906479,-0.8348682699999976,-17.40257834,-17.97584483,823.01,78.1124,SLE,-1.00904182,0.4648358126,-0.16060266,0.09793957,-0.5732664899999982,0.34532173,0.25846213,0.194686739,0.26160177999999945
benzene,343.15,-17.65717409,-18.51533529,827.51,78.1124,REF,-1.41596665,0.2419876798,-0.46776713,-0.8581611999999978,-17.65717409,-18.25575449,827.51,78.1124,SLE,-1.0506851,0.4386470313,-0.18667155,0.08898461,-0.5985803999999995,0.3652815500000002,0.28109558,0.1966593515,0.2595807999999984
benzene,338.15,-17.91336033,-18.79232068,832.04,78.1124,REF,-1.48100324,0.2146535369,-0.52057985,-0.8789603499999998,-17.91336033,-18.53662265,832.04,78.1124,SLE,-1.09397203,0.4120371815,-0.21474511,0.08054303,-0.623262320000002,0.38703120999999996,0.30583474,0.19738364460000002,0.2556980299999978
benzene,333.15,-18.17110338,-19.06811528,836.61,78.1124,REF,-1.54979443,0.1883924452,-0.57785248,-0.897011899999999,-18.17110338,-18.81825769,836.61,78.1124,SLE,-1.13908045,0.3850847794,-0.24501927,0.07259715,-0.6471543099999977,0.4107139799999999,0.33283321,0.1966923342,0.2498575900000013
benzene,328.15,-18.43036953,-19.3424399,841.21,78.1124,REF,-1.62267531,0.1634503457,-0.63994472,-0.9120703699999986,-18.43036953,-19.10044556,841.21,78.1124,SLE,-1.18621396,0.3578820747,-0.27771696,0.06513074,-0.6700760300000006,0.4364613500000001,0.36222776,0.194431729,0.24199433999999798
benzene,323.15,-18.69112519,-19.61507027,845.86,78.1124,REF,-1.69996469,0.1400691441,-0.70719646,-0.9239450799999993,-18.69112519,-19.38297575,845.86,78.1124,SLE,-1.23558652,0.3305470962,-0.31307736,0.05813176,-0.6918505599999989,0.46437817000000003,0.3941191,0.19047795210000001,0.23209452000000041
benzene,318.15,-18.95333714,-19.88582302,850.54,78.1124,REF,-1.78197357,0.1184651599,-0.77993112,-0.9324858800000015,-18.95333714,-19.66560551,850.54,78.1124,SLE,-1.28744792,0.3032117497,-0.3513753,0.0515884,-0.7122683700000003,0.49452564999999993,0.42855582,0.18474658979999997,0.22021751000000123
benzene,313.15,-19.21697271,-20.15460428,855.26,78.1124,REF,-1.86897069,0.0988196768,-0.85842059,-0.9376315700000006,-19.21697271,-19.94808966,855.26,78.1124,SLE,-1.34206604,0.2760339602,-0.39290826,0.04549189,-0.7311169500000005,0.5269046500000001,0.46551233000000003,0.17721428339999998,0.2065146200000001
benzene,308.15,-19.48199998,-20.42138556,860.01,78.1124,REF,-1.96119647,0.0812573041,-0.94289457,-0.9393855799999997,-19.48199998,-20.23017849,860.01,78.1124,SLE,-1.39972991,0.24919597,-0.43799805,0.03983548,-0.7481785099999989,0.56146656,0.50489652,0.1679386659,0.1912070700000008
benzene,303.15,-19.74838803,-20.68622768,864.81,78.1124,REF,-2.05884349,0.0658381919,-1.03352092,-0.9378396499999972,-19.74838803,-20.51162408,864.81,78.1124,SLE,-1.4607471,0.2229034971,-0.48698755,0.03461409,-0.7632360499999997,0.59809639,0.5465333699999999,0.1570653052,0.17460359999999753
benzene,298.15,-20.01610718,-20.94927733,869.64,78.1124,REF,-2.16205518,0.0525521926,-1.13040409,-0.9331701500000023,-20.01610718,-20.79216945,869.64,78.1124,SLE,-1.52545339,0.1973771957,-0.54024737,0.02982268,-0.7760622700000006,0.6366017899999998,0.5901567200000001,0.14482500310000002,0.15710788000000164
chcl3,403.15,-14.71611476,-15.13743197,1335.87,119.3783,REF,-0.86286751,0.4541188268,-0.06698758,-0.4213172099999998,-14.71611476,-14.97110652,1335.87,119.3783,SLE,-0.6408818,0.608064623,0.04287948,0.22862209,-0.25499175999999935,0.22198571,0.10986706,0.15394579619999998,0.16632545000000043
chcl3,398.15,-14.95115832,-15.39902573,1342.82,119.3783,REF,-0.90800066,0.4246947447,-0.0905805,-0.44786741000000063,-14.95115832,-15.22630996,1342.82,119.3783,SLE,-0.67495187,0.5838550363,0.03002143,0.21137233,-0.2751516400000007,0.23304879,0.12060193,0.1591602916,0.17271576999999994
chcl3,393.15,-15.18811761,-15.66195248,1349.82,119.3783,REF,-0.95460573,0.3952993607,-0.11620344,-0.47383486999999924,-15.18811761,-15.48362251,1349.82,119.3783,SLE,-0.70978277,0.5592137856,0.0161468,0.19508201,-0.2955048999999992,0.24482296000000003,0.13235024,0.16391442490000002,0.17832997000000006
chcl3,388.15,-15.42696862,-15.92599542,1356.85,119.3783,REF,-1.00284815,0.3660462039,-0.14404966,-0.4990267999999993,-15.42696862,-15.74292765,1356.85,119.3783,SLE,-0.74545606,0.5341714616,0.00116644,0.17969829,-0.31595903000000014,0.25739208999999996,0.1452161,0.16812525769999997,0.18306776999999919
chcl3,383.15,-15.66768595,-16.1909517,1363.93,119.3783,REF,-1.05289324,0.3370688679,-0.1743215,-0.5232657500000002,-15.66768595,-16.00410579,1363.93,119.3783,SLE,-0.78205854,0.5087660289,-0.0150174,0.16517391,-0.33641984000000136,0.2708347,0.1593041,0.171697161,0.18684590999999884
chcl3,378.15,-15.91024291,-16.45659915,1371.05,119.3783,REF,-1.10492549,0.3085087967,-0.20724193,-0.5463562399999997,-15.91024291,-16.26703584,1371.05,119.3783,SLE,-0.81968171,0.4830444324,-0.03251125,0.15146709,-0.35679292999999923,0.28524378000000006,0.17473068,0.17453563570000002,0.18956331000000048
chcl3,373.15,-16.15461156,-16.7226977,1378.21,119.3783,REF,-1.15914901,0.2805149843,-0.24305522,-0.5680861400000019,-16.15461156,-16.53158966,1378.21,119.3783,SLE,-0.8584254,0.4570613032,-0.05143266,0.13853981,-0.3769781000000023,0.3007236099999999,0.19162256,0.1765463189,0.1911080399999996
chcl3,368.15,-16.40076282,-16.9890628,1385.41,119.3783,REF,-1.21574538,0.2532627674,-0.28199568,-0.5882999799999986,-16.40076282,-16.7976351,1385.41,119.3783,SLE,-0.89839654,0.4308810362,-0.07191011,0.12635821,-0.3968722800000002,0.31734883999999997,0.21008557000000003,0.17761826880000003,0.19142769999999842
chcl3,363.15,-16.64866657,-17.25547538,1392.65,119.3783,REF,-1.27492632,0.2269217489,-0.32432218,-0.6068088100000004,-16.64866657,-17.0650241,1392.65,119.3783,SLE,-0.93971696,0.4045739955,-0.09408799,0.11489021,-0.4163575299999991,0.33520936,0.23023419,0.1776522466,0.19045128000000133
chcl3,358.15,-16.89829177,-17.52174616,1399.93,119.3783,REF,-1.33689662,0.2016689217,-0.37028935,-0.6234543899999991,-16.89829177,-17.33362536,1399.93,119.3783,SLE,-0.98250447,0.3782296017,-0.11811592,0.10411074,-0.43533358999999905,0.35439215000000013,0.25217343000000003,0.17656067999999997,0.1881208000000001
chcl3,353.15,-17.14960654,-17.78771563,1407.26,119.3783,REF,-1.40185377,0.1776797523,-0.420143,-0.6381090900000004,-17.14960654,-17.60328946,1407.26,119.3783,SLE,-1.02689428,0.3519431912,-0.14416126,0.09399521,-0.45368291999999855,0.37495948999999995,0.27598174,0.1742634389,0.18442617000000183
chcl3,348.15,-17.40257834,-18.05323839,1414.63,119.3783,REF,-1.46999729,0.1551155413,-0.47412364,-0.650660049999999,-17.40257834,-17.87388472,1414.63,119.3783,SLE,-1.07301785,0.3258289884,-0.17239592,0.08452441,-0.4713063799999979,0.39697943999999996,0.30172772000000003,0.17071344710000003,0.17935367000000113
chcl3,343.15,-17.65717409,-18.31822193,1422.04,119.3783,REF,-1.5415043,0.1341223772,-0.53244271,-0.6610478399999984,-17.65717409,-18.14526332,1422.04,119.3783,SLE,-1.12102425,0.3000067789,-0.20300941,0.07567906,-0.48808922999999993,0.4204800499999999,0.3294333,0.1658844017,0.17295860999999846
chcl3,338.15,-17.91336033,-18.58261743,1429.49,119.3783,REF,-1.61653395,0.1148188048,-0.59528158,-0.6692570999999994,-17.91336033,-18.41729486,1429.49,119.3783,SLE,-1.17105984,0.2746120637,-0.23619474,0.06744351,-0.5039345299999987,0.4454741099999999,0.35908684,0.1597932589,0.16532257000000072
chcl3,333.15,-18.17110338,-18.84641787,1436.98,119.3783,REF,-1.69522736,0.0972874931,-0.66278838,-0.6753144899999981,-18.17110338,-18.68984899,1436.98,119.3783,SLE,-1.22327967,0.2497871392,-0.27215461,0.05980264,-0.5187456099999999,0.47194769000000014,0.39063376999999994,0.1524996461,0.15656887999999825
chcl3,328.15,-18.43036953,-19.10966712,1444.52,119.3783,REF,-1.7777003,0.0815711128,-0.73506957,-0.6792975900000009,-18.43036953,-18.9628137,1444.52,119.3783,SLE,-1.27783601,0.2256831336,-0.31109151,0.0527429,-0.5324441700000015,0.4998642900000001,0.42397805999999993,0.14411202080000002,0.14685341999999935
chcl3,323.15,-18.69112519,-19.37246324,1452.1,119.3783,REF,-1.86403922,0.0676698481,-0.81218524,-0.6813380499999973,-18.69112519,-19.23608119,1452.1,119.3783,SLE,-1.33488784,0.2024507573,-0.35321249,0.04625005,-0.5449559999999991,0.5291513800000001,0.45897275000000004,0.13478090920000002,0.13638204999999815
chcl3,318.15,-18.95333714,-19.63495002,1459.72,119.3783,REF,-1.95430478,0.0555410857,-0.894153,-0.681612880000003,-18.95333714,-19.50957498,1459.72,119.3783,SLE,-1.39458287,0.1802420959,-0.39871297,0.0403104,-0.5562378400000014,0.5597219099999999,0.49544003,0.12470101020000002,0.12537504000000155
chcl3,313.15,-19.21697271,-19.89730342,1467.39,119.3783,REF,-2.04853945,0.0451027104,-0.98095714,-0.6803307099999998,-19.21697271,-19.78323496,1467.39,119.3783,SLE,-1.45706725,0.1591994528,-0.44778103,0.03490863,-0.5662622500000012,0.5914721999999999,0.53317611,0.1140967424,0.1140684599999986
chcl3,308.15,-19.48199998,-20.15972999,1475.09,119.3783,REF,-2.14676733,0.0362405058,-1.07255193,-0.6777300099999977,-19.48199998,-20.05701938,1475.09,119.3783,SLE,-1.52248419,0.1394494859,-0.50059393,0.03002727,-0.5750193999999986,0.62428314,0.571958,0.1032089801,0.10271060999999904
chcl3,303.15,-19.74838803,-20.42245092,1482.84,119.3783,REF,-2.24900425,0.028816167,-1.16887521,-0.6740628899999983,-19.74838803,-20.33092388,1482.84,119.3783,SLE,-1.59096016,0.1211007821,-0.55730399,0.02564719,-0.5825358499999993,0.65804409,0.61157122,0.0922846151,0.091527039999999
chcl3,298.15,-20.01610718,-20.68569616,1490.63,119.3783,REF,-2.35526158,0.0226767963,-1.26985627,-0.6695889800000003,-20.01610718,-20.60496968,1490.63,119.3783,SLE,-1.66261228,0.1042352275,-0.61804231,0.02174642,-0.5888625000000012,0.6926493,0.65181396,0.0815584312,0.08072647999999916
cyclohexane,403.15,-14.71611476,-14.661323,682.56,84.16,REF,-1.12096373,0.3781195535,-0.32432384,0.05479176000000052,-14.71611476,-14.76758303,682.56,84.16,SLE,-0.75116297,0.6154974271,-0.07055437,0.17735238,-0.05146827000000087,0.36980075999999995,0.25376946999999994,0.2373778736,-0.1062600300000014
cyclohexane,398.15,-14.95115832,-14.84326527,686.3,84.16,REF,-1.21305897,0.3262663844,-0.39476055,0.10789304999999949,-14.95115832,-14.98616414,686.3,84.16,SLE,-0.80671132,0.5785980191,-0.10198039,0.15605895,-0.0350058200000003,0.40634765000000006,0.29278015999999996,0.2523316347,-0.1428988699999998
cyclohexane,393.15,-15.18811761,-15.02055401,690.07,84.16,REF,-1.31114845,0.27606219,-0.47323992,0.16756360000000114,-15.18811761,-15.20021965,690.07,84.16,SLE,-0.86725335,0.5383844845,-0.13831172,0.13575213,-0.012102039999998482,0.4438950999999999,0.3349282,0.2623222945,-0.17966563999999963
cyclohexane,388.15,-15.42696862,-15.19584358,693.88,84.16,REF,-1.41395578,0.2294234904,-0.55877321,0.23112504000000023,-15.42696862,-15.40845564,693.88,84.16,SLE,-0.93369682,0.4947027718,-0.18057454,0.1164939,0.018512980000000567,0.48025896,0.37819867,0.2652792814,-0.21261205999999966
cyclohexane,383.15,-15.66768595,-15.37198034,697.73,84.16,REF,-1.52002762,0.1877860652,-0.64997309,0.29570560999999884,-15.66768595,-15.6096564,697.73,84.16,SLE,-1.00695154,0.4476613591,-0.229901,0.09841209,0.058029549999998764,0.51307608,0.42007209,0.25987529389999997,-0.23767606000000008
cyclohexane,378.15,-15.91024291,-15.55130721,701.61,84.16,REF,-1.628124,0.1518455211,-0.74545514,0.35893569999999997,-15.91024291,-15.80301378,701.61,84.16,SLE,-1.08773924,0.3978327628,-0.28737099,0.08170728,0.10722912999999856,0.5403847599999998,0.45808415,0.24598724170000003,-0.2517065700000014
cyclohexane,373.15,-16.15461156,-15.73534364,705.53,84.16,REF,-1.73742002,0.1216162708,-0.84411867,0.41926791999999935,-16.15461156,-15.98866714,705.53,84.16,SLE,-1.17626491,0.3464645814,-0.35369157,0.06664002,0.16594441999999887,0.5611551100000001,0.49042709999999995,0.22484831060000005,-0.2533235000000005
cyclohexane,368.15,-16.40076282,-15.92479748,709.5,84.16,REF,-1.84752709,0.0966589963,-0.9452529,0.4759653400000001,-16.40076282,-16.16812837,709.5,84.16,SLE,-1.27192961,0.2954813422,-0.42883448,0.0534651,0.23263444999999905,0.5755974800000001,0.5164184199999999,0.1988223459,-0.24333089000000108
cyclohexane,363.15,-16.64866657,-16.1198154,713.5,84.16,REF,-1.95837234,0.0763234029,-1.04847613,0.5288511699999994,-16.64866657,-16.34427653,713.5,84.16,SLE,-1.37327836,0.2471331379,-0.51183461,0.04233715,0.30439004000000125,0.5850939799999999,0.5366415200000001,0.170809735,-0.22446112999999812
cyclohexane,358.15,-16.89829177,-16.3201836,717.54,84.16,REF,-2.07009818,0.0599083344,-1.15366134,0.5781081700000001,-16.89829177,-16.52055666,717.54,84.16,SLE,-1.47842919,0.2033411295,-0.60105757,0.0332331,0.3777351099999997,0.5916689900000001,0.5526037699999999,0.1434327951,-0.20037306000000044
cyclohexane,353.15,-17.14960654,-16.52552431,721.62,84.16,REF,-2.18295609,0.0467533042,-1.2608373,0.6240822299999991,-17.14960654,-16.69999236,721.62,84.16,SLE,-1.58565373,0.1652148583,-0.69473761,0.02596249,0.4496141800000011,0.5973023599999998,0.5660996899999999,0.11846155409999999,-0.174468049999998
cyclohexane,348.15,-17.40257834,-16.73538115,725.74,84.16,REF,-2.29726088,0.0362737578,-1.37013906,0.6671971900000031,-17.40257834,-16.88453437,725.74,84.16,SLE,-1.6937971,0.1329878664,-0.79147247,0.02023965,0.5180439700000008,0.60346378,0.5786665900000001,0.09671410859999999,-0.1491532200000023
cyclohexane,343.15,-17.65717409,-16.94929292,729.9,84.16,REF,-2.41334848,0.0279714019,-1.48175934,0.7078811700000003,-17.65717409,-17.07510118,729.9,84.16,SLE,-1.80229391,0.1062933887,-0.89036175,0.01576544,0.5820729100000008,0.6110545699999999,0.59139759,0.0783219868,-0.12580825999999945
cyclohexane,338.15,-17.91336033,-17.16682372,734.11,84.16,REF,-2.53155805,0.0214297326,-1.59592365,0.7465366099999997,-17.91336033,-17.27185262,734.11,84.16,SLE,-1.91103523,0.08447034,-0.9909599,0.0122734,0.6415077099999991,0.6205228200000001,0.60496375,0.0630406074,-0.10502890000000065
cyclohexane,333.15,-18.17110338,-17.38757012,738.36,84.16,REF,-2.65222771,0.0163044136,-1.71287986,0.7835332600000022,-18.17110338,-17.4745112,738.36,84.16,SLE,-2.02019221,0.0667821205,-1.09314225,0.0095457,0.6965921800000032,0.6320355000000002,0.6197376099999998,0.0504777069,-0.086941079999999
cyclohexane,328.15,-18.43036953,-17.61117182,742.65,84.16,REF,-2.77568739,0.0123130118,-1.83288614,0.819197710000001,-18.43036953,-17.68260732,742.65,84.16,SLE,-2.13007432,0.0525321149,-1.1969749,0.00741183,0.7477622100000012,0.64561307,0.63591124,0.0402191031,-0.07143549999999976
cyclohexane,323.15,-18.69112519,-17.83730915,746.99,84.16,REF,-2.9022601,0.0092249287,-1.95620831,0.8538160400000017,-18.69112519,-17.89558676,746.99,84.16,SLE,-2.24106754,0.0411061636,-1.30264899,0.00574027,0.7955384300000006,0.6611925599999999,0.65355932,0.0318812349,-0.05827761000000109
cyclohexane,318.15,-18.95333714,-18.06570209,751.37,84.16,REF,-3.03226214,0.006852653,-2.083117,0.8876350500000001,-18.95333714,-18.1129076,751.37,84.16,SLE,-2.35357387,0.0319845696,-1.41041294,0.00443023,0.8404295399999988,0.6786882699999999,0.67270406,0.0251319166,-0.04720551000000128
cyclohexane,313.15,-19.21697271,-18.29610434,755.79,84.16,REF,-3.16600685,0.0050442564,-2.21388907,0.9208683700000009,-19.21697271,-18.33406212,755.79,84.16,SLE,-2.46799761,0.0247348787,-1.52055001,0.0034041,0.8829105900000016,0.6980092400000002,0.69333906,0.019690622300000002,-0.037957779999999275
cyclohexane,308.15,-19.48199998,-18.52830182,760.26,84.16,REF,-3.30380561,0.0036771732,-2.34880675,0.9536981600000018,-19.48199998,-18.55858837,760.26,84.16,SLE,-2.58473741,0.0190005662,-1.63336324,0.00260173,0.9234116100000023,0.7190682000000002,0.7154435100000001,0.015323393,-0.03028654999999958
cyclohexane,303.15,-19.74838803,-18.7621083,764.78,84.16,REF,-3.44597101,0.0026529841,-2.48815935,0.9862797299999997,-19.74838803,-18.78607557,764.78,84.16,SLE,-2.70418206,0.0144891275,-1.74916562,0.00197614,0.9623124599999997,0.7417889500000001,0.73899373,0.0118361434,-0.023967269999999985
cyclohexane,298.15,-20.01610718,-18.99736204,769.35,84.16,REF,-3.5928195,0.0018930945,-2.63224487,1.01874514,-20.01610718,-19.01616267,769.35,84.16,SLE,-2.82671099,0.0109610945,-1.86827608,0.00149035,0.9999445099999988,0.76610851,0.7639687900000001,0.009068000000000001,-0.018800630000001206
cyclohexanol,403.15,-14.71611476,-13.81157824,849.16,100.1595,REF,-1.58160599,0.1437605391,-0.69788232,0.9045365200000006,-14.71611476,-14.10213543,849.16,100.1595,SLE,-1.11174217,0.3433076872,-0.3036549,0.07731394,0.6139793299999994,0.4698638199999998,0.39422741999999994,0.1995471481,-0.29055719000000124
cyclohexanol,398.15,-14.95115832,-13.93708274,853.6,100.1595,REF,-1.71046485,0.1102691435,-0.81347613,1.01407558,-14.95115832,-14.19344847,853.6,100.1595,SLE,-1.24164616,0.275053017,-0.40329599,0.05732629,0.7577098499999995,0.46881869,0.41018013999999997,0.1647838735,-0.2563657300000006
cyclohexanol,393.15,-15.18811761,-14.07140428,858.06,100.1595,REF,-1.83876499,0.0840549991,-0.93117847,1.1167133300000014,-15.18811761,-14.28861895,858.06,100.1595,SLE,-1.37377713,0.2159876114,-0.51083037,0.04228856,0.8994986600000008,0.46498786000000014,0.4203481,0.1319326123,-0.2172146700000006
cyclohexanol,388.15,-15.42696862,-14.21403252,862.55,100.1595,REF,-1.96675863,0.0637478883,-1.05060951,1.2129361000000003,-15.42696862,-14.39375198,862.55,100.1595,SLE,-1.50477177,0.1676657035,-0.62243969,0.03127723,1.033216640000001,0.4619868599999999,0.4281698199999999,0.10391781520000001,-0.1797194599999994
cyclohexanol,383.15,-15.66768595,-14.3642121,867.07,100.1595,REF,-2.09485016,0.0481230723,-1.17167904,1.3034738499999996,-15.66768595,-14.51095493,867.07,100.1595,SLE,-1.63336971,0.1293621092,-0.73586408,0.0232611,1.1567310199999987,0.46148045000000004,0.43581495999999986,0.08123903689999999,-0.14674283000000088
cyclohexanol,378.15,-15.91024291,-14.52118356,871.61,100.1595,REF,-2.22346692,0.0361625031,-1.29443833,1.3890593499999984,-15.91024291,-14.64011056,871.61,100.1595,SLE,-1.75952832,0.0994735754,-0.85005947,0.01739689,1.270132349999999,0.46393859999999987,0.44437885999999993,0.0633110723,-0.11892699999999934
cyclohexanol,373.15,-16.15461156,-14.68425781,876.18,100.1595,REF,-2.35301728,0.027047241,-1.41901205,1.4703537499999992,-16.15461156,-14.78016784,876.18,100.1595,SLE,-1.8837486,0.0763144217,-0.96471078,0.01306927,1.3744437199999986,0.4692686799999999,0.4543012700000001,0.049267180699999996,-0.09591003000000065
cyclohexanol,368.15,-16.40076282,-14.85286241,880.78,100.1595,REF,-2.48386182,0.0201303765,-1.54554707,1.5479004100000004,-16.40076282,-14.92990676,880.78,100.1595,SLE,-2.00665838,0.0584267241,-1.07983247,0.00984785,1.470856060000001,0.4772034399999998,0.4657146000000001,0.0382963476,-0.07704434999999954
cyclohexanol,363.15,-16.64866657,-15.02653059,885.4,100.1595,REF,-2.61631677,0.0149049674,-1.67419804,1.6221359799999995,-16.64866657,-15.0881887,885.4,100.1595,SLE,-2.1288705,0.0446331261,-1.19558665,0.00743241,1.5604778699999997,0.48744626999999996,0.47861138999999997,0.029728158700000003,-0.061658109999999766
cyclohexanol,358.15,-16.89829177,-15.20490062,890.05,100.1595,REF,-2.75065136,0.010976023,-1.80511164,1.69339115,-16.89829177,-15.25405211,890.05,100.1595,SLE,-2.25092347,0.0340103134,-1.31218163,0.00561147,1.6442396600000002,0.49972788999999995,0.49293001000000003,0.023034290399999997,-0.04915148999999985
cyclohexanol,353.15,-17.14960654,-15.3876991,894.73,100.1595,REF,-2.88709491,0.0080367783,-1.93842393,1.7619074399999999,-17.14960654,-15.42671685,894.73,100.1595,SLE,-2.37327357,0.0258414221,-1.42983018,0.00423376,1.7228896900000006,0.5138213400000002,0.50859375,0.0178046438,-0.039017749999999296
cyclohexanol,348.15,-17.40257834,-15.57472839,899.43,100.1595,REF,-3.0258419,0.0058497492,-2.07425829,1.827849950000001,-17.40257834,-15.60555597,899.43,100.1595,SLE,-2.49630678,0.0195710606,-1.5487369,0.00318928,1.7970223700000023,0.5295351200000002,0.52552139,0.013721311399999998,-0.030827579999998633
cyclohexanol,343.15,-17.65717409,-15.76585121,904.17,100.1595,REF,-3.16705941,0.0042316752,-2.21272755,1.8913228800000024,-17.65717409,-15.7900846,904.17,100.1595,SLE,-2.6203408,0.0147692054,-1.66908325,0.00239695,1.8670894900000015,0.5467186099999997,0.5436443,0.0105375302,-0.02423339000000091
cyclohexanol,338.15,-17.91336033,-15.96098063,908.93,100.1595,REF,-3.31089157,0.0030416937,-2.3539345,1.9523796999999998,-17.91336033,-15.9799272,908.93,100.1595,SLE,-2.74564127,0.01110219,-1.7910316,0.00179622,1.9334331299999992,0.5652502999999998,0.5629028999999999,0.008060496299999999,-0.018946570000000662
cyclohexanol,333.15,-18.17110338,-16.16006895,913.72,100.1595,REF,-3.4574653,0.0021719989,-2.49797462,2.0110344300000023,-18.17110338,-16.17479678,913.72,100.1595,SLE,-2.87243157,0.0083108355,-1.91472659,0.00134143,1.9963066000000005,0.5850337300000001,0.58324803,0.006138836600000001,-0.014727830000001774
cyclohexanol,328.15,-18.43036953,-16.3630987,918.53,100.1595,REF,-3.60689511,0.0015404956,-2.64493857,2.067270830000002,-18.43036953,-16.3744777,918.53,100.1595,SLE,-3.00090124,0.0061937237,-2.04029736,0.00099793,2.05589183,0.6059938699999998,0.60464121,0.0046532281,-0.011379000000001582
cyclohexanol,323.15,-18.69112519,-16.57007493,923.38,100.1595,REF,-3.75928744,0.0010850117,-2.79491483,2.1210502600000005,-18.69112519,-16.57881081,923.38,100.1595,SLE,-3.13121344,0.0045943655,-2.16786068,0.00073924,2.112314380000001,0.6280740000000002,0.6270541500000002,0.0035093538,-0.008735879999999696
cyclohexanol,318.15,-18.95333714,-16.78101915,928.25,100.1595,REF,-3.91474438,0.0007587462,-2.94799196,2.17231799,-18.95333714,-16.78768129,928.25,100.1595,SLE,-3.26351144,0.0033913121,-2.29752409,0.00054512,2.1656558500000003,0.6512329400000003,0.65046787,0.0026325659,-0.006662139999999539
cyclohexanol,313.15,-19.21697271,-16.9959637,933.15,100.1595,REF,-4.07336734,0.0005266939,-3.10426132,2.2210090099999995,-19.21697271,-17.00100967,933.15,100.1595,SLE,-3.39792341,0.0024904918,-2.42938824,0.00040002,2.215963040000002,0.6754439299999997,0.6748730799999998,0.0019637978999999996,-0.005045969999997624
cyclohexanol,308.15,-19.48199998,-17.21494792,938.08,100.1595,REF,-4.2352599,0.0003628486,-3.263819,2.267052060000001,-19.48199998,-17.21874286,938.08,100.1595,SLE,-3.53456772,0.0018192235,-2.56355035,0.00029203,2.2632571200000022,0.7006921799999999,0.7002686499999999,0.0014563749,-0.003794939999998803
cyclohexanol,303.15,-19.74838803,-17.43801483,943.03,100.1595,REF,-4.40053053,0.0002480257,-3.426768,2.310373200000001,-19.74838803,-17.44084814,943.03,100.1595,SLE,-3.67355661,0.0013215357,-2.70010644,0.00021205,2.307539890000001,0.7269739200000003,0.7266615600000002,0.00107351,-0.0028333099999997557
cyclohexanol,298.15,-20.01610718,-17.66520862,948.02,100.1595,REF,-4.56929505,0.000168175,-3.59322011,2.3508985599999974,-20.01610718,-17.66730808,948.02,100.1595,SLE,-3.81499961,0.0009544867,-2.83915362,0.00015311,2.3487990999999973,0.7542954399999999,0.75406649,0.0007863117,-0.002099460000000164
"2,3-dihydropyran",403.15,-14.71611476,-15.20185198,840.91,84.1169,REF,-0.82794576,0.5646004529,-0.07097448,-0.48573722000000075,-14.71611476,-15.00452099,840.91,84.1169,SLE,-0.62277585,0.699236029,0.03427703,0.23835494,-0.28840622999999965,0.20516990999999996,0.10525151,0.1346355761,0.1973309900000011
"2,3-dihydropyran",398.15,-14.95115832,-15.47118853,845.34,84.1169,REF,-0.86839031,0.5377591673,-0.09234672,-0.5200302099999998,-14.95115832,-15.26392906,845.34,84.1169,SLE,-0.65431161,0.6790406855,0.02185321,0.22166054,-0.31277074000000127,0.21407869999999996,0.11419992999999999,0.1412815182,0.20725946999999856
"2,3-dihydropyran",393.15,-15.18811761,-15.74248782,849.81,84.1169,REF,-0.90983747,0.5104323733,-0.11523712,-0.5543702099999983,-15.18811761,-15.52580914,849.81,84.1169,SLE,-0.6863421,0.6582641044,0.00862103,0.20590074,-0.33769152999999896,0.22349537000000008,0.12385815,0.14783173110000003,0.21667867999999935
"2,3-dihydropyran",388.15,-15.42696862,-16.01556561,854.3,84.1169,REF,-0.95241619,0.4826751702,-0.13977681,-0.5885969899999992,-15.42696862,-15.79006908,854.3,84.1169,SLE,-0.71892488,0.6369095443,-0.00547695,0.19101836,-0.36310046000000007,0.23349131,0.13429986,0.15423437410000002,0.22549652999999914
"2,3-dihydropyran",383.15,-15.66768595,-16.29024538,858.83,84.1169,REF,-0.99625696,0.4545603733,-0.16610455,-0.6225594300000026,-15.66768595,-16.05660021,858.83,84.1169,SLE,-0.75212916,0.6149787707,-0.02050753,0.17695826,-0.38891425999999996,0.2441278,0.14559702,0.16041839739999997,0.23364517000000262
"2,3-dihydropyran",378.15,-15.91024291,-16.56631772,863.39,84.1169,REF,-1.04151546,0.4261653799,-0.19438229,-0.6560748100000016,-15.91024291,-16.32530765,863.39,84.1169,SLE,-0.7860191,0.5924840227,-0.03653875,0.16367445,-0.41506474000000004,0.2554963600000001,0.15784354,0.16631864280000003,0.24101007000000152
"2,3-dihydropyran",373.15,-16.15461156,-16.84354017,867.98,84.1169,REF,-1.0883743,0.3975741626,-0.22479832,-0.6889286100000014,-16.15461156,-16.59608806,867.98,84.1169,SLE,-0.82066653,0.5694407888,-0.05364649,0.15112401,-0.44147650000000027,0.2677077699999999,0.17115183,0.17186662620000004,0.2474521100000011
"2,3-dihydropyran",368.15,-16.40076282,-17.12168547,872.6,84.1169,REF,-1.13701635,0.3688963586,-0.25754954,-0.7209226499999986,-16.40076282,-16.86880558,872.6,84.1169,SLE,-0.85616582,0.5458590899,-0.0719237,0.1392625,-0.46804275999999945,0.28085052999999993,0.18562584000000004,0.1769627313,0.2528798899999991
"2,3-dihydropyran",363.15,-16.64866657,-17.40052926,877.26,84.1169,REF,-1.18763215,0.3402634788,-0.29284558,-0.7518626899999994,-16.64866657,-17.14335146,877.26,84.1169,SLE,-0.89259961,0.5217677289,-0.09146171,0.12805614,-0.49468489000000204,0.29503254,0.20138387,0.1815042501,0.25717779999999735
"2,3-dihydropyran",358.15,-16.89829177,-17.67977744,881.94,84.1169,REF,-1.24046488,0.3118052842,-0.33094272,-0.7814856699999986,-16.89829177,-17.41959446,881.94,84.1169,SLE,-0.9300683,0.4971962374,-0.1123672,0.11747128,-0.5213026899999988,0.31039658000000003,0.21857552000000002,0.18539095320000004,0.26018297999999973
"2,3-dihydropyran",353.15,-17.14960654,-17.95919673,886.67,84.1169,REF,-1.29573334,0.2836933099,-0.37208618,-0.809590189999998,-17.14960654,-17.69739738,886.67,84.1169,SLE,-0.96868122,0.4721825678,-0.1347579,0.1074778,-0.5477908400000011,0.32705211999999995,0.23732827999999997,0.18848925789999998,0.2617993499999969
"2,3-dihydropyran",348.15,-17.40257834,-18.23847825,891.42,84.1169,REF,-1.35371595,0.2560948942,-0.41657359,-0.8358999099999984,-17.40257834,-17.9766048,891.42,84.1169,SLE,-1.00856496,0.4467696566,-0.15876862,0.09804716,-0.5740264599999989,0.34515099000000005,0.25780497,0.19067476240000003,0.2618734499999995
"2,3-dihydropyran",343.15,-17.65717409,-18.51735239,896.21,84.1169,REF,-1.414682,0.2292067353,-0.46470092,-0.8601782999999976,-17.65717409,-18.25706774,896.21,84.1169,SLE,-1.04984908,0.4210167728,-0.18454261,0.08915607,-0.5998936499999985,0.36483292,0.28015831,0.1918100375,0.2602846499999991
"2,3-dihydropyran",338.15,-17.91336033,-18.79554277,901.03,84.1169,REF,-1.47892081,0.2032345288,-0.51678327,-0.8821824400000011,-17.91336033,-18.53862222,901.03,84.1169,SLE,-1.09268028,0.394992515,-0.21224112,0.08078295,-0.6252618900000009,0.38624053,0.30454215,0.19175798619999998,0.25692055000000025
"2,3-dihydropyran",333.15,-18.17110338,-19.07279117,905.89,84.1169,REF,-1.54672706,0.1783919531,-0.57314068,-0.9016877899999969,-18.17110338,-18.82109183,905.89,84.1169,SLE,-1.13722206,0.3687774154,-0.24204411,0.07290846,-0.6499884499999986,0.409505,0.3310965699999999,0.19038546229999997,0.2516993399999983
"2,3-dihydropyran",328.15,-18.43036953,-19.34884497,910.78,84.1169,REF,-1.61840958,0.1548872581,-0.63410309,-0.9184754399999981,-18.43036953,-19.10428236,910.78,84.1169,SLE,-1.18365979,0.3424634397,-0.27415454,0.06551492,-0.673912829999999,0.4347497899999999,0.35994855,0.18757618159999997,0.24456260999999913
"2,3-dihydropyran",323.15,-18.69112519,-19.62350457,915.7,84.1169,REF,-1.6942606,0.1329213999,-0.69998038,-0.9323793800000004,-18.69112519,-19.38801426,915.7,84.1169,SLE,-1.23218046,0.3161672323,-0.30878379,0.05858947,-0.6968890699999974,0.4620801400000001,0.39119658999999996,0.1832458324,0.23549031000000298
"2,3-dihydropyran",318.15,-18.95333714,-19.89660246,920.66,84.1169,REF,-1.77456888,0.1126687722,-0.77107041,-0.9432653200000019,-18.95333714,-19.67207123,920.66,84.1169,SLE,-1.28300838,0.2900115546,-0.34617831,0.05211846,-0.7187340900000017,0.49156049999999984,0.4248921,0.1773427824,0.2245312300000002
"2,3-dihydropyran",313.15,-19.21697271,-20.16805751,925.66,84.1169,REF,-1.85958177,0.0942724569,-0.8476213,-0.9510848000000003,-19.21697271,-19.9562576,925.66,84.1169,SLE,-1.33636816,0.2641458807,-0.38659148,0.04609267,-0.7392848900000004,0.52321361,0.46102982000000003,0.1698734238,0.21179990999999987
"2,3-dihydropyran",308.15,-19.48199998,-20.43784093,930.69,84.1169,REF,-1.94952603,0.0778250735,-0.92984768,-0.9558409499999989,-19.48199998,-20.24034744,930.69,84.1169,SLE,-1.39252104,0.2387271444,-0.43031146,0.04050223,-0.7583474599999995,0.5570049899999998,0.49953622,0.16090207090000003,0.19749348999999938
"2,3-dihydropyran",303.15,-19.74838803,-20.70600415,935.76,84.1169,REF,-2.04458632,0.0633647381,-1.0179094,-0.9576161199999973,-19.74838803,-20.52412541,935.76,84.1169,SLE,-1.45173861,0.2139311334,-0.47763988,0.03533958,-0.7757373799999989,0.59284771,0.54026952,0.1505663953,0.18187873999999837
"2,3-dihydropyran",298.15,-20.01610718,-20.97267768,940.86,84.1169,REF,-2.1449026,0.0508710995,-1.11190877,-0.9565705000000015,-20.01610718,-20.80738678,940.86,84.1169,SLE,-1.51430385,0.1899469306,-0.52889073,0.03059822,-0.7912796000000029,0.6305987500000001,0.5830180400000001,0.1390758311,0.16529089999999869
dimethylformamide,403.15,-14.71611476,-15.03145158,801.05,73.0941,REF,-0.92031893,0.5386029511,-0.10474181,-0.31533682000000063,-14.71611476,-14.89339846,801.05,73.0941,SLE,-0.68298867,0.6912054926,0.0209178,0.20749677,-0.17728370000000027,0.23733026000000002,0.12565961,0.15260254149999997,0.13805312000000036
dimethylformamide,398.15,-14.95115832,-15.29218861,805.29,73.0941,REF,-0.96664382,0.5085823093,-0.13075804,-0.34103029000000085,-14.95115832,-15.14301178,805.29,73.0941,SLE,-0.72065461,0.6676364359,0.00532063,0.19025908,-0.1918534600000008,0.24598921000000007,0.13607866999999998,0.15905412659999996,0.14917683000000004
dimethylformamide,393.15,-15.18811761,-15.55637809,809.57,73.0941,REF,-1.01329277,0.4786794117,-0.15813477,-0.36826048,-15.18811761,-15.39533796,809.57,73.0941,SLE,-0.75883739,0.6433680304,-0.01134565,0.17424592,-0.20722035000000005,0.2544553800000001,0.14678912,0.1646886187,0.16104012999999995
dimethylformamide,388.15,-15.42696862,-15.82405696,813.88,73.0941,REF,-1.06024399,0.4490799725,-0.18684752,-0.3970883399999998,-15.42696862,-15.65050532,813.88,73.0941,SLE,-0.79747133,0.6185158112,-0.02908041,0.15941481,-0.22353670000000037,0.26277266,0.15776711,0.1694358387,0.17355163999999945
dimethylformamide,383.15,-15.66768595,-16.09524188,818.22,73.0941,REF,-1.10748532,0.419958123,-0.2168703,-0.4275559300000005,-15.66768595,-15.90862791,818.22,73.0941,SLE,-0.8364947,0.5932054567,-0.04787644,0.14571535,-0.24094196000000068,0.27099062000000007,0.16899386,0.1732473337,0.1866139699999998
dimethylformamide,378.15,-15.91024291,-16.36990554,822.59,73.0941,REF,-1.15502863,0.3914643604,-0.24818761,-0.4596626300000022,-15.91024291,-16.16983183,822.59,73.0941,SLE,-0.87583479,0.567580138,-0.06771147,0.13309606,-0.25958892000000056,0.2791938399999999,0.18047614,0.17611577759999997,0.20007371000000163
dimethylformamide,373.15,-16.15461156,-16.64796699,826.99,73.0941,REF,-1.2029171,0.363720182,-0.28080315,-0.49335543000000115,-16.15461156,-16.43422258,826.99,73.0941,SLE,-0.91542636,0.5417856593,-0.08855765,0.12149926,-0.2796110200000008,0.2874907400000001,0.1922455,0.1780654773,0.21374441000000033
dimethylformamide,368.15,-16.40076282,-16.92932563,831.43,73.0941,REF,-1.25120726,0.3368290085,-0.31472985,-0.5285628100000004,-16.40076282,-16.70190071,831.43,73.0941,SLE,-0.95520287,0.5159728235,-0.11037694,0.11086568,-0.3011378899999997,0.2960043899999999,0.20435290999999997,0.17914381499999993,0.2274249200000007
dimethylformamide,363.15,-16.64866657,-17.21387371,835.9,73.0941,REF,-1.29996242,0.3108798187,-0.34998643,-0.5652071400000018,-16.64866657,-16.97294544,835.9,73.0941,SLE,-0.99510633,0.4902875602,-0.13312741,0.10113318,-0.32427887000000055,0.3048560899999999,0.21685902,0.17940774150000005,0.24092827000000128
dimethylformamide,358.15,-16.89829177,-17.50145944,840.4,73.0941,REF,-1.34927572,0.2859358305,-0.38661641,-0.6031676700000013,-16.89829177,-17.24740203,840.4,73.0941,SLE,-1.0350957,0.4648624599,-0.15677001,0.09223682,-0.3491102599999998,0.31418002,0.22984640000000003,0.17892662940000004,0.2540574100000015
dimethylformamide,353.15,-17.14960654,-17.79192042,844.94,73.0941,REF,-1.39925165,0.2620467235,-0.42467583,-0.6423138799999997,-17.14960654,-17.52529458,844.94,73.0941,SLE,-1.07514018,0.4398186199,-0.18126626,0.08411236,-0.37568804,0.32411147000000007,0.24340956999999996,0.17777189639999996,0.26662583999999967
dimethylformamide,348.15,-17.40257834,-18.08508081,849.51,73.0941,REF,-1.45000872,0.2392490205,-0.46423601,-0.6825024699999993,-17.40257834,-17.80662403,849.51,73.0941,SLE,-1.11522135,0.4152624907,-0.20658118,0.07669705,-0.4040456899999967,0.33478737000000014,0.25765483,0.1760134702,0.2784567800000026
dimethylformamide,343.15,-17.65717409,-18.38075485,854.12,73.0941,REF,-1.50167831,0.2175685245,-0.50538337,-0.7235807599999973,-17.65717409,-18.09135032,854.12,73.0941,SLE,-1.15534548,0.3912775044,-0.23269387,0.06992855,-0.4341762299999985,0.3463328299999999,0.27268950000000003,0.17370897989999998,0.28940452999999877
dimethylformamide,338.15,-17.91336033,-18.67874986,858.76,73.0941,REF,-1.5544038,0.1970224643,-0.54821905,-0.7653895300000002,-17.91336033,-18.37943889,858.76,73.0941,SLE,-1.19551545,0.3679408812,-0.25957955,0.06375064,-0.4660785599999997,0.35888834999999997,0.28863950000000005,0.1709184169,0.2993109700000005
dimethylformamide,333.15,-18.17110338,-18.97887394,863.43,73.0941,REF,-1.60833652,0.1776223931,-0.59285551,-0.807770559999998,-18.17110338,-18.67081331,863.43,73.0941,SLE,-1.23576161,0.3453054728,-0.28723283,0.05810833,-0.4997099299999981,0.37257491,0.30562268000000004,0.16768307970000002,0.30806062999999995
dimethylformamide,328.15,-18.43036953,-19.28091033,868.14,73.0941,REF,-1.66365356,0.1593692314,-0.63943222,-0.850540800000001,-18.43036953,-18.96539488,868.14,73.0941,SLE,-1.27611771,0.3234149083,-0.31565174,0.05295199,-0.5350253500000015,0.3875358499999999,0.32378048,0.16404567690000002,0.3155154499999995
dimethylformamide,323.15,-18.69112519,-19.58468452,872.89,73.0941,REF,-1.7205145,0.1422686708,-0.68807737,-0.8935593299999987,-18.69112519,-19.26309836,872.89,73.0941,SLE,-1.31662412,0.3023022999,-0.34484072,0.04823651,-0.5719731699999997,0.40389038,0.34323665000000003,0.16003362910000002,0.32158615999999896
dimethylformamide,318.15,-18.95333714,-19.88999535,877.67,73.0941,REF,-1.77910748,0.126315722,-0.73894808,-0.9366582100000009,-18.95333714,-19.56380923,877.67,73.0941,SLE,-1.3573441,0.2819832276,-0.37482413,0.04391935,-0.6104720900000018,0.42176338,0.36412395000000003,0.1556675056,0.32618611999999914
dimethylformamide,313.15,-19.21697271,-20.19664013,882.48,73.0941,REF,-1.83963412,0.1115010053,-0.79221719,-0.9796674199999984,-19.21697271,-19.86743174,882.48,73.0941,SLE,-1.39833231,0.2624733241,-0.40562223,0.03996388,-0.6504590300000004,0.4413018099999999,0.38659496000000004,0.1509723188,0.329208389999998
dimethylformamide,308.15,-19.48199998,-20.50446265,887.34,73.0941,REF,-1.90227671,0.0978178363,-0.84804247,-1.0224626699999995,-19.48199998,-20.17385737,887.34,73.0941,SLE,-1.43965654,0.2437780786,-0.43726847,0.03633653,-0.6918573899999991,0.4626201699999999,0.410774,0.1459602423,0.33060528000000033
dimethylformamide,303.15,-19.74838803,-20.81326743,892.23,73.0941,REF,-1.96725856,0.0852473502,-0.90662176,-1.0648793999999988,-19.74838803,-20.48297378,892.23,73.0941,SLE,-1.48139259,0.2258968952,-0.46980581,0.0330071,-0.7345857499999973,0.4858659700000001,0.43681595000000006,0.140649545,0.33029365000000155
dimethylformamide,298.15,-20.01610718,-21.12292974,897.15,73.0941,REF,-2.03476704,0.0737742134,-0.96812086,-1.1068225600000012,-20.01610718,-20.7946745,897.15,73.0941,SLE,-1.52361797,0.2088268415,-0.50328165,0.02994898,-0.7785673200000005,0.5111490700000001,0.46483920999999995,0.13505262810000002,0.3282552400000007
dimethylsulfoxide,403.15,-14.71611476,-14.04276208,1019.31,78.1342,REF,-1.45628242,0.2247052195,-0.43451869,0.6733526800000007,-14.71611476,-14.00267489,1019.31,78.1342,SLE,-1.16563582,0.3695661619,-0.21755444,0.06829111,0.7134398700000002,0.29064659999999987,0.21696425,0.14486094240000003,0.040087189999999495
dimethylsulfoxide,398.15,-14.95115832,-14.29769825,1024.43,78.1342,REF,-1.51252209,0.2022416352,-0.4782352,0.6534600699999995,-14.95115832,-14.22415344,1024.43,78.1342,SLE,-1.22479944,0.3363507492,-0.25650081,0.05959373,0.7270048799999991,0.2877226500000001,0.22173439,0.13410911400000003,0.07354480999999957
dimethylsulfoxide,393.15,-15.18811761,-14.55902242,1029.56,78.1342,REF,-1.56770618,0.1819511473,-0.5221141,0.629095190000001,-15.18811761,-14.45751706,1029.56,78.1342,SLE,-1.27993022,0.3070241038,-0.29414529,0.05248918,0.7306005500000001,0.28777596000000005,0.22796881000000002,0.1250729565,0.1015053599999991
dimethylsulfoxide,388.15,-15.42696862,-14.82594183,1034.7,78.1342,REF,-1.62222675,0.163556878,-0.56635444,0.6010267900000006,-15.42696862,-14.70082958,1034.7,78.1342,SLE,-1.33194858,0.2808842898,-0.33079763,0.04656412,0.7261390399999996,0.2902781700000001,0.23555681,0.11732741180000003,0.12511224999999904
dimethylsulfoxide,383.15,-15.66768595,-15.09780341,1039.86,78.1342,REF,-1.67641584,0.1468358594,-0.61113834,0.56988254,-15.66768595,-14.95263143,1039.86,78.1342,SLE,-1.38155046,0.2573955813,-0.36671775,0.04153838,0.7150545199999989,0.29486538000000007,0.24442059,0.11055972190000002,0.14517197999999887
dimethylsulfoxide,378.15,-15.91024291,-15.37407255,1045.04,78.1342,REF,-1.73055384,0.1316082922,-0.65662867,0.5361703599999998,-15.91024291,-15.21181354,1045.04,78.1342,SLE,-1.42926539,0.2361478444,-0.40211788,0.03721642,0.6984293699999995,0.30128844999999993,0.25451079000000004,0.1045395522,0.16225900999999965
dimethylsulfoxide,373.15,-16.15461156,-15.65429802,1050.22,78.1342,REF,-1.78488661,0.1177258099,-0.70297706,0.5003135399999987,-16.15461156,-15.47750715,1050.22,78.1342,SLE,-1.4755099,0.2168200092,-0.43717707,0.03345724,0.6771044100000001,0.30937671,0.26579999000000004,0.09909419929999999,0.17679087000000138
dimethylsulfoxide,368.15,-16.40076282,-15.9380955,1055.43,78.1342,REF,-1.83963297,0.1050645375,-0.7503258,0.4626673200000013,-16.40076282,-15.74903659,1055.43,78.1342,SLE,-1.52060786,0.1991611786,-0.47203963,0.03015728,0.6517262300000013,0.3190251100000001,0.27828617000000005,0.09409664109999999,0.18905890999999997
dimethylsulfoxide,363.15,-16.64866657,-16.22513465,1060.64,78.1342,REF,-1.89499067,0.0935196466,-0.79880955,0.4235319199999985,-16.64866657,-16.02584503,1060.64,78.1342,SLE,-1.56482893,0.1829669755,-0.50683433,0.02723774,0.6228215400000003,0.3301617400000001,0.29197522,0.08944732889999998,0.19928962000000183
dimethylsulfoxide,358.15,-16.89829177,-16.51513014,1065.87,78.1342,REF,-1.95114049,0.0830012229,-0.84855639,0.38316163000000003,-16.89829177,-16.30748243,1065.87,78.1342,SLE,-1.60839211,0.1680723983,-0.54166941,0.02463814,0.5908093399999998,0.34274837999999996,0.30688698000000003,0.0850711754,0.20764770999999982
dimethylsulfoxide,353.15,-17.14960654,-16.80783537,1071.12,78.1342,REF,-2.00824896,0.0734310605,-0.89968826,0.34177117000000123,-17.14960654,-16.59357989,1071.12,78.1342,SLE,-1.65147811,0.1543421825,-0.57663706,0.02231115,0.5560266499999997,0.35677085,0.3230512,0.080911122,0.2142554799999985
dimethylsulfoxide,348.15,-17.40257834,-17.10303812,1076.37,78.1342,REF,-2.06647016,0.0647401312,-0.95232103,0.2995402200000008,-17.40257834,-16.88382092,1076.37,78.1342,SLE,-1.69424476,0.1416619574,-0.61182235,0.02021879,0.51875742,0.37222540000000026,0.34049868000000005,0.07692182620000002,0.21921719999999922
dimethylsulfoxide,343.15,-17.65717409,-17.40055626,1081.64,78.1342,REF,-2.12594767,0.0568664529,-1.00656496,0.25661783000000327,-17.65717409,-17.17793867,1081.64,78.1342,SLE,-1.73682714,0.1299354762,-0.64730055,0.01833044,0.47923542000000197,0.38912053,0.35926441,0.07306902330000001,0.2226175899999987
dimethylsulfoxide,338.15,-17.91336033,-17.70024205,1086.92,78.1342,REF,-2.18681106,0.0497539633,-1.06252042,0.21311827999999977,-17.91336033,-17.47570741,1086.92,78.1342,SLE,-1.77934152,0.1190809554,-0.68313819,0.01662105,0.43765292000000144,0.40746954000000013,0.37938223000000004,0.06932699209999998,0.22453464000000167
dimethylsulfoxide,333.15,-18.17110338,-18.00197305,1092.21,78.1342,REF,-2.24918098,0.043350524,-1.12028179,0.16913033000000155,-18.17110338,-17.77693145,1092.21,78.1342,SLE,-1.82189138,0.109027538,-0.71939664,0.01506984,0.3941719300000024,0.42728960000000016,0.4008851499999999,0.06567701399999999,0.22504160000000084
dimethylsulfoxide,328.15,-18.43036953,-18.30564744,1097.52,78.1342,REF,-2.31317163,0.0376068032,-1.1799393,0.12472208999999879,-18.43036953,-18.08144545,1097.52,78.1342,SLE,-1.86456624,0.0997139951,-0.75612978,0.01365947,0.34892407999999975,0.44860538999999977,0.42380952000000005,0.0621071919,0.22420199000000096
dimethylsulfoxide,323.15,-18.69112519,-18.61119969,1102.83,78.1342,REF,-2.37887986,0.0324765075,-1.241568,0.07992550000000165,-18.69112519,-18.38910744,1102.83,78.1342,SLE,-1.90744554,0.0910864585,-0.79338637,0.01237526,0.302017750000001,0.47143431999999996,0.44818163,0.058609950999999993,0.22209224999999932
dimethylsulfoxide,318.15,-18.95333714,-18.91859543,1108.15,78.1342,REF,-2.44638744,0.0279152814,-1.30522942,0.034741709999998704,-18.95333714,-18.69978613,1108.15,78.1342,SLE,-1.95060661,0.0830958963,-0.83121661,0.01120452,0.2535510099999989,0.49578083000000017,0.47401281000000006,0.0551806149,0.2188093000000002
dimethylsulfoxide,313.15,-19.21697271,-19.22781485,1113.48,78.1342,REF,-2.51577158,0.0238795952,-1.37098154,-0.010842140000001166,-19.21697271,-19.01338255,1113.48,78.1342,SLE,-1.9941096,0.0757001507,-0.86965762,0.01013656,0.20359016000000096,0.52166198,0.50132392,0.0518205555,0.21443230000000213
dimethylsulfoxide,308.15,-19.48199998,-19.5388704,1118.83,78.1342,REF,-2.58709215,0.0203274453,-1.43886618,-0.0568704199999992,-19.48199998,-19.32980703,1118.83,78.1342,SLE,-2.03801254,0.0688602196,-0.90874674,0.00916194,0.15219294999999988,0.5490796100000002,0.53011944,0.0485327743,0.20906336999999908
dimethylsulfoxide,303.15,-19.74838803,-19.85179372,1124.18,78.1342,REF,-2.66039987,0.0172177528,-1.50891683,-0.10340568999999888,-19.74838803,-19.64899841,1124.18,78.1342,SLE,-2.08235751,0.0625418621,-0.94850812,0.00827261,0.09938962000000018,0.57804236,0.56040871,0.0453241093,0.20279530999999906
dimethylsulfoxide,298.15,-20.01610718,-20.16664513,1129.54,78.1342,REF,-2.73572876,0.014510778,-1.58115119,-0.15053795000000036,-20.01610718,-19.97088818,1129.54,78.1342,SLE,-2.12719574,0.0567113624,-0.98897603,0.00746112,0.045218999999999454,0.6085330200000003,0.5921751599999999,0.0422005844,0.19575694999999982
diphenylether,403.15,-14.71611476,-14.95661491,978.06,170.2083,REF,-0.96088751,0.310866526,-0.3055289,-0.2405001500000008,-14.71611476,-14.87452981,978.06,170.2083,SLE,-0.69321282,0.4827246052,-0.11029123,0.20266893,-0.15841505000000033,0.26767469,0.19523766999999997,0.1718580792,0.08208510000000047
diphenylether,398.15,-14.95115832,-15.2019217,982.98,170.2083,REF,-1.01619156,0.2813049409,-0.34746379,-0.2507633800000004,-14.95115832,-15.11990738,982.98,170.2083,SLE,-0.73333117,0.4542072342,-0.13526628,0.1847859,-0.16874906000000145,0.28286038999999996,0.21219751,0.17290229329999995,0.08201431999999897
diphenylether,393.15,-15.18811761,-15.44810081,987.93,170.2083,REF,-1.0734823,0.2529378959,-0.39213616,-0.25998319999999886,-15.18811761,-15.366883,987.93,170.2083,SLE,-0.77464816,0.4257570801,-0.16188608,0.16801646,-0.1787653899999988,0.29883413999999997,0.23025008000000002,0.17281918420000003,0.08121781000000006
diphenylether,388.15,-15.42696862,-15.69504824,992.89,170.2083,REF,-1.13288157,0.225919716,-0.43967199,-0.26807961999999996,-15.42696862,-15.61534497,992.89,170.2083,SLE,-0.81725956,0.397474955,-0.19026125,0.15231422,-0.18837635000000041,0.3156220099999999,0.24941074000000002,0.17155523900000003,0.07970326999999955
diphenylether,383.15,-15.66768595,-15.94267535,997.87,170.2083,REF,-1.19450799,0.2003901699,-0.49018987,-0.2749894000000008,-15.66768595,-15.86517954,997.87,170.2083,SLE,-0.86126653,0.3694693455,-0.22050839,0.13763645,-0.19749359000000055,0.33324146,0.26968148000000003,0.1690791756,0.07749581000000028
diphenylether,378.15,-15.91024291,-16.19091714,1002.87,170.2083,REF,-1.25847201,0.1764705886,-0.54379566,-0.2806742300000007,-15.91024291,-16.11628065,1002.87,170.2083,SLE,-0.90677038,0.3418586821,-0.25274582,0.12394517,-0.20603774000000108,0.35170163,0.29104984,0.16538809349999997,0.07463648999999961
diphenylether,373.15,-16.15461156,-16.43972281,1007.89,170.2083,REF,-1.32488102,0.1542564819,-0.60058594,-0.2851112499999999,-16.15461156,-16.36854212,1007.89,170.2083,SLE,-0.95387723,0.3147665894,-0.28709633,0.1112046,-0.21393056000000144,0.37100379000000006,0.31348961,0.16051010750000003,0.07118068999999849
diphenylether,368.15,-16.40076282,-16.68906473,1012.92,170.2083,REF,-1.39383376,0.1338155143,-0.66064274,-0.2883019099999977,-16.40076282,-16.62185703,1012.92,170.2083,SLE,-1.00269872,0.2883195569,-0.32368732,0.09938052,-0.2210942100000004,0.39113504,0.33695542,0.1545040426,0.06720769999999732
diphenylether,363.15,-16.64866657,-16.93893612,1017.98,170.2083,REF,-1.46542128,0.1151842445,-0.72403405,-0.29026955000000143,-16.64866657,-16.87612743,1017.98,170.2083,SLE,-1.05334663,0.262647311,-0.36264589,0.08844095,-0.22746086000000076,0.4120746499999999,0.36138815999999996,0.1474630665,0.06280869000000067
diphenylether,358.15,-16.89829177,-17.18934569,1023.05,170.2083,REF,-1.53972963,0.098366439,-0.79081653,-0.2910539199999995,-16.89829177,-17.13126448,1023.05,170.2083,SLE,-1.10593286,0.2378791894,-0.40409791,0.07835508,-0.23297270999999853,0.43379677000000005,0.38671861999999996,0.1395127504,0.05808121000000099
diphenylether,353.15,-17.14960654,-17.44032198,1028.14,170.2083,REF,-1.61683701,0.0833347081,-0.86103347,-0.2907154399999996,-17.14960654,-17.38718509,1028.14,170.2083,SLE,-1.16057163,0.2141392891,-0.44816888,0.0690921,-0.2375785499999985,0.45626538000000005,0.41286459,0.13080458099999998,0.0531368900000011
diphenylether,348.15,-17.40257834,-17.69190486,1033.25,170.2083,REF,-1.69681857,0.0700319959,-0.93472014,-0.2893265199999995,-17.40257834,-17.64382052,1033.25,170.2083,SLE,-1.21737428,0.1915447139,-0.49497887,0.06062137,-0.24124217999999686,0.47944429,0.43974127,0.12151271799999999,0.04808434000000261
diphenylether,343.15,-17.65717409,-17.94414375,1038.38,170.2083,REF,-1.7797474,0.0583756391,-1.01190599,-0.2869696599999969,-17.65717409,-17.9011088,1038.38,170.2083,SLE,-1.27645403,0.1701994083,-0.54464562,0.052911,-0.24393470999999778,0.50329337,0.46726037,0.11182376919999999,0.04303494999999913
diphenylether,338.15,-17.91336033,-18.1970936,1043.52,170.2083,REF,-1.86569709,0.0482621702,-1.09261835,-0.28373326999999904,-17.91336033,-18.15900644,1043.52,170.2083,SLE,-1.3379186,0.1501930518,-0.59727757,0.04592841,-0.24564610999999914,0.52777849,0.4953407799999999,0.1019308816,0.0380871599999999
diphenylether,333.15,-18.17110338,-18.45081288,1048.68,170.2083,REF,-1.95474321,0.0395728411,-1.17688525,-0.27970949999999917,-18.17110338,-18.41748382,1048.68,170.2083,SLE,-1.401873,0.1315962418,-0.65297559,0.03963939,-0.24638043999999937,0.55287021,0.5239096599999999,0.09202340070000001,0.0333290599999998
diphenylether,328.15,-18.43036953,-18.70535787,1053.86,170.2083,REF,-2.04696736,0.0321789742,-1.26474065,-0.27498834000000016,-18.43036953,-18.6765235,1053.86,170.2083,SLE,-1.4684205,0.114457544,-0.71183358,0.03400788,-0.24615396999999817,0.5785468600000001,0.5529070700000001,0.08227856979999999,0.028834370000001996
diphenylether,323.15,-18.69112519,-18.96078223,1059.05,170.2083,REF,-2.14245806,0.0259473639,-1.35622646,-0.26965703999999846,-18.69112519,-18.93611996,1059.05,170.2083,SLE,-1.53766285,0.0988019412,-0.77393863,0.02899594,-0.24499476999999814,0.60479521,0.5822878300000001,0.0728545773,0.02466227000000032
diphenylether,318.15,-18.95333714,-19.21713442,1064.26,170.2083,REF,-2.24131322,0.0207448597,-1.45139594,-0.26379728000000213,-18.95333714,-19.19628309,1064.26,170.2083,SLE,-1.60969787,0.0846308723,-0.83936903,0.02456417,-0.24294595000000285,0.6316153499999999,0.6120269100000001,0.06388601260000001,0.02085132999999928
diphenylether,313.15,-19.21697271,-19.47445644,1069.48,170.2083,REF,-2.34364186,0.0164422086,-1.55031615,-0.2574837300000006,-19.21697271,-19.45703114,1069.48,170.2083,SLE,-1.68462419,0.0719218987,-0.90819912,0.02067168,-0.24005843000000127,0.6590176699999999,0.64211703,0.0554796901,0.01742529999999931
diphenylether,308.15,-19.48199998,-19.73278324,1074.72,170.2083,REF,-2.44956566,0.0129170205,-1.65307,-0.2507832599999986,-19.48199998,-19.71839135,1074.72,170.2083,SLE,-1.7625411,0.0606307681,-0.9804998,0.01727662,-0.23639136999999977,0.6870245600000002,0.6725702,0.0477137476,0.014391889999998853
diphenylether,303.15,-19.74838803,-19.99214257,1079.98,170.2083,REF,-2.55922021,0.0100558677,-1.75975785,-0.24375453999999763,-19.74838803,-19.98039677,1079.98,170.2083,SLE,-1.84355095,0.0506939166,-1.05634174,0.01433669,-0.23200873999999772,0.7156692599999999,0.70341611,0.0406380489,0.011745799999999917
diphenylether,298.15,-20.01610718,-20.25255532,1085.25,170.2083,REF,-2.67275613,0.0077555975,-1.87049874,-0.23644814000000025,-20.01610718,-20.2430848,1085.25,170.2083,SLE,-1.92776073,0.0420318847,-1.13579783,0.01180971,-0.22697761999999955,0.7449953999999999,0.7347009099999999,0.0342762872,0.009470520000000704
dodecane,403.15,-14.71611476,-13.48248744,659.52,170.336,REF,-1.76000442,0.0609272558,-1.18208285,1.23362732,-14.71611476,-13.65606931,659.52,170.336,SLE,-1.3534474,0.1453827641,-0.79058601,0.04431519,1.0600454500000005,0.40655701999999994,0.39149684000000007,0.08445550830000001,-0.17358186999999958
dodecane,398.15,-14.95115832,-13.68030745,663.1,170.336,REF,-1.85140945,0.0497823232,-1.26926505,1.2708508699999985,-14.95115832,-13.82960633,663.1,170.336,SLE,-1.44127338,0.1211095724,-0.87159901,0.0362015,1.1215519899999986,0.4101360700000001,0.39766604000000005,0.0713272492,-0.1492988799999999
dodecane,393.15,-15.18811761,-13.88345735,666.71,170.336,REF,-1.94324155,0.0405742841,-1.35720879,1.3046602600000003,-15.18811761,-14.01183231,666.71,170.336,SLE,-1.52757146,0.1008859358,-0.95191533,0.02967758,1.1762853,0.4156700899999999,0.4052934600000001,0.0603116517,-0.12837496000000037
dodecane,388.15,-15.42696862,-14.09135068,670.35,170.336,REF,-2.03583391,0.032970585,-1.44618273,1.3356179400000006,-15.42696862,-14.2016537,670.35,170.336,SLE,-1.61288463,0.0839922515,-1.03189858,0.02438459,1.2253149200000006,0.4229492800000001,0.4142841500000001,0.05102166650000001,-0.11030301999999992
dodecane,383.15,-15.66768595,-14.30348547,674.02,170.336,REF,-2.12948811,0.026699162,-1.5364375,1.3642004799999992,-15.66768595,-14.3981538,674.02,170.336,SLE,-1.69768262,0.069851131,-1.11188414,0.02005937,1.2695321499999999,0.4318054900000001,0.42455336,0.043151969,-0.0946683299999993
dodecane,378.15,-15.91024291,-14.51943487,677.73,170.336,REF,-2.22447755,0.0215361655,-1.62820575,1.3908080399999996,-15.91024291,-14.60055052,677.73,170.336,SLE,-1.78238147,0.0579965644,-1.19218572,0.01650511,1.3096923899999986,0.44209608,0.4360200300000001,0.036460398899999996,-0.08111565000000098
dodecane,373.15,-16.15461156,-14.73883421,681.46,170.336,REF,-2.32105311,0.0172962304,-1.72170549,1.415777349999999,-16.15461156,-14.80817908,681.46,170.336,SLE,-1.86735016,0.0480509093,-1.27309329,0.01357219,1.346432479999999,0.4537029499999998,0.4486121999999999,0.0307546789,-0.06934487000000011
dodecane,368.15,-16.40076282,-14.96136471,685.23,170.336,REF,-2.4194514,0.0138249117,-1.81714647,1.4393981100000008,-16.40076282,-15.02048737,685.23,170.336,SLE,-1.95291018,0.0397067685,-1.35486665,0.01114525,1.380275450000001,0.46654121999999987,0.46227982,0.025881856800000005,-0.05912265999999988
dodecane,363.15,-16.64866657,-15.18674993,689.04,170.336,REF,-2.51989594,0.0109931102,-1.91473017,1.46191664,-16.64866657,-15.23699165,689.04,170.336,SLE,-2.03935898,0.0327103953,-1.43775415,0.00913358,1.4116749199999994,0.48053696000000024,0.47697601999999995,0.0217172851,-0.05024172000000071
dodecane,358.15,-16.89829177,-15.41474698,692.87,170.336,REF,-2.6226017,0.0086925431,-2.01465333,1.4835447899999998,-16.89829177,-15.45728132,692.87,170.336,SLE,-2.12696545,0.0268516614,-1.52198527,0.00746508,1.4410104500000003,0.49563625,0.49266805999999974,0.0181591183,-0.04253433999999956
dodecane,353.15,-17.14960654,-15.64514334,696.75,170.336,REF,-2.72777651,0.0068322393,-2.11710867,1.5044632,-17.14960654,-15.68099954,696.75,170.336,SLE,-2.21597997,0.0219549045,-1.60777833,0.00608163,1.4686070000000004,0.5117965400000002,0.50933034,0.0151226652,-0.03585619999999956
dodecane,348.15,-17.40257834,-15.87774883,700.65,170.336,REF,-2.83562572,0.0053356674,-2.22228887,1.5248295100000018,-17.40257834,-15.90783529,700.65,170.336,SLE,-2.30663815,0.0178723663,-1.69534257,0.00493585,1.494743050000002,0.52898757,0.5269462999999999,0.0125366989,-0.030086459999999704
dodecane,343.15,-17.65717409,-16.11239515,704.6,170.336,REF,-2.94635234,0.0041384874,-2.33038645,1.5447789400000005,-17.65717409,-16.1375089,704.6,170.336,SLE,-2.39916905,0.0144789132,-1.78488519,0.0039887,1.5196651900000013,0.54718329,0.5455012600000002,0.0103404258,-0.025113749999999158
dodecane,338.15,-17.91336033,-16.34893193,708.57,170.336,REF,-3.06015957,0.0031866613,-2.44159576,1.5644284000000006,-17.91336033,-16.36977713,708.57,170.336,SLE,-2.49379151,0.0116683628,-1.87660677,0.00320781,1.5435832000000005,0.5663680600000003,0.5649889899999998,0.008481701500000001,-0.02084520000000012
dodecane,333.15,-18.17110338,-16.58722442,712.59,170.336,REF,-3.17725242,0.0024348995,-2.55611447,1.5838789600000034,-18.17110338,-16.6044222,712.59,170.336,SLE,-2.59072069,0.0093501533,-1.97070712,0.00256613,1.5666811800000033,0.5865317299999999,0.5854073499999999,0.0069152538,-0.01719778000000005
dodecane,328.15,-18.43036953,-16.82715141,716.64,170.336,REF,-3.29783935,0.0018453581,-2.67414489,1.603218120000001,-18.43036953,-16.8412471,716.64,170.336,SLE,-2.69017106,0.0074468626,-2.06738772,0.00204093,1.5891224299999998,0.6076682899999999,0.6067571699999998,0.0056015045,-0.014095690000001326
dodecane,323.15,-18.69112519,-17.06860357,720.73,170.336,REF,-3.42213377,0.0013865366,-2.79589535,1.6225216200000006,-18.69112519,-17.08007665,720.73,170.336,SLE,-2.79235569,0.0058922643,-2.16685067,0.00161304,1.6110485400000023,0.6297780799999999,0.6290446799999998,0.0045057277,-0.011473079999998248
dodecane,318.15,-18.95333714,-17.31148192,724.85,170.336,REF,-3.55035566,0.0010323369,-2.92158154,1.64185522,-18.95333714,-17.32075117,724.85,170.336,SLE,-2.8974907,0.0046296443,-2.2693027,0.00126622,1.6325859699999974,0.65286496,0.6522788400000001,0.0035973074000000002,-0.009269250000002671
dodecane,313.15,-19.21697271,-17.55569682,729.01,170.336,REF,-3.68273289,0.0007612546,-3.05142787,1.6612758899999989,-19.21697271,-17.56312613,729.01,170.336,SLE,-3.00579586,0.0036104838,-2.37495564,0.00098674,1.6538465799999997,0.6769370299999999,0.6764722299999999,0.0028492292,-0.007429309999999134
dodecane,308.15,-19.48199998,-17.80116651,733.21,170.336,REF,-3.8195031,0.0005556799,-3.18566907,1.6808334699999996,-19.48199998,-17.80707118,733.21,170.336,SLE,-3.1174957,0.0027933432,-2.48402724,0.00076296,1.6749288,0.7020073999999998,0.7016418299999998,0.0022376632999999996,-0.005904669999999612
dodecane,303.15,-19.74838803,-18.04781647,737.45,170.336,REF,-3.96091507,0.0004012929,-3.32455158,1.7005715600000002,-19.74838803,-18.05246777,737.45,170.336,SLE,-3.23282184,0.0021429104,-2.59674334,0.00058503,1.6959202600000012,0.7280932299999998,0.7278082399999999,0.0017416175000000002,-0.004651299999999026
dodecane,298.15,-20.01610718,-18.29557856,741.73,170.336,REF,-4.10723052,0.0002865381,-3.46833519,1.7205286199999996,-20.01610718,-18.29920796,741.73,170.336,SLE,-3.3520146,0.0016291976,-2.71333937,0.00044462,1.7168992199999984,0.7552159199999999,0.75499582,0.0013426595,-0.003629400000001226
ethanol,403.15,-14.71611476,-13.42651987,684.85,46.0687,REF,-1.79034415,0.1826306835,-0.67100989,1.28959489,-14.71611476,-13.70583439,684.85,46.0687,SLE,-1.32648171,0.4016539575,-0.29309153,0.04715397,1.0102803700000003,0.46386244,0.37791836,0.219023274,-0.2793145199999998
ethanol,398.15,-14.95115832,-13.53131922,688.59,46.0687,REF,-1.93318947,0.1379829431,-0.79733465,1.419839099999999,-14.95115832,-13.75070254,688.59,46.0687,SLE,-1.48456508,0.3148449279,-0.41101465,0.03276687,1.2004557799999986,0.44862439,0.38632000000000005,0.1768619848,-0.21938332000000038
ethanol,393.15,-15.18811761,-13.64705009,692.36,46.0687,REF,-2.07465641,0.1032929637,-0.92602733,1.5410675200000004,-15.18811761,-13.81824603,692.36,46.0687,SLE,-1.63513616,0.2433971188,-0.53201572,0.02316668,1.3698715800000016,0.4395202499999997,0.39401161000000007,0.14010415510000002,-0.17119593999999871
ethanol,388.15,-15.42696862,-13.77234849,696.18,46.0687,REF,-2.21544618,0.0767257519,-1.05679393,1.6546201299999996,-15.42696862,-13.90614788,696.18,46.0687,SLE,-1.77919523,0.1865590888,-0.65412872,0.01662665,1.5208207399999996,0.4362509499999998,0.40266521,0.1098333369,-0.13379939000000007
ethanol,383.15,-15.66768595,-13.90610319,700.02,46.0687,REF,-2.35615162,0.0566059931,-1.18949663,1.7615827599999996,-15.66768595,-14.01096627,700.02,46.0687,SLE,-1.9184353,0.142123422,-0.7767856,0.01206604,1.6567196799999984,0.4377163199999998,0.4127110300000001,0.0855174289,-0.10486308000000122
ethanol,378.15,-15.91024291,-14.04743519,703.91,46.0687,REF,-2.49726196,0.0415064461,-1.32408897,1.8628077199999993,-15.91024291,-14.12977661,703.91,46.0687,SLE,-2.05433942,0.1077462589,-0.89990387,0.0088239,1.7804662999999987,0.4429225400000001,0.4241851,0.0662398128,-0.08234142000000055
ethanol,373.15,-16.15461156,-14.19567442,707.83,46.0687,REF,-2.63916955,0.0302612743,-1.46056999,1.9589371399999997,-16.15461156,-14.2603606,707.83,46.0687,SLE,-2.18805588,0.0813442357,-1.02355746,0.00648551,1.894250959999999,0.45111367000000024,0.43701253000000007,0.0510829614,-0.0646861800000007
ethanol,368.15,-16.40076282,-14.35031396,711.79,46.0687,REF,-2.78219054,0.0219429703,-1.59896609,2.0504488600000013,-16.40076282,-14.4010868,711.79,46.0687,SLE,-2.32044651,0.061181577,-1.14786103,0.00478138,1.9996760200000008,0.4617440300000002,0.45110505999999995,0.0392386067,-0.050772840000000485
ethanol,363.15,-16.64866657,-14.51098346,715.78,46.0687,REF,-2.92657568,0.0158275676,-1.73931416,2.1376831099999993,-16.64866657,-14.55075402,715.78,46.0687,SLE,-2.45216113,0.0458556661,-1.27293546,0.00353052,2.09791255,0.4744145500000001,0.4663786999999999,0.0300280985,-0.03977055999999912
ethanol,358.15,-16.89829177,-14.6774227,719.81,46.0687,REF,-3.07252193,0.0113576635,-1.88165298,2.220869070000001,-16.89829177,-14.70848393,719.81,46.0687,SLE,-2.5836884,0.0342541081,-1.39888922,0.00260802,2.1898078400000003,0.48883352999999996,0.4827637599999999,0.0228964446,-0.031061230000000606
ethanol,353.15,-17.14960654,-14.84945614,723.89,46.0687,REF,-3.22018452,0.0081085897,-2.02602074,2.3001504000000015,-17.14960654,-14.87362617,723.89,46.0687,SLE,-2.71540313,0.0255045628,-1.52582013,0.00192574,2.275980370000001,0.5047813900000002,0.5002006099999998,0.017395973100000003,-0.02417003000000051
ethanol,348.15,-17.40257834,-15.02697788,728.0,46.0687,REF,-3.36968344,0.0057596678,-2.17245084,2.375600460000001,-17.40257834,-15.04570653,728.0,46.0687,SLE,-2.84759075,0.018929145,-1.65380986,0.0014204,2.3568718100000012,0.52209269,0.5186409800000003,0.013169477200000002,-0.018728649999999902
ethanol,343.15,-17.65717409,-15.20993513,732.15,46.0687,REF,-3.52111151,0.0040705395,-2.32097217,2.4472389600000017,-17.65717409,-15.22437995,732.15,46.0687,SLE,-2.98047074,0.0140043462,-1.78292692,0.00104599,2.432794140000002,0.54064077,0.5380452500000001,0.009933806699999999,-0.01444481999999958
ethanol,338.15,-17.91336033,-15.3983152,736.34,46.0687,REF,-3.6745409,0.0028622675,-2.47160974,2.515045129999999,-17.91336033,-15.40940052,736.34,46.0687,SLE,-3.11421132,0.0103280423,-1.913227,0.00076876,2.5039598099999996,0.5603295800000003,0.5583827399999999,0.0074657748,-0.011085319999999399
ethanol,333.15,-18.17110338,-15.5921344,740.57,46.0687,REF,-3.8300289,0.0020024831,-2.62438622,2.578968980000001,-18.17110338,-15.60059803,740.57,46.0687,SLE,-3.24894104,0.0075927282,-2.04475453,0.00056371,2.5705053500000012,0.5810878599999998,0.5796316899999998,0.0055902451,-0.008463629999999611
ethanol,328.15,-18.43036953,-15.79142914,744.85,46.0687,REF,-3.98762292,0.0013938629,-2.77932365,2.63894039,-18.43036953,-15.79785632,744.85,46.0687,SLE,-3.38476031,0.0055641603,-2.17754685,0.00041233,2.632513210000001,0.6028626100000003,0.6017767999999997,0.0041702974,-0.006427179999999311
ethanol,323.15,-18.69112519,-15.99624773,749.16,46.0687,REF,-4.14736535,0.0009652732,-2.93644589,2.6948774600000007,-18.69112519,-16.00110186,749.16,46.0687,SLE,-3.52174704,0.0040646095,-2.3116346,0.00030078,2.6900233300000025,0.6256183100000001,0.6248112899999998,0.0030993363,-0.004854129999998236
ethanol,318.15,-18.95333714,-16.20664461,753.52,46.0687,REF,-4.30929724,0.0006650269,-3.09578056,2.746692529999997,-18.95333714,-16.21029028,753.52,46.0687,SLE,-3.65996431,0.0029596987,-2.44704538,0.00021879,2.7430468599999998,0.6493329300000004,0.6487351800000001,0.0022946718,-0.0036456699999973807
ethanol,313.15,-19.21697271,-16.42267526,757.92,46.0687,REF,-4.47346196,0.0004557836,-3.25736128,2.794297450000002,-19.21697271,-16.42539795,757.92,46.0687,SLE,-3.79946514,0.0021481959,-2.58380565,0.00015868,2.7915747599999996,0.6739968199999997,0.6735556300000001,0.0016924123000000002,-0.002722690000002359
ethanol,308.15,-19.48199998,-16.64439238,762.37,46.0687,REF,-4.63990817,0.0003107212,-3.42122971,2.837607600000002,-19.48199998,-16.64641425,762.37,46.0687,SLE,-3.94029739,0.0015541075,-2.72194336,0.00011474,2.835585730000002,0.69961078,0.69928635,0.0012433863,-0.002021870000000092
ethanol,303.15,-19.74838803,-16.87184299,766.86,46.0687,REF,-4.8086926,0.0002106816,-3.58743752,2.87654504,-19.74838803,-16.87333576,766.86,46.0687,SLE,-4.08250758,0.0011205867,-2.86149019,8.27e-05,2.875052270000001,0.72618502,0.7259473299999999,0.0009099051000000001,-0.0014927699999986999
ethanol,298.15,-20.01610718,-17.10506633,771.4,46.0687,REF,-4.97988233,0.0001420576,-3.75604819,2.911040849999999,-20.01610718,-17.1061621,771.4,46.0687,SLE,-4.22614413,0.0008052595,-3.00248346,5.941e-05,2.90994508,0.7537381999999999,0.7535647299999999,0.0006632019,-0.0010957699999991632
ethylacetate,403.15,-14.71611476,-15.18238144,835.45,88.1056,REF,-0.83850063,0.5461285383,-0.08852276,-0.4662666800000004,-14.71611476,-14.99206057,835.45,88.1056,SLE,-0.62952765,0.6850271236,0.02301506,0.23467799,-0.2759458099999996,0.20897297999999997,0.11153782000000001,0.1388985853,0.19032087000000075
ethylacetate,398.15,-14.95115832,-15.4507392,839.88,88.1056,REF,-0.879615,0.5187819855,-0.11115557,-0.4995808799999999,-14.95115832,-15.25057086,839.88,88.1056,SLE,-0.66164078,0.6640529178,0.00969195,0.21795118,-0.2994125400000005,0.21797422,0.12084752,0.1452709323,0.2001683399999994
ethylacetate,393.15,-15.18811761,-15.72121954,844.34,88.1056,REF,-0.92166015,0.4911066413,-0.1352935,-0.5331019299999991,-15.18811761,-15.51159404,844.34,88.1056,SLE,-0.69424061,0.6425366081,-0.004467,0.20218987,-0.3234764299999995,0.22741953999999998,0.1308265,0.15142996680000004,0.20962549999999958
ethylacetate,388.15,-15.42696862,-15.99367641,848.83,88.1056,REF,-0.96474077,0.4631814224,-0.16104469,-0.5667077900000006,-15.42696862,-15.77505786,848.83,88.1056,SLE,-0.72737319,0.6204964926,-0.01951258,0.1873384,-0.3480892400000002,0.23736758000000002,0.14153211,0.15731507019999996,0.2186185500000004
ethylacetate,383.15,-15.66768595,-16.26795732,853.36,88.1056,REF,-1.00896988,0.4350950466,-0.18852681,-0.6002713700000015,-15.66768595,-16.04088929,853.36,88.1056,SLE,-0.76108665,0.5979561644,-0.0354988,0.17334581,-0.3732033399999999,0.24788323,0.15302801,0.1628611178,0.22706803000000164
ethylacetate,378.15,-15.91024291,-16.54390276,857.92,88.1056,REF,-1.05446981,0.4069462629,-0.21786795,-0.6336598500000026,-15.91024291,-16.30900344,857.92,88.1056,SLE,-0.79543776,0.5749407984,-0.05248665,0.16016302,-0.39876053000000233,0.25903205000000007,0.1653813,0.1679945355,0.23489932000000024
ethylacetate,373.15,-16.15461156,-16.8213381,862.51,88.1056,REF,-1.10137755,0.37884131,-0.24921061,-0.6667265399999991,-16.15461156,-16.57933155,862.51,88.1056,SLE,-0.83047619,0.5514883578,-0.07053551,0.14774875,-0.4247199899999998,0.2709013600000001,0.1786751,0.17264704780000006,0.24200654999999927
ethylacetate,368.15,-16.40076282,-17.10010576,867.14,88.1056,REF,-1.14982675,0.350904942,-0.28269886,-0.6993429400000011,-16.40076282,-16.85177773,867.14,88.1056,SLE,-0.86626971,0.5276334265,-0.08971755,0.13605995,-0.4510149099999978,0.2835570399999999,0.19298131000000002,0.1767284845,0.24832803000000325
ethylacetate,363.15,-16.64866657,-17.38001765,871.8,88.1056,REF,-1.19997614,0.323263319,-0.31849864,-0.7313510799999996,-16.64866657,-17.12626808,871.8,88.1056,SLE,-0.90287601,0.5034267549,-0.11010151,0.1250616,-0.4776015099999995,0.29710013,0.20839712999999999,0.1801634359,0.2537495700000001
ethylacetate,358.15,-16.89829177,-17.66086097,876.5,88.1056,REF,-1.25200783,0.2960460478,-0.35679775,-0.7625692000000015,-16.89829177,-17.40271247,876.5,88.1056,SLE,-0.94036534,0.4789207572,-0.1317661,0.11471882,-0.5044207000000007,0.3116424899999999,0.22503165000000003,0.1828747094,0.2581485000000008
ethylacetate,353.15,-17.14960654,-17.94246473,881.23,88.1056,REF,-1.30608788,0.2694056533,-0.39777479,-0.7928581900000005,-17.14960654,-17.68101091,881.23,88.1056,SLE,-0.97881753,0.454172315,-0.15479886,0.10499835,-0.5314043700000006,0.32727034999999993,0.24297592999999998,0.1847666617,0.26145381999999984
ethylacetate,348.15,-17.40257834,-18.22461689,886.0,88.1056,REF,-1.3624172,0.2434885785,-0.44163812,-0.8220385499999985,-17.40257834,-17.96107643,886.0,88.1056,SLE,-1.01830841,0.4292521003,-0.17928735,0.09587196,-0.558498089999997,0.34410879000000016,0.26235077,0.1857635218,0.26354046000000153
ethylacetate,343.15,-17.65717409,-18.50709662,890.81,88.1056,REF,-1.4212137,0.2184433402,-0.48861231,-0.8499225299999971,-17.65717409,-18.24280844,890.81,88.1056,SLE,-1.05892661,0.4042341835,-0.20533014,0.08731189,-0.5856343499999994,0.3622870899999999,0.28328217,0.1857908433,0.26428817999999765
ethylacetate,338.15,-17.91336033,-18.78972083,895.65,88.1056,REF,-1.48268352,0.1944284373,-0.5389129,-0.8763605000000005,-17.91336033,-18.52610391,895.65,88.1056,SLE,-1.10076732,0.3792004826,-0.23303296,0.0792926,-0.6127435800000001,0.3819161999999998,0.30587994,0.1847720453,0.2636169200000005
ethylacetate,333.15,-18.17110338,-19.07226093,900.53,88.1056,REF,-1.54707489,0.1715853969,-0.59279085,-0.9011575499999971,-18.17110338,-18.81084893,900.53,88.1056,SLE,-1.14393847,0.3542374218,-0.26251333,0.0717896,-0.6397455499999971,0.40313642000000005,0.33027752,0.18265202490000002,0.261412
ethylacetate,328.15,-18.43036953,-19.35455139,905.44,88.1056,REF,-1.61460914,0.1500597002,-0.65047228,-0.9241818600000009,-18.43036953,-19.09693828,905.44,88.1056,SLE,-1.18854877,0.3294430182,-0.2938919,0.06478153,-0.6665687499999997,0.4260603700000001,0.35658038000000003,0.17938331799999999,0.2576131100000012
ethylacetate,323.15,-18.69112519,-19.63640694,910.4,88.1056,REF,-1.68553476,0.1299739845,-0.71220374,-0.9452817499999995,-18.69112519,-19.38425681,910.4,88.1056,SLE,-1.23472051,0.3049191137,-0.32730174,0.05824779,-0.6931316199999991,0.45081424999999986,0.38490199999999997,0.17494512920000002,0.2521501300000004
ethylacetate,318.15,-18.95333714,-19.91768791,915.39,88.1056,REF,-1.76008474,0.1114353036,-0.77821327,-0.9643507700000029,-18.95333714,-19.67267062,915.39,88.1056,SLE,-1.28259682,0.2807678193,-0.36289443,0.05216788,-0.7193334800000031,0.47748791999999995,0.41531883999999997,0.16933251570000002,0.24501728999999983
ethylacetate,313.15,-19.21697271,-20.1982753,920.41,88.1056,REF,-1.83849295,0.0945227749,-0.8487235,-0.9813025899999985,-19.21697271,-19.96207016,920.41,88.1056,SLE,-1.33231337,0.2571053119,-0.4008179,0.04652503,-0.7450974499999994,0.50617958,0.44790559999999996,0.16258253700000003,0.23620513999999915
ethylacetate,308.15,-19.48199998,-20.47810649,925.48,88.1056,REF,-1.92096897,0.0792871698,-0.9239272,-0.9961065099999971,-19.48199998,-20.25230637,925.48,88.1056,SLE,-1.38404323,0.2340386767,-0.44125199,0.04130064,-0.7703063899999982,0.53692574,0.48267520999999997,0.1547515069,0.22580011999999883
ethylacetate,303.15,-19.74838803,-20.75716736,930.59,88.1056,REF,-2.00770197,0.0657442773,-1.00398971,-1.0087793299999994,-19.74838803,-20.54325989,930.59,88.1056,SLE,-1.43795025,0.211686917,-0.48437075,0.03647957,-0.7948718600000007,0.5697517199999997,0.5196189599999999,0.1459426397,0.21390746999999877
ethylacetate,298.15,-20.01610718,-21.03548569,935.73,88.1056,REF,-2.09886399,0.0538722194,-1.0890518,-1.0193785100000028,-20.01610718,-20.83478935,935.73,88.1056,SLE,-1.49422633,0.1901619368,-0.53037271,0.03204599,-0.8186821700000024,0.6046376599999999,0.55867909,0.13628971739999998,0.20069634000000036
glycol,403.15,-14.71611476,-8.60659833,945.7,62.0681,REF,-4.4031988,0.0003977287,-3.22045408,6.109516429999999,-14.71611476,-8.60909228,945.7,62.0681,SLE,-4.08820059,0.0008211441,-2.90560591,8.162e-05,6.1070224799999995,0.3149982100000006,0.3148481700000003,0.00042341540000000004,-0.002493949999999856
glycol,398.15,-14.95115832,-8.75614171,950.5,62.0681,REF,-4.55429645,0.0002808891,-3.36931042,6.19501661,-14.95115832,-8.75803793,950.5,62.0681,SLE,-4.22386223,0.0006009577,-3.03898962,5.972e-05,6.193120389999999,0.3304342199999999,0.33032079999999997,0.00032006859999999995,-0.0018962200000007812
glycol,393.15,-15.18811761,-8.90964229,955.33,62.0681,REF,-4.70810253,0.000197134,-3.5208884,6.27847532,-15.18811761,-8.91107391,955.33,62.0681,SLE,-4.36176789,0.0004375244,-3.17463895,4.347e-05,6.2770437,0.34633463999999936,0.3462494500000002,0.0002403904,-0.0014316199999999668
glycol,388.15,-15.42696862,-9.06730065,960.17,62.0681,REF,-4.86459527,0.0001374967,-3.67516313,6.35966797,-15.42696862,-9.068374,960.17,62.0681,SLE,-4.50189307,0.0003169015,-3.31252452,3.149e-05,6.35859462,0.3627021999999993,0.36263860999999986,0.00017940479999999998,-0.001073350000000417
glycol,383.15,-15.66768595,-9.22934093,965.04,62.0681,REF,-5.0237375,9.53162e-05,-3.83209517,6.43834502,-15.66768595,-9.23014023,965.04,62.0681,SLE,-4.64419512,0.0002283793,-3.45259996,2.269e-05,6.437545719999999,0.3795423800000002,0.37949520999999997,0.00013306310000000003,-0.0007993000000006134
glycol,378.15,-15.91024291,-9.3960065,969.92,62.0681,REF,-5.18547825,6.56806e-05,-3.99163189,6.514236409999999,-15.91024291,-9.39659774,969.92,62.0681,SLE,-4.78861501,0.0001637805,-3.59480343,1.627e-05,6.513645169999998,0.39686324000000006,0.39682846000000005,9.809989999999999e-05,-0.000591240000000326
glycol,373.15,-16.15461156,-9.56755575,974.83,62.0681,REF,-5.34975427,4.49955e-05,-4.15370886,6.587055809999999,-16.15461156,-9.56799023,974.83,62.0681,SLE,-4.93507898,0.0001169006,-3.73905907,1.161e-05,6.58662133,0.4146752899999999,0.4146497899999999,7.190509999999999e-05,-0.0004344799999991267
glycol,368.15,-16.40076282,-9.7442582,979.76,62.0681,REF,-5.51649161,3.06505e-05,-4.31825128,6.65650462,-16.40076282,-9.74457551,979.76,62.0681,SLE,-5.08350023,8.30632e-05,-3.88527849,8.25e-06,6.65618731,0.4329913799999998,0.43297279,5.24127e-05,-0.00031730999999979304
glycol,363.15,-16.64866657,-9.9263909,984.71,62.0681,REF,-5.68560708,2.07647e-05,-4.48517538,6.72227567,-16.64866657,-9.92662124,984.71,62.0681,SLE,-5.23378062,5.87676e-05,-4.03336241,5.84e-06,6.72204533,0.4518264599999995,0.45181297000000065,3.80029e-05,-0.00023033999999988453
glycol,358.15,-16.89829177,-10.11423467,989.68,62.0681,REF,-5.85700996,1.39935e-05,-4.65439006,6.7840571,-16.89829177,-10.11440092,989.68,62.0681,SLE,-5.38581244,4.14107e-05,-4.18320227,4.11e-06,6.783890850000001,0.4711975200000005,0.4711877900000001,2.74172e-05,-0.00016624999999947931
glycol,353.15,-17.14960654,-10.30807058,994.67,62.0681,REF,-6.03060376,9.38283e-06,-4.82579857,6.84153596,-17.14960654,-10.3081899,994.67,62.0681,SLE,-5.53948022,2.90703e-05,-4.33468202,2.89e-06,6.84141664,0.49112354000000025,0.4911165500000001,1.968747e-05,-0.00011931999999958975
glycol,348.15,-17.40257834,-10.50817651,999.67,62.0681,REF,-6.20628801,6.261103e-06,-4.99930029,6.894401830000001,-17.40257834,-10.50826169,999.67,62.0681,SLE,-5.69466262,2.03362e-05,-4.4876799,2.02e-06,6.894316650000002,0.5116253899999998,0.51162039,1.4075097e-05,-8.517999999924086e-05
glycol,343.15,-17.65717409,-10.71482379,1004.7,62.0681,REF,-6.38396021,4.158909e-06,-5.17479265,6.942350300000001,-17.65717409,-10.7148843,1004.7,62.0681,SLE,-5.85123441,1.41808e-05,-4.6420704,1.41e-06,6.942289790000002,0.5327257999999997,0.53272225,1.0021891e-05,-6.050999999906992e-05
glycol,338.15,-17.91336033,-10.92827398,1009.75,62.0681,REF,-6.56351789,2.750568e-06,-5.35217314,6.9850863499999996,-17.91336033,-10.92831677,1009.75,62.0681,SLE,-6.0090685,9.859819e-06,-4.79772628,9.8e-07,6.985043559999999,0.5544493900000003,0.5544468599999997,7.109251000000001e-06,-4.2790000000181294e-05
glycol,333.15,-18.17110338,-11.14877577,1014.82,62.0681,REF,-6.74486068,1.811673e-06,-5.53134142,7.022327610000001,-18.17110338,-11.14880589,1014.82,62.0681,SLE,-6.16803808,6.83755e-06,-4.95452061,6.8e-07,7.0222974900000015,0.5768226000000007,0.5768208100000001,5.025877e-06,-3.011999999991133e-05
glycol,328.15,-18.43036953,-11.37656221,1019.91,62.0681,REF,-6.92789254,1.188634e-06,-5.71220148,7.053807320000001,-18.43036953,-11.37658332,1019.91,62.0681,SLE,-6.32801874,4.730649e-06,-5.11232894,4.7e-07,7.05378621,0.5998738000000001,0.5998725399999998,3.542015e-06,-2.111000000049046e-05
glycol,323.15,-18.69112519,-11.61184805,1025.01,62.0681,REF,-7.11252392,7.769929e-07,-5.89466383,7.07927714,-18.69112519,-11.61186276,1025.01,62.0681,SLE,-6.48889055,3.26625e-06,-5.27103134,3.2e-07,7.079262430000002,0.6236333700000003,0.6236324899999994,2.4892571e-06,-1.4709999998530066e-05
glycol,318.15,-18.95333714,-11.85482739,1030.14,62.0681,REF,-7.29867408,5.061358e-07,-6.0786478,7.098509749999998,-18.95333714,-11.85483763,1030.14,62.0681,SLE,-6.6505403,2.251128e-06,-5.43051463,2.2e-07,7.098499509999998,0.6481337799999993,0.6481331699999995,1.7449921999999999e-06,-1.0239999999939187e-05
glycol,313.15,-19.21697271,-12.10567187,1035.28,62.0681,REF,-7.48627317,3.286003e-07,-6.26408361,7.11130084,-19.21697271,-12.10567897,1035.28,62.0681,SLE,-6.81286353,1.549092e-06,-5.5906744,1.5e-07,7.111293740000001,0.67340964,0.67340921,1.2204917e-06,-7.09999999948252e-06
glycol,308.15,-19.48199998,-12.36452897,1040.44,62.0681,REF,-7.67526452,2.126555e-07,-6.45091468,7.117471010000001,-19.48199998,-12.36453389,1040.44,62.0681,SLE,-6.97576657,1.06457e-06,-5.75141704,1.1e-07,7.117466090000001,0.6994979499999996,0.6994976400000006,8.519144999999999e-07,-4.920000000296909e-06
glycol,303.15,-19.74838803,-12.63152078,1045.62,62.0681,REF,-7.86560668,1.371938e-07,-6.63909967,7.11686725,-19.74838803,-12.6315242,1045.62,62.0681,SLE,-7.13916856,7.307561e-07,-5.91266176,7e-08,7.116863830000002,0.7264381200000001,0.7264379100000005,5.935623e-07,-3.4199999987549745e-06
glycol,298.15,-20.01610718,-12.90674328,1050.82,62.0681,REF,-8.0572755,8.824005e-08,-6.8286145,7.109363899999998,-20.01610718,-12.90674563,1050.82,62.0681,SLE,-7.30300322,5.011156e-07,-6.07434236,5e-08,7.109361549999999,0.7542722799999995,0.7542721399999994,4.1287555000000003e-07,-2.3499999990406195e-06
n-heptane,403.15,-14.71611476,-14.15281693,601.86,100.2026,REF,-1.39662226,0.206771443,-0.66158363,0.5632978299999998,-14.71611476,-14.45411365,601.86,100.2026,SLE,-0.92101937,0.4594493906,-0.26150643,0.11994458,0.2620011099999999,0.47560289,0.40007719999999997,0.2526779476,-0.30129671999999985
n-heptane,398.15,-14.95115832,-14.3224569,605.19,100.2026,REF,-1.498932,0.1695515437,-0.75273706,0.6287014199999987,-14.95115832,-14.62052813,605.19,100.2026,SLE,-1.00732277,0.4047898921,-0.3263013,0.09832801,0.33063018999999905,0.4916092299999999,0.42643575999999994,0.2352383484,-0.2980712299999997
n-heptane,393.15,-15.18811761,-14.49935433,608.55,100.2026,REF,-1.60087468,0.1381945989,-0.84524231,0.6887632800000016,-15.18811761,-14.782232,608.55,100.2026,SLE,-1.09950491,0.3501353623,-0.39872137,0.07952343,0.40588561000000034,0.5013697699999999,0.44652094000000003,0.21194076339999998,-0.2828776700000013
n-heptane,388.15,-15.42696862,-14.68345556,611.94,100.2026,REF,-1.70245279,0.1120861352,-0.93877553,0.7435130599999997,-15.42696862,-14.9427968,611.94,100.2026,SLE,-1.19576949,0.2979389482,-0.47740655,0.06371336,0.48417182000000025,0.5066833,0.46136898000000004,0.185852813,-0.2593412399999995
n-heptane,383.15,-15.66768595,-14.87433926,615.37,100.2026,REF,-1.80387791,0.0905157308,-1.03326879,0.7933466899999999,-15.66768595,-15.10587671,615.37,100.2026,SLE,-1.29417857,0.2502217233,-0.56058202,0.05079505,0.5618092399999988,0.5096993400000001,0.4726867699999999,0.15970599249999998,-0.23153745000000114
n-heptane,378.15,-15.91024291,-15.07144927,618.84,100.2026,REF,-1.90544996,0.0727931473,-1.1287948,0.8387936399999987,-15.91024291,-15.27427556,618.84,100.2026,SLE,-1.39318216,0.2081284451,-0.64659366,0.04044062,0.6359673499999996,0.5122678,0.48220114000000014,0.1353352978,-0.20282628999999908
n-heptane,373.15,-16.15461156,-15.27417862,622.34,100.2026,REF,-2.00751396,0.0582937215,-1.22551729,0.8804329399999986,-16.15461156,-15.44952835,622.34,100.2026,SLE,-1.49188934,0.1719233221,-0.73427726,0.0322189,0.7050832099999997,0.5156246199999999,0.49124002999999994,0.11362960059999999,-0.17534972999999887
n-heptane,368.15,-16.40076282,-15.48195251,625.88,100.2026,REF,-2.11041394,0.0464760792,-1.32363713,0.9188103100000014,-16.40076282,-15.63216893,625.88,100.2026,SLE,-1.58995412,0.1412961361,-0.82296129,0.02570667,0.76859389,0.5204598199999999,0.5006758400000001,0.0948200569,-0.15021642000000135
n-heptane,363.15,-16.64866657,-15.69423298,629.45,100.2026,REF,-2.21449003,0.0368790666,-1.42338124,0.9544335899999989,-16.64866657,-15.82205035,629.45,100.2026,SLE,-1.68742041,0.1156504026,-0.91237903,0.02053901,0.82661622,0.5270696199999998,0.5110022100000001,0.078771336,-0.12781736999999893
n-heptane,358.15,-16.89829177,-15.91053952,633.06,100.2026,REF,-2.32006575,0.0291149541,-1.52498332,0.9877522499999998,-16.89829177,-16.0187166,633.06,100.2026,SLE,-1.7845225,0.0943143449,-1.0025002,0.01642395,0.879575169999999,0.5355432499999999,0.52248312,0.0651993908,-0.10817708000000081
n-heptane,353.15,-17.14960654,-16.13044886,636.71,100.2026,REF,-2.42744703,0.0228595042,-1.62867768,1.0191576799999993,-17.14960654,-16.22156546,636.71,100.2026,SLE,-1.88159794,0.0766384056,-1.09344682,0.01313415,0.9280410799999999,0.5458490900000001,0.53523086,0.0537789014,-0.09111659999999944
n-heptane,348.15,-17.40257834,-16.35358397,640.4,100.2026,REF,-2.53692789,0.017842157,-1.73470082,1.0489943700000026,-17.40257834,-16.42997789,640.4,100.2026,SLE,-1.97901378,0.062041542,-1.18541478,0.01049509,0.9726004500000016,0.5579141099999998,0.5492860400000001,0.044199384999999994,-0.076393920000001
n-heptane,343.15,-17.65717409,-16.57961542,644.13,100.2026,REF,-2.64878887,0.0138377757,-1.84328686,1.077558670000002,-17.65717409,-16.64336596,644.13,100.2026,SLE,-2.07713835,0.0500216014,-1.2786372,0.00837263,1.013808130000001,0.5716505200000004,0.5646496600000002,0.0361838257,-0.06375054000000091
n-heptane,338.15,-17.91336033,-16.80825348,647.9,100.2026,REF,-2.76330115,0.0106592128,-1.95466934,1.1051068499999985,-17.91336033,-16.86118979,647.9,100.2026,SLE,-2.17633048,0.0401519027,-1.37336603,0.006663,1.0521705399999988,0.5869706700000004,0.58130331,0.0294926899,-0.052936309999999764
n-heptane,333.15,-18.17110338,-17.03924526,651.71,100.2026,REF,-2.88072792,0.0081511748,-2.06908079,1.1318581200000004,-18.17110338,-17.08296522,651.71,100.2026,SLE,-2.27693392,0.0320730904,-1.46986002,0.00528526,1.0881381600000033,0.6037940000000002,0.5992207700000001,0.023921915599999996,-0.043719959999997116
n-heptane,328.15,-18.43036953,-17.27236673,655.56,100.2026,REF,-3.00132914,0.0061850085,-2.18675616,1.1580027999999984,-18.43036953,-17.30826774,655.56,100.2026,SLE,-2.37927362,0.0254837565,-1.56837618,0.00417567,1.1221017899999985,0.62205552,0.6183799799999998,0.019298747999999998,-0.0359010099999999
n-heptane,323.15,-18.69112519,-17.50742175,659.45,100.2026,REF,-3.12536213,0.004654446,-2.30793231,1.1837034400000022,-18.69112519,-17.53671842,659.45,100.2026,SLE,-2.483664,0.0201308973,-1.66917405,0.00328349,1.1544067700000014,0.64169813,0.6387582599999999,0.0154764513,-0.029296670000000802
n-heptane,318.15,-18.95333714,-17.74423761,663.38,100.2026,REF,-3.25308448,0.0034719887,-2.43285016,1.2090995299999996,-18.95333714,-17.76798424,663.38,100.2026,SLE,-2.59040793,0.0158023547,-1.77251195,0.00256798,1.185352899999998,0.66267655,0.6603382100000001,0.012330366,-0.023746630000001545
n-heptane,313.15,-19.21697271,-17.98266209,667.36,100.2026,REF,-3.38475635,0.002565888,-2.56175621,1.2343106199999987,-19.21697271,-18.00177079,667.36,100.2026,SLE,-2.69980116,0.0123200813,-1.87864918,0.00199618,1.215201920000002,0.6849551900000002,0.68310703,0.0097541933,-0.01910869999999676
n-heptane,308.15,-19.48199998,-18.2225609,671.38,100.2026,REF,-3.52064259,0.0018775993,-2.69490425,1.25943908,-19.48199998,-18.23781705,671.38,100.2026,SLE,-2.81213551,0.0095346413,-1.98784762,0.00154122,1.244182930000001,0.70850708,0.7070566300000001,0.007657042,-0.015256149999999025
n-heptane,303.15,-19.74838803,-18.46381536,675.45,100.2026,REF,-3.66101501,0.0013596265,-2.83255705,1.2845726699999993,-19.74838803,-18.47589464,675.45,100.2026,SLE,-2.92769929,0.0073207175,-2.10037086,0.00118114,1.272493390000001,0.7333157199999998,0.7321861900000002,0.005961091,-0.01207927999999825
n-heptane,298.15,-20.01610718,-18.70632073,679.56,100.2026,REF,-3.80615433,0.0009736911,-2.97498807,1.3097864499999972,-20.01610718,-18.71579923,679.56,100.2026,SLE,-3.04678347,0.0055732709,-2.21648941,0.00089788,1.3003079500000005,0.7593708600000002,0.7584986600000003,0.0045995798,-0.009478499999996615
hexane,403.15,-14.71611476,-14.40007486,581.05,86.1759,REF,-1.262585,0.295288886,-0.50120945,0.3160398999999998,-14.71611476,-14.62521815,581.05,86.1759,SLE,-0.82830475,0.5584071258,-0.1628509,0.14848933,0.09089660999999971,0.43428025000000003,0.3383585499999999,0.2631182398,-0.2251432900000001
hexane,398.15,-14.95115832,-14.56985115,584.28,86.1759,REF,-1.36313668,0.2472683219,-0.58628833,0.3813071699999995,-14.95115832,-14.81898075,584.28,86.1759,SLE,-0.89843889,0.5118821652,-0.20988677,0.12634589,0.13217756999999963,0.46469779,0.37640156,0.26461384329999993,-0.24912959999999984
hexane,393.15,-15.18811761,-14.74300001,587.55,86.1759,REF,-1.4654361,0.2045248596,-0.67534154,0.44511760000000145,-15.18811761,-15.00583841,587.55,86.1759,SLE,-0.97525976,0.4619426203,-0.2642068,0.10586204,0.18227919999999997,0.49017634,0.41113474,0.2574177607,-0.26283840000000147
hexane,388.15,-15.42696862,-14.92115357,590.85,86.1759,REF,-1.56861835,0.1675200617,-0.76726775,0.5058150500000007,-15.42696862,-15.18605701,590.85,86.1759,SLE,-1.05886271,0.4096173464,-0.32634701,0.08732474,0.2409116099999995,0.5097556399999998,0.44092074000000003,0.24209728470000003,-0.2649034400000012
hexane,383.15,-15.66768595,-15.10512707,594.19,86.1759,REF,-1.67223848,0.1361345415,-0.86132395,0.5625588799999992,-15.66768595,-15.36108541,594.19,86.1759,SLE,-1.14867283,0.3566212253,-0.39622657,0.07101125,0.3066005399999998,0.5235656500000001,0.46509737999999995,0.2204866838,-0.2559583399999994
hexane,378.15,-15.91024291,-15.29513309,597.56,86.1759,REF,-1.77617559,0.1099049679,-0.95709179,0.6151098199999989,-15.91024291,-15.53352563,597.56,86.1759,SLE,-1.24341788,0.3051083252,-0.47300125,0.0570929,0.3767172799999994,0.53275771,0.48409054,0.1952033573,-0.23839253999999954
hexane,373.15,-16.15461156,-15.49100558,600.97,86.1759,REF,-1.8805233,0.0882162298,-1.05439946,0.6636059799999998,-16.15461156,-15.70647086,600.97,86.1759,SLE,-1.3414692,0.2571139253,-0.55527408,0.04555445,0.4481406999999997,0.5390541,0.49912537999999995,0.1688976955,-0.2154652800000001
hexane,368.15,-16.40076282,-15.69236678,604.42,86.1759,REF,-1.98550534,0.0704234459,-1.15324726,0.7083960400000002,-16.40076282,-15.88270008,604.42,86.1759,SLE,-1.44129539,0.2140581203,-0.6415084,0.03619967,0.5180627400000013,0.5442099499999999,0.5117388600000001,0.1436346744,-0.19033329999999893
hexane,363.15,-16.64866657,-15.8987592,607.9,86.1759,REF,-2.0914051,0.0559191834,-1.25373658,0.749907369999999,-16.64866657,-16.06406484,607.9,86.1759,SLE,-1.54183803,0.1765533828,-0.73045247,0.02871851,0.5846017299999993,0.5495670699999997,0.52328411,0.12063419939999999,-0.1653056399999997
hexane,358.15,-16.89829177,-16.10971001,611.43,86.1759,REF,-2.19853058,0.0441607322,-1.35602914,0.7885817599999996,-16.89829177,-16.25150528,611.43,86.1759,SLE,-1.64253492,0.1445701991,-0.82126257,0.02277535,0.6467864900000002,0.55599566,0.5347665699999999,0.1004094669,-0.14179526999999936
hexane,353.15,-17.14960654,-16.32475988,614.99,86.1759,REF,-2.30719839,0.0346772024,-1.46032451,0.8248466600000022,-17.14960654,-16.44524943,614.99,86.1759,SLE,-1.74323203,0.1176874471,-0.91348924,0.01806209,0.7043571100000001,0.56396636,0.54683527,0.08301024469999999,-0.12048955000000205
hexane,348.15,-17.40257834,-16.54348509,618.59,86.1759,REF,-2.41772053,0.0270675473,-1.56684117,0.8590932500000008,-17.40257834,-16.64510813,618.59,86.1759,SLE,-1.84402784,0.0953143071,-1.00696363,0.01432096,0.757470210000001,0.5736926899999999,0.55987754,0.0682467598,-0.10162303999999978
hexane,343.15,-17.65717409,-16.76550343,622.24,86.1759,REF,-2.53040042,0.0209938052,-1.67580753,0.8916706600000026,-17.65717409,-16.85065435,622.24,86.1759,SLE,-1.9451777,0.0768222151,-1.10171499,0.01134547,0.8065197400000024,0.58522272,0.5740925399999999,0.055828409899999994,-0.08515092000000024
hexane,338.15,-17.91336033,-16.99047143,625.92,86.1759,REF,-2.64553412,0.0161730437,-1.78745934,0.9228889000000002,-17.91336033,-17.06139102,625.92,86.1759,SLE,-2.04699704,0.0616198469,-1.19787517,0.00897435,0.8519693100000012,0.5985370800000003,0.58958417,0.0454468032,-0.07091958999999903
hexane,333.15,-18.17110338,-17.21808528,629.65,86.1759,REF,-2.76340933,0.012369675,-1.90203563,0.9530181000000013,-18.17110338,-17.27680098,629.65,86.1759,SLE,-2.14983333,0.0491785879,-1.2956443,0.00708218,0.8943024000000008,0.6135760000000001,0.6063913300000001,0.036808912900000004,-0.05871570000000048
hexane,328.15,-18.43036953,-17.44807642,633.42,86.1759,REF,-2.88430776,0.0093882937,-2.01977869,0.9822931100000005,-18.43036953,-17.49639376,633.42,86.1759,SLE,-2.25403741,0.0390407098,-1.39525575,0.00557138,0.93397577,0.63027035,0.6245229399999999,0.029652416099999995,-0.04831734000000054
hexane,323.15,-18.69112519,-17.68020891,637.23,86.1759,REF,-3.0085066,0.0070674536,-2.14093376,1.01091628,-18.69112519,-17.71971523,637.23,86.1759,SLE,-2.3599574,0.0308157528,-1.49696381,0.00436559,0.9714099600000026,0.6485492000000002,0.6439699499999998,0.0237482992,-0.03950631999999743
hexane,318.15,-18.95333714,-17.91427442,641.08,86.1759,REF,-3.13628176,0.005274275,-2.26575082,1.0390627199999969,-18.95333714,-17.94636053,641.08,86.1759,SLE,-2.46792977,0.0241739443,-1.60102971,0.00340463,1.0069766099999988,0.6683519900000001,0.6647211100000001,0.018899669299999998,-0.03208610999999806
hexane,313.15,-19.21697271,-18.15009021,644.98,86.1759,REF,-3.26790925,0.0038998859,-2.39448483,1.066882500000002,-19.21697271,-18.17596217,644.98,86.1759,SLE,-2.57828677,0.0188376273,-1.707725,0.00264066,1.041010540000002,0.6896224800000001,0.6867598300000002,0.0149377414,-0.025871959999999916
hexane,308.15,-19.48199998,-18.38749576,648.93,86.1759,REF,-3.40366781,0.0028555219,-2.5273975,1.094504220000001,-19.48199998,-18.4081962,648.93,86.1759,SLE,-2.69135197,0.0145740622,-1.81732408,0.00203539,1.0738037800000022,0.71231584,0.7100734200000003,0.0117185403,-0.02070043999999882
hexane,303.15,-19.74838803,-18.62635007,652.92,86.1759,REF,-3.54384122,0.0020692221,-2.66475881,1.1220379600000001,-19.74838803,-18.64277628,652.92,86.1759,SLE,-2.80744392,0.0111884643,-1.93010541,0.00155796,1.1056117500000013,0.7363973000000001,0.7346534,0.009119242199999999,-0.016426209999998775
hexane,298.15,-20.01610718,-18.86652924,656.96,86.1759,REF,-3.68872063,0.0014830217,-2.80684885,1.1495779400000004,-20.01610718,-18.87944959,656.96,86.1759,SLE,-2.92687893,0.0085181215,-2.0463525,0.00118337,1.1366575899999987,0.7618417000000002,0.7604963500000004,0.0070350998,-0.01292035000000169
isopropylamine,403.15,-14.71611476,-15.14706656,639.37,59.1106,REF,-0.85764465,0.6301349867,-0.07119753,-0.4309518000000008,-14.71611476,-14.97277448,639.37,59.1106,SLE,-0.639978,0.7585544479,0.03831364,0.22909837,-0.25665972000000004,0.21766664999999996,0.10951116999999999,0.12841946120000003,0.17429208000000074
isopropylamine,398.15,-14.95115832,-15.40589722,642.86,59.1106,REF,-0.90422888,0.6009136115,-0.09590017,-0.4547389000000006,-14.95115832,-15.22595168,642.86,59.1106,SLE,-0.67514844,0.7390299585,0.02466999,0.21127668,-0.2747933600000003,0.22908044000000005,0.12057016000000001,0.13811634699999997,0.1799455400000003
isopropylamine,393.15,-15.18811761,-15.66502456,646.38,59.1106,REF,-0.95289801,0.5700908515,-0.12308054,-0.47690695000000005,-15.18811761,-15.48058181,646.38,59.1106,SLE,-0.71147231,0.7182967672,0.00977501,0.19432456,-0.2924641999999995,0.24142569999999997,0.13285555,0.14820591569999997,0.18444275000000054
isopropylamine,388.15,-15.42696862,-15.92402296,649.93,59.1106,REF,-1.00395873,0.5376367492,-0.15307128,-0.49705434000000004,-15.42696862,-15.73643074,649.93,59.1106,SLE,-0.74911252,0.6962561098,-0.00652719,0.1781917,-0.3094621199999992,0.25484620999999996,0.14654409000000002,0.15861936059999993,0.18759222000000086
isopropylamine,383.15,-15.66768595,-16.18241489,653.51,59.1106,REF,-1.05776257,0.5035522982,-0.18625963,-0.5147289400000012,-15.66768595,-15.9932233,653.51,59.1106,SLE,-0.78826314,0.6727977238,-0.02442322,0.16283092,-0.32553735000000117,0.26949943,0.16183641,0.1692454256,0.18919159000000008
isopropylamine,378.15,-15.91024291,-16.43973053,657.13,59.1106,REF,-1.11467443,0.4679066144,-0.22306903,-0.5294876199999994,-15.91024291,-16.25066625,657.13,59.1106,SLE,-0.82913815,0.647810251,-0.04412813,0.14820466,-0.3404233399999992,0.28553628,0.1789409,0.17990363660000003,0.1890642800000002
isopropylamine,373.15,-16.15461156,-16.69542705,660.78,59.1106,REF,-1.17512082,0.4308257004,-0.26399224,-0.54081549,-16.15461156,-16.50844235,660.78,59.1106,SLE,-0.87197638,0.6211843504,-0.06589076,0.1342838,-0.35383078999999995,0.30314444000000007,0.19810148,0.19035864999999996,0.1869847
isopropylamine,368.15,-16.40076282,-16.94897315,664.46,59.1106,REF,-1.23954387,0.3925406529,-0.30955983,-0.5482103299999999,-16.40076282,-16.76618102,664.46,59.1106,SLE,-0.91706059,0.5928088005,-0.09000826,0.12104293,-0.3654182000000006,0.32248328000000015,0.21955156999999997,0.20026814759999995,0.18279212999999928
isopropylamine,363.15,-16.64866657,-17.19980737,668.18,59.1106,REF,-1.30842762,0.3533876714,-0.36035578,-0.5511407999999989,-16.64866657,-17.02348764,668.18,59.1106,SLE,-0.96470297,0.5625904227,-0.11682233,0.10846685,-0.3748210699999994,0.34372464999999996,0.24353345,0.20920275130000004,0.17631972999999945
isopropylamine,358.15,-16.89829177,-17.44741047,671.94,59.1106,REF,-1.38225676,0.313839772,-0.41698064,-0.5491187000000011,-16.89829177,-17.27993128,671.94,59.1106,SLE,-1.01525474,0.5304627867,-0.14672851,0.09654844,-0.3816395099999994,0.36700201999999993,0.27025213000000003,0.2166230147,0.16747919000000167
isopropylamine,353.15,-17.14960654,-17.69130642,675.72,59.1106,REF,-1.46151624,0.27449763,-0.48004027,-0.5416998799999995,-17.14960654,-17.53504374,675.72,59.1106,SLE,-1.06910956,0.4964027381,-0.18018217,0.08528849,-0.38543719999999837,0.3924066799999999,0.2998581,0.22190510810000003,0.1562626800000011
isopropylamine,348.15,-17.40257834,-17.93114777,679.55,59.1106,REF,-1.5466377,0.2360838526,-0.55008768,-0.5285694299999975,-17.40257834,-17.78832805,679.55,59.1106,SLE,-1.12670137,0.4604545929,-0.21770003,0.07469622,-0.3857497099999989,0.4199363300000001,0.33238765,0.2243707403,0.14281971999999854
isopropylamine,343.15,-17.65717409,-18.16672105,683.41,59.1106,REF,-1.63799226,0.199383354,-0.62759856,-0.509546959999998,-17.65717409,-18.0392735,683.41,59.1106,SLE,-1.1884978,0.4227598313,-0.25985656,0.06478914,-0.3820994099999986,0.44949446000000015,0.367742,0.2233764773,0.1274475499999994
isopropylamine,338.15,-17.91336033,-18.39800948,687.31,59.1106,REF,-1.73584563,0.1651759635,-0.71291486,-0.4846491499999992,-17.91336033,-18.28737665,687.31,59.1106,SLE,-1.25498923,0.3835888745,-0.30727372,0.0555918,-0.37401631999999907,0.48085639999999996,0.40564114000000007,0.21841291100000002,0.11063283000000013
isopropylamine,333.15,-18.17110338,-18.62521399,691.24,59.1106,REF,-1.84033653,0.1341441988,-0.80621011,-0.4541106099999972,-18.17110338,-18.5321791,691.24,59.1106,SLE,-1.32666584,0.3433727045,-0.36059679,0.04713399,-0.36107571999999877,0.5136706900000001,0.44561332,0.2092285057,0.09303488999999843
isopropylamine,328.15,-18.43036953,-18.84873136,695.21,59.1106,REF,-1.95148164,0.1067832981,-0.90748564,-0.4183618299999985,-18.43036953,-18.77329605,695.21,59.1106,SLE,-1.40399864,0.3027151947,-0.42046687,0.03944585,-0.3429265199999989,0.5474829999999999,0.48701877,0.19593189660000004,0.07543530999999959
isopropylamine,323.15,-18.69112519,-19.06912116,699.22,59.1106,REF,-2.06918871,0.0833452459,-1.01658383,-0.3779959700000006,-18.69112519,-19.01047351,699.22,59.1106,SLE,-1.48739955,0.2623889392,-0.48747049,0.03255371,-0.3193483199999996,0.5817891600000002,0.5291133400000001,0.1790436933,0.05864765000000105
isopropylamine,318.15,-18.95333714,-19.28704206,703.27,59.1106,REF,-2.19329183,0.0638264749,-1.13323075,-0.3337049200000024,-18.95333714,-19.24363533,703.27,59.1106,SLE,-1.57718449,0.2232907911,-0.5620856,0.02647375,-0.29029819000000145,0.6161073400000001,0.5711451500000001,0.1594643162,0.04340673000000095
isopropylamine,313.15,-19.21697271,-19.50318051,707.36,59.1106,REF,-2.3235955,0.0480011737,-1.25709356,-0.2862077999999997,-19.21697271,-19.47291268,707.36,59.1106,SLE,-1.67354538,0.1863555799,-0.64463292,0.0212058,-0.25593997,0.6500501200000002,0.6124606399999999,0.1383544062,0.030267829999999663
isopropylamine,308.15,-19.48199998,-19.71818925,711.49,59.1106,REF,-2.45991599,0.0354851161,-1.38783709,-0.236189269999997,-19.48199998,-19.69865244,711.49,59.1106,SLE,-1.77653422,0.1524425313,-0.73524179,0.01672884,-0.21665245999999883,0.6833817699999998,0.6525953000000001,0.1169574152,0.019536809999998184
isopropylamine,303.15,-19.74838803,-19.93264879,715.66,59.1106,REF,-2.6021102,0.0258086653,-1.52516687,-0.18426075999999725,-19.74838803,-19.92138986,715.66,59.1106,SLE,-1.88607149,0.1222197727,-0.83384646,0.01299956,-0.17300183000000047,0.7160387099999999,0.6913204100000001,0.0964111074,0.01125892999999678
isopropylamine,298.15,-20.01610718,-20.14704719,719.87,59.1106,REF,-2.75009415,0.0184808506,-1.66885783,-0.13094000999999977,-20.01610718,-20.14178919,719.87,59.1106,SLE,-2.00197874,0.0960815276,-0.94021731,0.00995454,-0.125682010000002,0.7481154099999996,0.7286405200000001,0.07760067699999999,0.0052579999999977645
methanol,403.15,-14.71611476,-11.78568889,663.69,32.042,REF,-2.67983018,0.0392447384,-1.37391636,2.9304258700000005,-14.71611476,-11.84708214,663.69,32.042,SLE,-2.33366454,0.0833047157,-1.04002394,0.00463805,2.8690326200000005,0.34616564000000016,0.33389241999999997,0.044059977300000004,-0.061393250000000066
methanol,403.15,-14.71611476,-11.78568889,663.69,32.042,REF,-2.67983018,0.0392447384,-1.37391636,2.9304258700000005,-14.71611476,-11.84708214,663.69,32.042,SLE,-2.33366454,0.0833047157,-1.04002394,0.00463805,2.8690326200000005,0.34616564000000016,0.33389241999999997,0.044059977300000004,-0.061393250000000066
methanol,398.15,-14.95115832,-11.90556617,667.37,32.042,REF,-2.82556942,0.0283580553,-1.51434257,3.045592149999999,-14.95115832,-11.95261675,667.37,32.042,SLE,-2.47111067,0.0620349537,-1.16906639,0.00337979,2.9985415699999987,0.35445875000000004,0.34527617999999993,0.0336768984,-0.04705058000000051
methanol,398.15,-14.95115832,-11.90556617,667.37,32.042,REF,-2.82556942,0.0283580553,-1.51434257,3.045592149999999,-14.95115832,-11.95261675,667.37,32.042,SLE,-2.47111067,0.0620349537,-1.16906639,0.00337979,2.9985415699999987,0.35445875000000004,0.34527617999999993,0.0336768984,-0.04705058000000051
methanol,393.15,-15.18811761,-12.03282754,671.08,32.042,REF,-2.97197585,0.0203998349,-1.65623467,3.1552900700000013,-15.18811761,-12.06908082,671.08,32.042,SLE,-2.60704609,0.0460919679,-1.29820285,0.00247146,3.119036790000001,0.3649297600000003,0.3580318199999999,0.025692133000000002,-0.03625328000000039
methanol,393.15,-15.18811761,-12.03282754,671.08,32.042,REF,-2.97197585,0.0203998349,-1.65623467,3.1552900700000013,-15.18811761,-12.06908082,671.08,32.042,SLE,-2.60704609,0.0460919679,-1.29820285,0.00247146,3.119036790000001,0.3649297600000003,0.3580318199999999,0.025692133000000002,-0.03625328000000039
methanol,388.15,-15.42696862,-12.16694386,674.83,32.042,REF,-3.11935968,0.0146106128,-1.79967987,3.2600247600000003,-15.42696862,-12.19493629,674.83,32.042,SLE,-2.74226465,0.0341599797,-1.42777553,0.00181024,3.232032330000001,0.37709503,0.37190434000000017,0.019549366900000004,-0.027992429999999402
methanol,388.15,-15.42696862,-12.16694386,674.83,32.042,REF,-3.11935968,0.0146106128,-1.79967987,3.2600247600000003,-15.42696862,-12.19493629,674.83,32.042,SLE,-2.74226465,0.0341599797,-1.42777553,0.00181024,3.232032330000001,0.37709503,0.37190434000000017,0.019549366900000004,-0.027992429999999402
methanol,383.15,-15.66768595,-12.30759015,678.61,32.042,REF,-3.26793002,0.0104194715,-1.94472604,3.3600958,-15.66768595,-12.32919962,678.61,32.042,SLE,-2.87728466,0.0252507854,-1.55798762,0.00132652,3.3384863299999985,0.39064536000000016,0.3867384199999999,0.0148313139,-0.021609470000001352
methanol,383.15,-15.66768595,-12.30759015,678.61,32.042,REF,-3.26793002,0.0104194715,-1.94472604,3.3600958,-15.66768595,-12.32919962,678.61,32.042,SLE,-2.87728466,0.0252507854,-1.55798762,0.00132652,3.3384863299999985,0.39064536000000016,0.3867384199999999,0.0148313139,-0.021609470000001352
methanol,378.15,-15.91024291,-12.45458318,682.44,32.042,REF,-3.41782444,0.0073995646,-2.09139348,3.455659729999999,-15.91024291,-12.47123713,682.44,32.042,SLE,-3.01244899,0.0186166733,-1.6889566,0.00097174,3.4390057799999987,0.40537544999999975,0.4024368799999998,0.0112171087,-0.01665395000000025
methanol,378.15,-15.91024291,-12.45458318,682.44,32.042,REF,-3.41782444,0.0073995646,-2.09139348,3.455659729999999,-15.91024291,-12.47123713,682.44,32.042,SLE,-3.01244899,0.0186166733,-1.6889566,0.00097174,3.4390057799999987,0.40537544999999975,0.4024368799999998,0.0112171087,-0.01665395000000025
methanol,373.15,-16.15461156,-12.60784447,686.31,32.042,REF,-3.56912574,0.0052336258,-2.23967954,3.5467670899999995,-16.15461156,-12.62064379,686.31,32.042,SLE,-3.14798436,0.0136907709,-1.82074536,0.00071124,3.5339677699999985,0.4211413799999999,0.41893417999999993,0.0084571451,-0.012799320000000947
methanol,373.15,-16.15461156,-12.60784447,686.31,32.042,REF,-3.56912574,0.0052336258,-2.23967954,3.5467670899999995,-16.15461156,-12.62064379,686.31,32.042,SLE,-3.14798436,0.0136907709,-1.82074536,0.00071124,3.5339677699999985,0.4211413799999999,0.41893417999999993,0.0084571451,-0.012799320000000947
methanol,368.15,-16.40076282,-12.76737128,690.22,32.042,REF,-3.72187562,0.0036871659,-2.38956363,3.63339154,-16.40076282,-12.77717408,690.22,32.042,SLE,-3.28403444,0.0100437892,-1.95337736,0.00051995,3.6235887400000006,0.43784117999999994,0.4361862700000001,0.0063566233,-0.009802799999999223
methanol,368.15,-16.40076282,-12.76737128,690.22,32.042,REF,-3.72187562,0.0036871659,-2.38956363,3.63339154,-16.40076282,-12.77717408,690.22,32.042,SLE,-3.28403444,0.0100437892,-1.95337736,0.00051995,3.6235887400000006,0.43784117999999994,0.4361862700000001,0.0063566233,-0.009802799999999223
methanol,363.15,-16.64866657,-12.93321561,694.17,32.042,REF,-3.8760845,0.0025878441,-2.54101081,3.71545096,-16.64866657,-12.94069404,694.17,32.042,SLE,-3.4206831,0.0073513568,-2.08684772,0.00037959,3.7079725299999993,0.45540139999999996,0.45416308999999977,0.0047635127,-0.007478430000000813
methanol,363.15,-16.64866657,-12.93321561,694.17,32.042,REF,-3.8760845,0.0025878441,-2.54101081,3.71545096,-16.64866657,-12.94069404,694.17,32.042,SLE,-3.4206831,0.0073513568,-2.08684772,0.00037959,3.7079725299999993,0.45540139999999996,0.45416308999999977,0.0047635127,-0.007478430000000813
methanol,358.15,-16.89829177,-13.10546762,698.16,32.042,REF,-4.0317395,0.0018096908,-2.69397523,3.7928241499999995,-16.89829177,-13.11114933,698.16,32.042,SLE,-3.55796981,0.0053691123,-2.22113013,0.00027671,3.78714244,0.4737696899999997,0.4728450999999998,0.0035594215000000003,-0.005681709999999285
methanol,358.15,-16.89829177,-13.10546762,698.16,32.042,REF,-4.0317395,0.0018096908,-2.69397523,3.7928241499999995,-16.89829177,-13.11114933,698.16,32.042,SLE,-3.55796981,0.0053691123,-2.22113013,0.00027671,3.78714244,0.4737696899999997,0.4728450999999998,0.0035594215000000003,-0.005681709999999285
methanol,353.15,-17.14960654,-13.28424263,702.19,32.042,REF,-4.18881097,0.0012611283,-2.84840335,3.865363910000001,-17.14960654,-13.28854103,702.19,32.042,SLE,-3.69590146,0.003913571,-2.35618269,0.00020142,3.8610655100000013,0.4929095099999996,0.4922206600000001,0.0026524427000000003,-0.0042983999999997025
methanol,353.15,-17.14960654,-13.28424263,702.19,32.042,REF,-4.18881097,0.0012611283,-2.84840335,3.865363910000001,-17.14960654,-13.28854103,702.19,32.042,SLE,-3.69590146,0.003913571,-2.35618269,0.00020142,3.8610655100000013,0.4929095099999996,0.4922206600000001,0.0026524427000000003,-0.0042983999999997025
methanol,348.15,-17.40257834,-13.46966992,706.27,32.042,REF,-4.34725836,0.0008759327,-3.00423736,3.932908420000002,-17.40257834,-13.47290776,706.27,32.042,SLE,-3.8344614,0.0028474359,-2.49195251,0.0001464,3.9296705800000016,0.5127969599999997,0.5122848499999999,0.0019715032,-0.0032378400000006025
methanol,348.15,-17.40257834,-13.46966992,706.27,32.042,REF,-4.34725836,0.0008759327,-3.00423736,3.932908420000002,-17.40257834,-13.47290776,706.27,32.042,SLE,-3.8344614,0.0028474359,-2.49195251,0.0001464,3.9296705800000016,0.5127969599999997,0.5122848499999999,0.0019715032,-0.0032378400000006025
methanol,343.15,-17.65717409,-13.66188413,710.39,32.042,REF,-4.50703499,0.0006064643,-3.16141815,3.995289960000001,-17.65717409,-13.66431271,710.39,32.042,SLE,-3.97361602,0.002068336,-2.6283791,0.00010626,3.992861380000001,0.53341897,0.5330390499999997,0.0014618717,-0.0024285800000001245
methanol,343.15,-17.65717409,-13.66188413,710.39,32.042,REF,-4.50703499,0.0006064643,-3.16141815,3.995289960000001,-17.65717409,-13.66431271,710.39,32.042,SLE,-3.97361602,0.002068336,-2.6283791,0.00010626,3.992861380000001,0.53341897,0.5330390499999997,0.0014618717,-0.0024285800000001245
methanol,338.15,-17.91336033,-13.86101806,714.55,32.042,REF,-4.66809237,0.0004186251,-3.3198883,4.0523422700000005,-17.91336033,-13.86283219,714.55,32.042,SLE,-4.11332106,0.0015002048,-2.76539828,7.703e-05,4.050528139999999,0.5547713100000005,0.5544900200000002,0.0010815797,-0.0018141300000014127
methanol,338.15,-17.91336033,-13.86101806,714.55,32.042,REF,-4.66809237,0.0004186251,-3.3198883,4.0523422700000005,-17.91336033,-13.86283219,714.55,32.042,SLE,-4.11332106,0.0015002048,-2.76539828,7.703e-05,4.050528139999999,0.5547713100000005,0.5544900200000002,0.0010815797,-0.0018141300000014127
methanol,333.15,-18.17110338,-14.06719695,718.76,32.042,REF,-4.83038393,0.0002881294,-3.47959484,4.103906430000002,-18.17110338,-14.06854657,718.76,32.042,SLE,-4.25352678,0.0010867143,-2.90294559,5.578e-05,4.102556810000001,0.5768571500000004,0.57664925,0.0007985849000000001,-0.0013496200000009395
methanol,333.15,-18.17110338,-14.06719695,718.76,32.042,REF,-4.83038393,0.0002881294,-3.47959484,4.103906430000002,-18.17110338,-14.06854657,718.76,32.042,SLE,-4.25352678,0.0010867143,-2.90294559,5.578e-05,4.102556810000001,0.5768571500000004,0.57664925,0.0007985849000000001,-0.0013496200000009395
methanol,328.15,-18.43036953,-14.28053396,723.02,32.042,REF,-4.99386825,0.0001977609,-3.64049178,4.1498355700000005,-18.43036953,-14.28153407,723.02,32.042,SLE,-4.39418186,0.0007862927,-3.04095877,4.035e-05,4.148835460000001,0.5996863900000005,0.59953301,0.0005885317999999999,-0.0010001099999996654
methanol,328.15,-18.43036953,-14.28053396,723.02,32.042,REF,-4.99386825,0.0001977609,-3.64049178,4.1498355700000005,-18.43036953,-14.28153407,723.02,32.042,SLE,-4.39418186,0.0007862927,-3.04095877,4.035e-05,4.148835460000001,0.5996863900000005,0.59953301,0.0005885317999999999,-0.0010001099999996654
methanol,323.15,-18.69112519,-14.50112706,727.32,32.042,REF,-5.15851173,0.0001353701,-3.80254226,4.189998130000001,-18.69112519,-14.50186535,727.32,32.042,SLE,-4.53523703,0.000568354,-3.17938054,2.916e-05,4.189259840000002,0.6232746999999996,0.6231617200000001,0.00043298389999999994,-0.0007382899999992532
methanol,323.15,-18.69112519,-14.50112706,727.32,32.042,REF,-5.15851173,0.0001353701,-3.80254226,4.189998130000001,-18.69112519,-14.50186535,727.32,32.042,SLE,-4.53523703,0.000568354,-3.17938054,2.916e-05,4.189259840000002,0.6232746999999996,0.6231617200000001,0.00043298389999999994,-0.0007382899999992532
methanol,318.15,-18.95333714,-14.72905661,731.67,32.042,REF,-5.32429101,9.2419e-05,-3.96572056,4.224280529999998,-18.95333714,-14.72959961,731.67,32.042,SLE,-4.67664806,0.000410462,-3.31816071,2.105e-05,4.223737529999999,0.6476429499999998,0.6475598499999999,0.000318043,-0.0005429999999986279
methanol,318.15,-18.95333714,-14.72905661,731.67,32.042,REF,-5.32429101,9.2419e-05,-3.96572056,4.224280529999998,-18.95333714,-14.72959961,731.67,32.042,SLE,-4.67664806,0.000410462,-3.31816071,2.105e-05,4.223737529999999,0.6476429499999998,0.6475598499999999,0.000318043,-0.0005429999999986279
methanol,313.15,-19.21697271,-14.96438392,736.07,32.042,REF,-5.49119489,6.29317e-05,-4.1300138,4.252588790000001,-19.21697271,-14.96478187,736.07,32.042,SLE,-4.81837822,0.0002962033,-3.45725816,1.519e-05,4.252190840000001,0.6728166700000004,0.6727556400000005,0.00023327159999999997,-0.00039794999999998026
methanol,313.15,-19.21697271,-14.96438392,736.07,32.042,REF,-5.49119489,6.29317e-05,-4.1300138,4.252588790000001,-19.21697271,-14.96478187,736.07,32.042,SLE,-4.81837822,0.0002962033,-3.45725816,1.519e-05,4.252190840000001,0.6728166700000004,0.6727556400000005,0.00023327159999999997,-0.00039794999999998026
methanol,308.15,-19.48199998,-15.20715071,740.51,32.042,REF,-5.65922589,4.27412e-05,-4.29542327,4.274849270000001,-19.48199998,-15.2074413,740.51,32.042,SLE,-4.96040016,0.0002136004,-3.59664231,1.095e-05,4.274558680000002,0.6988257300000003,0.6987809599999997,0.0001708592,-0.00029058999999875823
methanol,308.15,-19.48199998,-15.20715071,740.51,32.042,REF,-5.65922589,4.27412e-05,-4.29542327,4.274849270000001,-19.48199998,-15.2074413,740.51,32.042,SLE,-4.96040016,0.0002136004,-3.59664231,1.095e-05,4.274558680000002,0.6988257300000003,0.6987809599999997,0.0001708592,-0.00029058999999875823
methanol,303.15,-19.74838803,-15.45737895,745.01,32.042,REF,-5.82840168,2.89519e-05,-4.46196575,4.29100908,-19.74838803,-15.4575904,745.01,32.042,SLE,-5.10269755,0.0001539321,-3.73629442,7.89e-06,4.29079763,0.7257041299999996,0.72567133,0.0001249802,-0.00021145000000011294
methanol,303.15,-19.74838803,-15.45737895,745.01,32.042,REF,-5.82840168,2.89519e-05,-4.46196575,4.29100908,-19.74838803,-15.4575904,745.01,32.042,SLE,-5.10269755,0.0001539321,-3.73629442,7.89e-06,4.29079763,0.7257041299999996,0.72567133,0.0001249802,-0.00021145000000011294
methanol,298.15,-20.01610718,-15.7150713,749.56,32.042,REF,-5.9987561,1.95581e-05,-4.62967442,4.301035879999999,-20.01610718,-15.71522463,749.56,32.042,SLE,-5.24526634,0.0001108608,-3.87620866,5.69e-06,4.300882549999999,0.7534897599999999,0.7534657599999997,9.13027e-05,-0.00015332999999984054
methanol,298.15,-20.01610718,-15.7150713,749.56,32.042,REF,-5.9987561,1.95581e-05,-4.62967442,4.301035879999999,-20.01610718,-15.71522463,749.56,32.042,SLE,-5.24526634,0.0001108608,-3.87620866,5.69e-06,4.300882549999999,0.7534897599999999,0.7534657599999997,9.13027e-05,-0.00015332999999984054
methanol,403.15,-14.71611476,-11.78568889,663.69,32.042,REF,-2.67983018,0.0392447384,-1.37391636,2.9304258700000005,-14.71611476,-11.84708214,663.69,32.042,SLE,-2.33366454,0.0833047157,-1.04002394,0.00463805,2.8690326200000005,0.34616564000000016,0.33389241999999997,0.044059977300000004,-0.061393250000000066
methanol,403.15,-14.71611476,-11.78568889,663.69,32.042,REF,-2.67983018,0.0392447384,-1.37391636,2.9304258700000005,-14.71611476,-11.84708214,663.69,32.042,SLE,-2.33366454,0.0833047157,-1.04002394,0.00463805,2.8690326200000005,0.34616564000000016,0.33389241999999997,0.044059977300000004,-0.061393250000000066
methanol,398.15,-14.95115832,-11.90556617,667.37,32.042,REF,-2.82556942,0.0283580553,-1.51434257,3.045592149999999,-14.95115832,-11.95261675,667.37,32.042,SLE,-2.47111067,0.0620349537,-1.16906639,0.00337979,2.9985415699999987,0.35445875000000004,0.34527617999999993,0.0336768984,-0.04705058000000051
methanol,398.15,-14.95115832,-11.90556617,667.37,32.042,REF,-2.82556942,0.0283580553,-1.51434257,3.045592149999999,-14.95115832,-11.95261675,667.37,32.042,SLE,-2.47111067,0.0620349537,-1.16906639,0.00337979,2.9985415699999987,0.35445875000000004,0.34527617999999993,0.0336768984,-0.04705058000000051
methanol,393.15,-15.18811761,-12.03282754,671.08,32.042,REF,-2.97197585,0.0203998349,-1.65623467,3.1552900700000013,-15.18811761,-12.06908082,671.08,32.042,SLE,-2.60704609,0.0460919679,-1.29820285,0.00247146,3.119036790000001,0.3649297600000003,0.3580318199999999,0.025692133000000002,-0.03625328000000039
methanol,393.15,-15.18811761,-12.03282754,671.08,32.042,REF,-2.97197585,0.0203998349,-1.65623467,3.1552900700000013,-15.18811761,-12.06908082,671.08,32.042,SLE,-2.60704609,0.0460919679,-1.29820285,0.00247146,3.119036790000001,0.3649297600000003,0.3580318199999999,0.025692133000000002,-0.03625328000000039
methanol,388.15,-15.42696862,-12.16694386,674.83,32.042,REF,-3.11935968,0.0146106128,-1.79967987,3.2600247600000003,-15.42696862,-12.19493629,674.83,32.042,SLE,-2.74226465,0.0341599797,-1.42777553,0.00181024,3.232032330000001,0.37709503,0.37190434000000017,0.019549366900000004,-0.027992429999999402
methanol,388.15,-15.42696862,-12.16694386,674.83,32.042,REF,-3.11935968,0.0146106128,-1.79967987,3.2600247600000003,-15.42696862,-12.19493629,674.83,32.042,SLE,-2.74226465,0.0341599797,-1.42777553,0.00181024,3.232032330000001,0.37709503,0.37190434000000017,0.019549366900000004,-0.027992429999999402
methanol,383.15,-15.66768595,-12.30759015,678.61,32.042,REF,-3.26793002,0.0104194715,-1.94472604,3.3600958,-15.66768595,-12.32919962,678.61,32.042,SLE,-2.87728466,0.0252507854,-1.55798762,0.00132652,3.3384863299999985,0.39064536000000016,0.3867384199999999,0.0148313139,-0.021609470000001352
methanol,383.15,-15.66768595,-12.30759015,678.61,32.042,REF,-3.26793002,0.0104194715,-1.94472604,3.3600958,-15.66768595,-12.32919962,678.61,32.042,SLE,-2.87728466,0.0252507854,-1.55798762,0.00132652,3.3384863299999985,0.39064536000000016,0.3867384199999999,0.0148313139,-0.021609470000001352
methanol,378.15,-15.91024291,-12.45458318,682.44,32.042,REF,-3.41782444,0.0073995646,-2.09139348,3.455659729999999,-15.91024291,-12.47123713,682.44,32.042,SLE,-3.01244899,0.0186166733,-1.6889566,0.00097174,3.4390057799999987,0.40537544999999975,0.4024368799999998,0.0112171087,-0.01665395000000025
methanol,378.15,-15.91024291,-12.45458318,682.44,32.042,REF,-3.41782444,0.0073995646,-2.09139348,3.455659729999999,-15.91024291,-12.47123713,682.44,32.042,SLE,-3.01244899,0.0186166733,-1.6889566,0.00097174,3.4390057799999987,0.40537544999999975,0.4024368799999998,0.0112171087,-0.01665395000000025
methanol,373.15,-16.15461156,-12.60784447,686.31,32.042,REF,-3.56912574,0.0052336258,-2.23967954,3.5467670899999995,-16.15461156,-12.62064379,686.31,32.042,SLE,-3.14798436,0.0136907709,-1.82074536,0.00071124,3.5339677699999985,0.4211413799999999,0.41893417999999993,0.0084571451,-0.012799320000000947
methanol,373.15,-16.15461156,-12.60784447,686.31,32.042,REF,-3.56912574,0.0052336258,-2.23967954,3.5467670899999995,-16.15461156,-12.62064379,686.31,32.042,SLE,-3.14798436,0.0136907709,-1.82074536,0.00071124,3.5339677699999985,0.4211413799999999,0.41893417999999993,0.0084571451,-0.012799320000000947
methanol,368.15,-16.40076282,-12.76737128,690.22,32.042,REF,-3.72187562,0.0036871659,-2.38956363,3.63339154,-16.40076282,-12.77717408,690.22,32.042,SLE,-3.28403444,0.0100437892,-1.95337736,0.00051995,3.6235887400000006,0.43784117999999994,0.4361862700000001,0.0063566233,-0.009802799999999223
methanol,368.15,-16.40076282,-12.76737128,690.22,32.042,REF,-3.72187562,0.0036871659,-2.38956363,3.63339154,-16.40076282,-12.77717408,690.22,32.042,SLE,-3.28403444,0.0100437892,-1.95337736,0.00051995,3.6235887400000006,0.43784117999999994,0.4361862700000001,0.0063566233,-0.009802799999999223
methanol,363.15,-16.64866657,-12.93321561,694.17,32.042,REF,-3.8760845,0.0025878441,-2.54101081,3.71545096,-16.64866657,-12.94069404,694.17,32.042,SLE,-3.4206831,0.0073513568,-2.08684772,0.00037959,3.7079725299999993,0.45540139999999996,0.45416308999999977,0.0047635127,-0.007478430000000813
methanol,363.15,-16.64866657,-12.93321561,694.17,32.042,REF,-3.8760845,0.0025878441,-2.54101081,3.71545096,-16.64866657,-12.94069404,694.17,32.042,SLE,-3.4206831,0.0073513568,-2.08684772,0.00037959,3.7079725299999993,0.45540139999999996,0.45416308999999977,0.0047635127,-0.007478430000000813
methanol,358.15,-16.89829177,-13.10546762,698.16,32.042,REF,-4.0317395,0.0018096908,-2.69397523,3.7928241499999995,-16.89829177,-13.11114933,698.16,32.042,SLE,-3.55796981,0.0053691123,-2.22113013,0.00027671,3.78714244,0.4737696899999997,0.4728450999999998,0.0035594215000000003,-0.005681709999999285
methanol,358.15,-16.89829177,-13.10546762,698.16,32.042,REF,-4.0317395,0.0018096908,-2.69397523,3.7928241499999995,-16.89829177,-13.11114933,698.16,32.042,SLE,-3.55796981,0.0053691123,-2.22113013,0.00027671,3.78714244,0.4737696899999997,0.4728450999999998,0.0035594215000000003,-0.005681709999999285
methanol,353.15,-17.14960654,-13.28424263,702.19,32.042,REF,-4.18881097,0.0012611283,-2.84840335,3.865363910000001,-17.14960654,-13.28854103,702.19,32.042,SLE,-3.69590146,0.003913571,-2.35618269,0.00020142,3.8610655100000013,0.4929095099999996,0.4922206600000001,0.0026524427000000003,-0.0042983999999997025
methanol,353.15,-17.14960654,-13.28424263,702.19,32.042,REF,-4.18881097,0.0012611283,-2.84840335,3.865363910000001,-17.14960654,-13.28854103,702.19,32.042,SLE,-3.69590146,0.003913571,-2.35618269,0.00020142,3.8610655100000013,0.4929095099999996,0.4922206600000001,0.0026524427000000003,-0.0042983999999997025
methanol,348.15,-17.40257834,-13.46966992,706.27,32.042,REF,-4.34725836,0.0008759327,-3.00423736,3.932908420000002,-17.40257834,-13.47290776,706.27,32.042,SLE,-3.8344614,0.0028474359,-2.49195251,0.0001464,3.9296705800000016,0.5127969599999997,0.5122848499999999,0.0019715032,-0.0032378400000006025
methanol,348.15,-17.40257834,-13.46966992,706.27,32.042,REF,-4.34725836,0.0008759327,-3.00423736,3.932908420000002,-17.40257834,-13.47290776,706.27,32.042,SLE,-3.8344614,0.0028474359,-2.49195251,0.0001464,3.9296705800000016,0.5127969599999997,0.5122848499999999,0.0019715032,-0.0032378400000006025
methanol,343.15,-17.65717409,-13.66188413,710.39,32.042,REF,-4.50703499,0.0006064643,-3.16141815,3.995289960000001,-17.65717409,-13.66431271,710.39,32.042,SLE,-3.97361602,0.002068336,-2.6283791,0.00010626,3.992861380000001,0.53341897,0.5330390499999997,0.0014618717,-0.0024285800000001245
methanol,343.15,-17.65717409,-13.66188413,710.39,32.042,REF,-4.50703499,0.0006064643,-3.16141815,3.995289960000001,-17.65717409,-13.66431271,710.39,32.042,SLE,-3.97361602,0.002068336,-2.6283791,0.00010626,3.992861380000001,0.53341897,0.5330390499999997,0.0014618717,-0.0024285800000001245
methanol,338.15,-17.91336033,-13.86101806,714.55,32.042,REF,-4.66809237,0.0004186251,-3.3198883,4.0523422700000005,-17.91336033,-13.86283219,714.55,32.042,SLE,-4.11332106,0.0015002048,-2.76539828,7.703e-05,4.050528139999999,0.5547713100000005,0.5544900200000002,0.0010815797,-0.0018141300000014127
methanol,338.15,-17.91336033,-13.86101806,714.55,32.042,REF,-4.66809237,0.0004186251,-3.3198883,4.0523422700000005,-17.91336033,-13.86283219,714.55,32.042,SLE,-4.11332106,0.0015002048,-2.76539828,7.703e-05,4.050528139999999,0.5547713100000005,0.5544900200000002,0.0010815797,-0.0018141300000014127
methanol,333.15,-18.17110338,-14.06719695,718.76,32.042,REF,-4.83038393,0.0002881294,-3.47959484,4.103906430000002,-18.17110338,-14.06854657,718.76,32.042,SLE,-4.25352678,0.0010867143,-2.90294559,5.578e-05,4.102556810000001,0.5768571500000004,0.57664925,0.0007985849000000001,-0.0013496200000009395
methanol,333.15,-18.17110338,-14.06719695,718.76,32.042,REF,-4.83038393,0.0002881294,-3.47959484,4.103906430000002,-18.17110338,-14.06854657,718.76,32.042,SLE,-4.25352678,0.0010867143,-2.90294559,5.578e-05,4.102556810000001,0.5768571500000004,0.57664925,0.0007985849000000001,-0.0013496200000009395
methanol,328.15,-18.43036953,-14.28053396,723.02,32.042,REF,-4.99386825,0.0001977609,-3.64049178,4.1498355700000005,-18.43036953,-14.28153407,723.02,32.042,SLE,-4.39418186,0.0007862927,-3.04095877,4.035e-05,4.148835460000001,0.5996863900000005,0.59953301,0.0005885317999999999,-0.0010001099999996654
methanol,328.15,-18.43036953,-14.28053396,723.02,32.042,REF,-4.99386825,0.0001977609,-3.64049178,4.1498355700000005,-18.43036953,-14.28153407,723.02,32.042,SLE,-4.39418186,0.0007862927,-3.04095877,4.035e-05,4.148835460000001,0.5996863900000005,0.59953301,0.0005885317999999999,-0.0010001099999996654
methanol,323.15,-18.69112519,-14.50112706,727.32,32.042,REF,-5.15851173,0.0001353701,-3.80254226,4.189998130000001,-18.69112519,-14.50186535,727.32,32.042,SLE,-4.53523703,0.000568354,-3.17938054,2.916e-05,4.189259840000002,0.6232746999999996,0.6231617200000001,0.00043298389999999994,-0.0007382899999992532
methanol,323.15,-18.69112519,-14.50112706,727.32,32.042,REF,-5.15851173,0.0001353701,-3.80254226,4.189998130000001,-18.69112519,-14.50186535,727.32,32.042,SLE,-4.53523703,0.000568354,-3.17938054,2.916e-05,4.189259840000002,0.6232746999999996,0.6231617200000001,0.00043298389999999994,-0.0007382899999992532
methanol,318.15,-18.95333714,-14.72905661,731.67,32.042,REF,-5.32429101,9.2419e-05,-3.96572056,4.224280529999998,-18.95333714,-14.72959961,731.67,32.042,SLE,-4.67664806,0.000410462,-3.31816071,2.105e-05,4.223737529999999,0.6476429499999998,0.6475598499999999,0.000318043,-0.0005429999999986279
methanol,318.15,-18.95333714,-14.72905661,731.67,32.042,REF,-5.32429101,9.2419e-05,-3.96572056,4.224280529999998,-18.95333714,-14.72959961,731.67,32.042,SLE,-4.67664806,0.000410462,-3.31816071,2.105e-05,4.223737529999999,0.6476429499999998,0.6475598499999999,0.000318043,-0.0005429999999986279
methanol,313.15,-19.21697271,-14.96438392,736.07,32.042,REF,-5.49119489,6.29317e-05,-4.1300138,4.252588790000001,-19.21697271,-14.96478187,736.07,32.042,SLE,-4.81837822,0.0002962033,-3.45725816,1.519e-05,4.252190840000001,0.6728166700000004,0.6727556400000005,0.00023327159999999997,-0.00039794999999998026
methanol,313.15,-19.21697271,-14.96438392,736.07,32.042,REF,-5.49119489,6.29317e-05,-4.1300138,4.252588790000001,-19.21697271,-14.96478187,736.07,32.042,SLE,-4.81837822,0.0002962033,-3.45725816,1.519e-05,4.252190840000001,0.6728166700000004,0.6727556400000005,0.00023327159999999997,-0.00039794999999998026
methanol,308.15,-19.48199998,-15.20715071,740.51,32.042,REF,-5.65922589,4.27412e-05,-4.29542327,4.274849270000001,-19.48199998,-15.2074413,740.51,32.042,SLE,-4.96040016,0.0002136004,-3.59664231,1.095e-05,4.274558680000002,0.6988257300000003,0.6987809599999997,0.0001708592,-0.00029058999999875823
methanol,308.15,-19.48199998,-15.20715071,740.51,32.042,REF,-5.65922589,4.27412e-05,-4.29542327,4.274849270000001,-19.48199998,-15.2074413,740.51,32.042,SLE,-4.96040016,0.0002136004,-3.59664231,1.095e-05,4.274558680000002,0.6988257300000003,0.6987809599999997,0.0001708592,-0.00029058999999875823
methanol,303.15,-19.74838803,-15.45737895,745.01,32.042,REF,-5.82840168,2.89519e-05,-4.46196575,4.29100908,-19.74838803,-15.4575904,745.01,32.042,SLE,-5.10269755,0.0001539321,-3.73629442,7.89e-06,4.29079763,0.7257041299999996,0.72567133,0.0001249802,-0.00021145000000011294
methanol,303.15,-19.74838803,-15.45737895,745.01,32.042,REF,-5.82840168,2.89519e-05,-4.46196575,4.29100908,-19.74838803,-15.4575904,745.01,32.042,SLE,-5.10269755,0.0001539321,-3.73629442,7.89e-06,4.29079763,0.7257041299999996,0.72567133,0.0001249802,-0.00021145000000011294
methanol,298.15,-20.01610718,-15.7150713,749.56,32.042,REF,-5.9987561,1.95581e-05,-4.62967442,4.301035879999999,-20.01610718,-15.71522463,749.56,32.042,SLE,-5.24526634,0.0001108608,-3.87620866,5.69e-06,4.300882549999999,0.7534897599999999,0.7534657599999997,9.13027e-05,-0.00015332999999984054
methanol,298.15,-20.01610718,-15.7150713,749.56,32.042,REF,-5.9987561,1.95581e-05,-4.62967442,4.301035879999999,-20.01610718,-15.71522463,749.56,32.042,SLE,-5.24526634,0.0001108608,-3.87620866,5.69e-06,4.300882549999999,0.7534897599999999,0.7534657599999997,9.13027e-05,-0.00015332999999984054
methylacetate,403.15,-14.71611476,-15.14071779,840.34,74.0789,REF,-0.86108629,0.5739240675,-0.06315722,-0.4246030300000001,-14.71611476,-14.9668073,840.34,74.0789,SLE,-0.64321138,0.7128779892,0.04384357,0.22739904,-0.2506925399999993,0.21787491000000003,0.10700079,0.13895392169999998,0.1739104900000008
methylacetate,398.15,-14.95115832,-15.4039846,844.8,74.0789,REF,-0.90527872,0.5450751868,-0.08596053,-0.45282628,-14.95115832,-15.22172063,844.8,74.0789,SLE,-0.67746987,0.6917769818,0.03100642,0.21015035,-0.27056231000000075,0.22780884999999995,0.11696694999999999,0.14670179500000002,0.18226396999999928
methylacetate,393.15,-15.18811761,-15.66906563,849.3,74.0789,REF,-0.95065164,0.5155760761,-0.11056163,-0.4809480199999996,-15.18811761,-15.47880932,849.3,74.0789,SLE,-0.71245718,0.6698472316,0.01716658,0.19388438,-0.29069170999999905,0.23819446,0.12772821,0.15427115550000003,0.19025631000000054
methylacetate,388.15,-15.42696862,-15.93583853,853.84,74.0789,REF,-0.99730604,0.485536405,-0.13709042,-0.5088699099999996,-15.42696862,-15.73800525,853.84,74.0789,SLE,-0.74822639,0.6470952998,0.00225081,0.17855565,-0.31103663000000026,0.24907964999999999,0.13934122999999998,0.16155889480000002,0.19783327999999933
methylacetate,383.15,-15.66768595,-16.20418079,858.41,74.0789,REF,-1.04534748,0.4550868707,-0.16568283,-0.5364948399999996,-15.66768595,-15.99921788,858.41,74.0789,SLE,-0.78484536,0.6235287674,-0.01382508,0.16411741,-0.3315319300000006,0.26050211999999995,0.15185775,0.16844189669999998,0.204962909999999
methylacetate,378.15,-15.91024291,-16.47396141,863.01,74.0789,REF,-1.09489126,0.4243761771,-0.19648365,-0.563718500000002,-15.91024291,-16.26238107,863.01,74.0789,SLE,-0.8223707,0.5991743441,-0.03114379,0.15053216,-0.35213816000000087,0.27252056,0.16533986,0.17479816700000006,0.21158034000000114
methylacetate,373.15,-16.15461156,-16.74507011,867.65,74.0789,REF,-1.146046,0.3935804572,-0.2296348,-0.590458550000001,-16.15461156,-16.52742351,867.65,74.0789,SLE,-0.86086436,0.5740689785,-0.04979411,0.13776397,-0.3728119499999991,0.2851816399999999,0.17984069,0.18048852130000004,0.2176466000000019
methylacetate,368.15,-16.40076282,-17.01736676,872.33,74.0789,REF,-1.19894325,0.3628833744,-0.26529458,-0.616603940000001,-16.40076282,-16.79427012,872.33,74.0789,SLE,-0.90039324,0.5482615136,-0.06987086,0.1257786,-0.39350729999999956,0.2985500099999999,0.19542372,0.18537813919999996,0.2230966400000014
methylacetate,363.15,-16.64866657,-17.29071998,877.04,74.0789,REF,-1.25371594,0.3324868887,-0.30362254,-0.642053409999999,-16.64866657,-17.06286883,877.04,74.0789,SLE,-0.94101345,0.5218242659,-0.09146552,0.11454775,-0.4142022599999997,0.31270248999999994,0.21215702,0.1893373772,0.22785114999999934
methylacetate,358.15,-16.89829177,-17.56497205,881.79,74.0789,REF,-1.3105199,0.3025956686,-0.3447947,-0.6666802800000013,-16.89829177,-17.33314851,881.79,74.0789,SLE,-0.98279532,0.4948377296,-0.11467987,0.10404104,-0.43485674000000074,0.32772458000000004,0.23011483,0.19224206100000002,0.2318235400000006
methylacetate,353.15,-17.14960654,-17.83997458,886.58,74.0789,REF,-1.36951352,0.2734243619,-0.38898807,-0.6903680399999992,-17.14960654,-17.60506378,886.58,74.0789,SLE,-1.02579673,0.4674083654,-0.13960973,0.09423305,-0.45545723999999765,0.34371679,0.24937834000000003,0.1939840035,0.23491080000000153
methylacetate,348.15,-17.40257834,-18.11557952,891.41,74.0789,REF,-1.43086365,0.2451883991,-0.43638389,-0.7130011799999991,-17.40257834,-17.87856512,891.41,74.0789,SLE,-1.07008109,0.4396567679,-0.16635464,0.08509791,-0.4759867799999995,0.3607825600000001,0.27002925,0.1944683688,0.23701439999999963
methylacetate,343.15,-17.65717409,-18.39160594,896.27,74.0789,REF,-1.49476746,0.2180885325,-0.4871851,-0.73443185,-17.65717409,-18.15360051,896.27,74.0789,SLE,-1.11571676,0.4117174071,-0.19501723,0.07660961,-0.4964264199999988,0.3790507000000001,0.29216787,0.1936288746,0.23800543000000118
methylacetate,338.15,-17.91336033,-18.66790107,901.17,74.0789,REF,-1.56141534,0.1923214776,-0.54158564,-0.7545407399999995,-17.91336033,-18.43012203,901.17,74.0789,SLE,-1.16277326,0.3837396212,-0.22570006,0.06874272,-0.5167617,0.3986420799999999,0.31588558,0.19141814359999998,0.2377790399999995
methylacetate,333.15,-18.17110338,-18.94428617,906.12,74.0789,REF,-1.63102601,0.168058218,-0.59979886,-0.7731827899999999,-18.17110338,-18.70807139,906.12,74.0789,SLE,-1.21133101,0.3558798681,-0.25851192,0.06147082,-0.5369680099999989,0.41969499999999993,0.34128694000000004,0.1878216501,0.23621478000000096
methylacetate,328.15,-18.43036953,-19.22060156,911.1,74.0789,REF,-1.70381877,0.1454488141,-0.66203369,-0.7902320299999985,-18.43036953,-18.98740556,911.1,74.0789,SLE,-1.26146512,0.3283084936,-0.2935558,0.05476901,-0.557036029999999,0.44235365000000004,0.36847789000000003,0.18285967949999998,0.23319599999999951
methylacetate,323.15,-18.69112519,-19.49671113,916.12,74.0789,REF,-1.78001068,0.1246153081,-0.72849073,-0.8055859400000003,-18.69112519,-19.26805772,916.12,74.0789,SLE,-1.31327158,0.3011918833,-0.33094752,0.04861031,-0.5769325300000006,0.46673909999999985,0.39754321,0.17657657520000003,0.22865340999999972
methylacetate,318.15,-18.95333714,-19.77248827,921.18,74.0789,REF,-1.85982616,0.1056426708,-0.79937005,-0.8191511300000016,-18.95333714,-19.54996682,921.18,74.0789,SLE,-1.3668487,0.2746997603,-0.37080227,0.04296861,-0.596629680000003,0.49297745999999987,0.42856778000000006,0.16905708949999998,0.22252144999999857
methylacetate,313.15,-19.21697271,-20.04785742,926.28,74.0789,REF,-1.9434687,0.0885808555,-0.87484478,-0.8308847099999994,-19.21697271,-19.83305187,926.28,74.0789,SLE,-1.42231541,0.2489925695,-0.41324869,0.03781678,-0.6160791599999982,0.52115329,0.46159609,0.160411714,0.21480555000000123
methylacetate,308.15,-19.48199998,-20.32278567,931.42,74.0789,REF,-2.0311253,0.0734388146,-0.9550643,-0.840785689999997,-19.48199998,-20.1172344,931.42,74.0789,SLE,-1.47979714,0.2242254881,-0.45841809,0.03312858,-0.6352344199999997,0.5513281599999997,0.49664621,0.15078667350000002,0.2055512699999973
methylacetate,303.15,-19.74838803,-20.59728484,936.6,74.0789,REF,-2.12296376,0.060183714,-1.04015163,-0.8488968099999994,-19.74838803,-20.40242579,936.6,74.0789,SLE,-1.53943569,0.2005405541,-0.50645251,0.02887781,-0.6540377599999978,0.5835280700000003,0.53369912,0.1403568401,0.1948590500000016
methylacetate,298.15,-20.01610718,-20.87142154,941.83,74.0789,REF,-2.2191239,0.0487437653,-1.13019569,-0.8553143600000013,-20.01610718,-20.68853172,941.83,74.0789,SLE,-1.60138743,0.1780648167,-0.55750369,0.02503875,-0.6724245400000015,0.6177364700000001,0.5726920000000001,0.1293210514,0.18288981999999976
butanone,403.15,-14.71611476,-15.1903843,716.5,72.1061,REF,-0.83416233,0.5979981293,-0.0758269,-0.4742695399999999,-14.71611476,-14.99567638,716.5,72.1061,SLE,-0.62756838,0.7277560404,0.03117739,0.2357391,-0.27956162000000084,0.20659394999999992,0.10700429,0.1297579111,0.19470791999999904
butanone,398.15,-14.95115832,-15.45957317,720.38,72.1061,REF,-0.87476601,0.5716125004,-0.09747464,-0.5084148500000012,-14.95115832,-15.25452074,720.38,72.1061,SLE,-0.65947362,0.708516509,0.01845666,0.21904149,-0.3033624200000009,0.21529239,0.1159313,0.13690400859999996,0.20505243000000029
butanone,393.15,-15.18811761,-15.73096812,724.29,72.1061,REF,-0.91624108,0.5446326742,-0.12056224,-0.5428505099999992,-15.18811761,-15.51589392,724.29,72.1061,SLE,-0.69185142,0.6886226187,0.00492626,0.20330525,-0.32777630999999907,0.22438966000000005,0.1254885,0.1439899444999999,0.2150742000000001
butanone,388.15,-15.42696862,-16.00440844,728.23,72.1061,REF,-0.95869816,0.5171119964,-0.14519931,-0.5774398199999986,-15.42696862,-15.77973336,728.23,72.1061,SLE,-0.72474182,0.6680799239,-0.00946091,0.18847692,-0.3527647399999996,0.23395633999999998,0.1357384,0.1509679275,0.22467507999999903
butanone,383.15,-15.66768595,-16.27975858,732.2,72.1061,REF,-1.00223854,0.4891269075,-0.17149407,-0.6120726300000001,-15.66768595,-16.04596009,732.2,72.1061,SLE,-0.75819556,0.6468933851,-0.02475941,0.17450362,-0.37827414000000203,0.24404298000000002,0.14673466,0.15776647760000007,0.23379848999999808
butanone,378.15,-15.91024291,-16.55685757,736.21,72.1061,REF,-1.0469828,0.4607598508,-0.19957132,-0.6466146599999991,-15.91024291,-16.31449821,736.21,72.1061,SLE,-0.79226353,0.6250746396,-0.0410263,0.16133793,-0.4042553000000009,0.25471927000000005,0.15854501999999998,0.1643147888,0.24235935999999825
butanone,373.15,-16.15461156,-16.83556329,740.26,72.1061,REF,-1.09304618,0.4321162742,-0.22955636,-0.6809517300000003,-16.15461156,-16.58527083,740.26,72.1061,SLE,-0.82699919,0.6026414202,-0.0583224,0.14893639,-0.4306592699999996,0.26604699,0.17123396,0.17052514600000002,0.2502924600000007
butanone,368.15,-16.40076282,-17.11570372,744.34,72.1061,REF,-1.14056731,0.4033074794,-0.2615944,-0.7149408999999984,-16.40076282,-16.85820545,744.34,72.1061,SLE,-0.86245566,0.5796204118,-0.07671056,0.13726011,-0.4574426299999992,0.27811165000000004,0.18488384000000002,0.1763129324,0.25749826999999925
butanone,363.15,-16.64866657,-17.39708017,748.46,72.1061,REF,-1.18970782,0.3744525447,-0.29585185,-0.7484135999999992,-16.64866657,-17.13321072,748.46,72.1061,SLE,-0.89869971,0.5560391277,-0.09626396,0.12627003,-0.4845441500000014,0.29100810999999993,0.19958789000000005,0.18158658299999997,0.26386944999999784
butanone,358.15,-16.89829177,-17.67950938,752.61,72.1061,REF,-1.24062845,0.3456933655,-0.33249892,-0.7812176099999988,-16.89829177,-17.41021222,752.61,72.1061,SLE,-0.93579093,0.5319403598,-0.11705404,0.11593353,-0.5119204499999981,0.30483752,0.21544487999999998,0.18624699429999997,0.2692971600000007
butanone,353.15,-17.14960654,-17.96281172,756.81,72.1061,REF,-1.29349622,0.3171891607,-0.37171384,-0.8132051800000006,-17.14960654,-17.68911724,756.81,72.1061,SLE,-0.97380313,0.5073692976,-0.13916334,0.10621769,-0.539510700000001,0.31969309,0.23255050000000002,0.19018013690000007,0.27369447999999963
butanone,348.15,-17.40257834,-18.24674702,761.04,72.1061,REF,-1.34852537,0.2890941107,-0.41371532,-0.8441686799999992,-17.40257834,-17.96983282,761.04,72.1061,SLE,-1.01281412,0.4823811464,-0.16267967,0.09709254,-0.567254479999999,0.3357112499999999,0.25103565,0.1932870357,0.2769142000000002
butanone,343.15,-17.65717409,-18.53113125,765.3,72.1061,REF,-1.40590651,0.2615933318,-0.45870626,-0.8739571599999998,-17.65717409,-18.25225764,765.3,72.1061,SLE,-1.05291121,0.4570385505,-0.18769988,0.08852966,-0.5950835499999982,0.3529953000000001,0.27100638,0.19544521869999998,0.27887361000000155
butanone,338.15,-17.91336033,-18.81571218,769.61,72.1061,REF,-1.46588537,0.234860003,-0.50693677,-0.9023518499999987,-17.91336033,-18.53630224,769.61,72.1061,SLE,-1.09417902,0.431420192,-0.21432158,0.08050465,-0.6229419100000015,0.3717063500000002,0.29261519,0.19656018899999997,0.2794099399999972
butanone,333.15,-18.17110338,-19.10027417,773.95,72.1061,REF,-1.52869828,0.2090833876,-0.55865096,-0.929170789999997,-18.17110338,-18.82184987,773.95,72.1061,SLE,-1.136725,0.4056055186,-0.24266092,0.07299195,-0.6507464899999995,0.39197328,0.31599004,0.196522131,0.2784242999999975
butanone,328.15,-18.43036953,-19.38459516,778.34,72.1061,REF,-1.59460021,0.1844491953,-0.61410874,-0.9542256299999998,-18.43036953,-19.10879441,778.34,72.1061,SLE,-1.1806561,0.379690061,-0.27283666,0.06596961,-0.6784248800000015,0.4139441100000001,0.34127208000000003,0.19524086570000002,0.2758007499999984
butanone,323.15,-18.69112519,-19.66846945,782.76,72.1061,REF,-1.66385096,0.1611380761,-0.67357278,-0.9773442599999989,-18.69112519,-19.39701819,782.76,72.1061,SLE,-1.22609377,0.353776596,-0.30498085,0.05941639,-0.7058929999999997,0.4377571899999999,0.36859192999999996,0.1926385199,0.2714512599999992
butanone,318.15,-18.95333714,-19.9516902,787.23,72.1061,REF,-1.73672768,0.139313014,-0.73731829,-0.998353060000003,-18.95333714,-19.68638831,787.23,72.1061,SLE,-1.27317787,0.3279736681,-0.33924239,0.05331165,-0.7330511700000031,0.46354980999999995,0.39807590000000004,0.1886606541,0.26530188999999993
butanone,313.15,-19.21697271,-20.23409753,791.73,72.1061,REF,-1.81349282,0.1191202834,-0.80560267,-1.0171248199999994,-19.21697271,-19.97677596,791.73,72.1061,SLE,-1.32205473,0.3024024646,-0.37577812,0.04763709,-0.7598032500000009,0.49143808999999994,0.42982454999999997,0.18328218119999998,0.25732156999999845
butanone,308.15,-19.48199998,-20.51555143,796.28,72.1061,REF,-1.89441234,0.1006737788,-0.87868026,-1.0335514499999974,-19.48199998,-20.26803343,796.28,72.1061,SLE,-1.37289416,0.2771874096,-0.41476626,0.04237462,-0.7860334499999979,0.5215181799999999,0.463914,0.1765136308,0.24751799999999946
butanone,303.15,-19.74838803,-20.79597683,800.87,72.1061,REF,-1.97972362,0.0840539969,-0.95677124,-1.0475887999999998,-19.74838803,-20.56002713,800.87,72.1061,SLE,-1.42586773,0.2524664828,-0.45638899,0.03750872,-0.8116391000000007,0.5538558899999999,0.50038225,0.16841248590000002,0.23594969999999904
butanone,298.15,-20.01610718,-21.07535241,805.5,72.1061,REF,-2.06964148,0.0692982087,-1.04006579,-1.059245230000002,-20.01610718,-20.85259066,805.5,72.1061,SLE,-1.48118354,0.2283732305,-0.50086092,0.033023,-0.8364834800000018,0.5884579400000001,0.5392048700000001,0.1590750218,0.2227617500000001
ch2cl2,403.15,-14.71611476,-15.20608972,1167.19,84.9331,REF,-0.8256485,0.5637545744,-0.00807226,-0.4899749599999996,-14.71611476,-15.00565215,1167.19,84.9331,SLE,-0.62216292,0.6975925546,0.07750378,0.23869157,-0.28953738999999956,0.20348558000000005,0.08557603999999999,0.13383798020000004,0.20043757000000006
ch2cl2,398.15,-14.95115832,-15.47490718,1173.38,84.9331,REF,-0.86634914,0.5367105146,-0.02580834,-0.5237488600000013,-14.95115832,-15.26464864,1173.38,84.9331,SLE,-0.6539168,0.6771879934,0.06783657,0.22186214,-0.31349032000000143,0.21243234,0.09364491,0.14047747880000006,0.21025853999999988
ch2cl2,393.15,-15.18811761,-15.74555072,1179.62,84.9331,REF,-0.90813485,0.5091368338,-0.04505943,-0.5574331099999998,-15.18811761,-15.52600296,1179.62,84.9331,SLE,-0.6862344,0.6561591135,0.05740082,0.2059518,-0.33788534999999875,0.22190045000000003,0.10246025,0.14702227970000004,0.2195477600000011
ch2cl2,388.15,-15.42696862,-16.01778602,1185.9,84.9331,REF,-0.951166,0.4810734739,-0.06598811,-0.5908173999999988,-15.42696862,-15.78960832,1185.9,84.9331,SLE,-0.71918419,0.6345024592,0.04612961,0.19090434,-0.362639699999999,0.23198180999999995,0.11211772,0.15342898530000004,0.22817769999999982
ch2cl2,383.15,-15.66768595,-16.29140895,1192.22,84.9331,REF,-0.99559327,0.452588469,-0.08876384,-0.6237230000000018,-15.66768595,-16.05535941,1192.22,84.9331,SLE,-0.7528366,0.6122202173,0.03395003,0.17667024,-0.387673460000002,0.24275667,0.12271387,0.1596317483,0.23604953999999978
ch2cl2,378.15,-15.91024291,-16.56618478,1198.59,84.9331,REF,-1.04159229,0.423758201,-0.11358187,-0.6559418700000013,-15.91024291,-16.32314238,1198.59,84.9331,SLE,-0.78726994,0.5893175533,0.02078027,0.16320372,-0.41289947000000105,0.25432235000000014,0.13436214,0.16555935230000002,0.2430424000000002
ch2cl2,373.15,-16.15461156,-16.84190097,1205.01,84.9331,REF,-1.08933434,0.3946886305,-0.14064723,-0.6872894100000018,-16.15461156,-16.59281968,1205.01,84.9331,SLE,-0.82257992,0.5657976614,0.00652424,0.15045966,-0.4382081200000023,0.26675441999999994,0.14717147,0.17110903089999996,0.24908128999999946
ch2cl2,368.15,-16.40076282,-17.11827148,1211.47,84.9331,REF,-1.139043,0.3654832668,-0.1702097,-0.71750866,-16.40076282,-16.86427904,1211.47,84.9331,SLE,-0.85885175,0.5416819614,-0.00891637,0.13840387,-0.4635162199999989,0.28019125,0.16129332999999998,0.17619869460000004,0.2539924400000011
ch2cl2,363.15,-16.64866657,-17.39504135,1217.98,84.9331,REF,-1.1909348,0.3362821135,-0.20252872,-0.74637478,-16.64866657,-17.13737695,1217.98,84.9331,SLE,-0.89619354,0.5169897188,-0.02565822,0.1270008,-0.48871038000000055,0.29474126,0.17687049999999999,0.18070760530000002,0.25766439999999946
ch2cl2,358.15,-16.89829177,-17.67195042,1224.53,84.9331,REF,-1.24524097,0.3072487925,-0.23788555,-0.7736586500000016,-16.89829177,-17.41197064,1224.53,84.9331,SLE,-0.93471839,0.4917519963,-0.04382906,0.1162202,-0.5136788699999997,0.31052258,0.19405649,0.18450320380000002,0.2599797800000019
ch2cl2,353.15,-17.14960654,-17.94869402,1231.13,84.9331,REF,-1.3022329,0.2785575246,-0.27660092,-0.7990874800000007,-17.14960654,-17.68791611,1231.13,84.9331,SLE,-0.97454612,0.4660127011,-0.06356899,0.10603613,-0.5383095699999991,0.32768677999999996,0.21303192999999998,0.1874551765,0.2607779100000016
ch2cl2,348.15,-17.40257834,-18.22500769,1237.78,84.9331,REF,-1.36217188,0.2504178365,-0.3189987,-0.8224293500000002,-17.40257834,-17.96504884,1237.78,84.9331,SLE,-1.01581588,0.4398227567,-0.08503827,0.09642377,-0.5624704999999999,0.3463560000000001,0.23396043000000002,0.1894049202,0.2599588500000003
ch2cl2,343.15,-17.65717409,-18.50059273,1244.47,84.9331,REF,-1.4253559,0.2230464128,-0.36543698,-0.8434186399999994,-17.65717409,-18.24321647,1244.47,84.9331,SLE,-1.05866686,0.4132548874,-0.10840729,0.08736413,-0.5860423799999985,0.36668904,0.25702969000000003,0.19020847459999998,0.2573762600000009
ch2cl2,338.15,-17.91336033,-18.77519155,1251.22,84.9331,REF,-1.49207376,0.1966815497,-0.41627081,-0.8618312199999991,-17.91336033,-18.52224315,1251.22,84.9331,SLE,-1.10326144,0.3863912371,-0.13387046,0.07883854,-0.6088828200000016,0.38881232,0.28240034999999997,0.1897096874,0.2529483999999975
ch2cl2,333.15,-18.17110338,-19.04856919,1258.01,84.9331,REF,-1.56261661,0.1715654718,-0.47185527,-0.8774658099999968,-18.17110338,-18.80195418,1258.01,84.9331,SLE,-1.14977087,0.3593346028,-0.16163855,0.07083194,-0.6308507999999975,0.41284574000000007,0.31021672,0.187769131,0.2466150099999993
ch2cl2,328.15,-18.43036953,-19.32051374,1264.85,84.9331,REF,-1.63727797,0.1479308207,-0.53254035,-0.890144209999999,-18.43036953,-19.08217894,1264.85,84.9331,SLE,-1.19837412,0.3322102592,-0.19193758,0.06333239,-0.6518094099999985,0.43890385,0.34060277,0.18427943850000003,0.2383348000000005
ch2cl2,323.15,-18.69112519,-19.59088406,1271.74,84.9331,REF,-1.71632177,0.1259946657,-0.5986381,-0.8997588699999994,-18.69112519,-19.36273484,1271.74,84.9331,SLE,-1.24926946,0.305159983,-0.22501618,0.05632881,-0.6716096500000006,0.4670523099999999,0.37362191999999994,0.17916531730000002,0.22814921999999882
ch2cl2,318.15,-18.95333714,-19.85959503,1278.68,84.9331,REF,-1.79999025,0.1059373277,-0.67042252,-0.9062578900000027,-18.95333714,-19.64344828,1278.68,84.9331,SLE,-1.3026617,0.2783487451,-0.26113633,0.0498125,-0.6901111400000026,0.49732855,0.40928619,0.17241141740000002,0.21614675000000005
ch2cl2,313.15,-19.21697271,-20.12666281,1285.67,84.9331,REF,-1.88847088,0.0878938618,-0.74809466,-0.9096900999999988,-19.21697271,-19.92414748,1285.67,84.9331,SLE,-1.3587679,0.2519593112,-0.30057573,0.0437756,-0.7071747699999982,0.5297029800000002,0.44751893000000004,0.16406544939999998,0.20251533000000066
ch2cl2,308.15,-19.48199998,-20.39217785,1292.71,84.9331,REF,-1.98191111,0.0719367479,-0.83179143,-0.9101778699999983,-19.48199998,-20.20467078,1292.71,84.9331,SLE,-1.41781259,0.226190569,-0.34362231,0.03821091,-0.7226707999999995,0.5640985199999999,0.48816912,0.15425382110000002,0.18750706999999878
ch2cl2,303.15,-19.74838803,-20.65632125,1299.8,84.9331,REF,-2.08040349,0.0580725507,-0.92157084,-0.9079332200000003,-19.74838803,-20.48487068,1299.8,84.9331,SLE,-1.48002567,0.2012520998,-0.39056975,0.03311115,-0.7364826499999992,0.6003778200000001,0.53100109,0.1431795491,0.17145057000000108
ch2cl2,298.15,-20.01610718,-20.91936322,1306.94,84.9331,REF,-2.18398239,0.0462424695,-1.0174099,-0.9032560400000023,-20.01610718,-20.76463207,1306.94,84.9331,SLE,-1.54562968,0.1773602215,-0.44170358,0.02846888,-0.7485248900000023,0.6383527100000002,0.5757063200000001,0.131117752,0.15473114999999993
propyleneglycol,403.15,-14.71611476,-10.79110841,888.71,76.0948,REF,-3.21898714,0.0049383305,-2.15316936,3.9250063500000003,-14.71611476,-10.81381822,888.71,76.0948,SLE,-2.89354857,0.0103973457,-1.82949393,0.00127777,3.90229654,0.32543856999999976,0.3236754300000002,0.005459015199999999,-0.022709810000000274
propyleneglycol,398.15,-14.95115832,-10.9432206,893.29,76.0948,REF,-3.35380333,0.0036246569,-2.28532892,4.007937719999999,-14.95115832,-10.96111637,893.29,76.0948,SLE,-3.01511159,0.0078764177,-1.94800812,0.0009658,3.99004195,0.3386917399999998,0.3373208000000001,0.0042517608000000005,-0.01789576999999909
propyleneglycol,393.15,-15.18811761,-11.09956306,897.9,76.0948,REF,-3.49076204,0.0026465632,-2.41973882,4.088554550000001,-15.18811761,-11.11360794,897.9,76.0948,SLE,-3.13794712,0.0059461238,-2.06798656,0.00072787,4.074509670000001,0.3528149199999997,0.35175226000000004,0.0032995605999999998,-0.014044880000000148
propyleneglycol,388.15,-15.42696862,-11.26002356,902.53,76.0948,REF,-3.62999573,0.0019218768,-2.55650495,4.16694506,-15.42696862,-11.27099493,902.53,76.0948,SLE,-3.2622586,0.0044718512,-2.18958842,0.00054669,4.15597369,0.3677371300000001,0.3669165299999997,0.0025499744,-0.010971370000000036
propyleneglycol,383.15,-15.66768595,-11.42456486,907.19,76.0948,REF,-3.77160023,0.0013877941,-2.6957029,4.243121089999999,-15.66768595,-11.43309076,907.19,76.0948,SLE,-3.38819584,0.0033494975,-2.31292949,0.00040908,4.2345951899999985,0.3834043900000004,0.38277341,0.0019617034,-0.00852590000000042
propyleneglycol,378.15,-15.91024291,-11.59320915,911.87,76.0948,REF,-3.91564132,0.0009963993,-2.83738305,4.317033759999999,-15.91024291,-11.5997989,911.87,76.0948,SLE,-3.5158638,0.0024982576,-2.43808846,0.00030489,4.310444009999999,0.3997775200000002,0.3992945900000002,0.0015018583000000001,-0.006589749999999839
propyleneglycol,373.15,-16.15461156,-11.76602549,916.58,76.0948,REF,-4.06216013,0.0007112519,-2.98157488,4.388586069999999,-16.15461156,-11.77109015,916.58,76.0948,SLE,-3.64533288,0.0018552986,-2.56511547,0.00022629,4.38352141,0.4168272499999994,0.4164594100000003,0.0011440467,-0.005064659999998611
propyleneglycol,368.15,-16.40076282,-11.94311975,921.31,76.0948,REF,-4.21117752,0.0005047599,-3.12829043,4.457643070000001,-16.40076282,-11.94698968,921.31,76.0948,SLE,-3.77664445,0.0013717878,-2.69403615,0.00016725,4.453773140000001,0.43453306999999963,0.43425427999999977,0.0008670279,-0.0038699300000004655
propyleneglycol,363.15,-16.64866657,-12.12462545,926.06,76.0948,REF,-4.36269821,0.0003561401,-3.27752782,4.52404112,-16.64866657,-12.12756503,926.06,76.0948,SLE,-3.90981601,0.0010098423,-2.82485584,0.00012308,4.52110154,0.45288219999999946,0.45267197999999986,0.0006537022,-0.0029395799999996086
propyleneglycol,358.15,-16.89829177,-12.31069672,930.84,76.0948,REF,-4.51671404,0.0002498306,-3.42927394,4.587595050000001,-16.89829177,-12.31291665,930.84,76.0948,SLE,-4.04484543,0.0007401625,-2.95756306,9.019e-05,4.58537512,0.47186861000000047,0.47171087999999983,0.0004903319,-0.0022199300000007582
propyleneglycol,353.15,-17.14960654,-12.50150178,935.64,76.0948,REF,-4.67320718,0.0001742534,-3.58350732,4.648104760000001,-17.14960654,-12.50316841,935.64,76.0948,SLE,-4.18171545,0.0005401736,-3.09213335,6.581e-05,4.64643813,0.4914917300000008,0.4913739699999997,0.0003659202,-0.0016666300000007794
propyleneglycol,348.15,-17.40257834,-12.6972173,940.47,76.0948,REF,-4.83215301,0.0001208525,-3.74020067,4.705361040000001,-17.40257834,-12.69846128,940.47,76.0948,SLE,-4.32039674,0.0003925621,-3.22853186,4.782e-05,4.7041170600000015,0.5117562700000002,0.5116688100000002,0.00027170959999999996,-0.0012439799999999224
propyleneglycol,343.15,-17.65717409,-12.89802356,945.33,76.0948,REF,-4.99352288,8.3349e-05,-3.89932336,4.759150530000001,-17.65717409,-12.89894683,945.33,76.0948,SLE,-4.46085112,0.0002841158,-3.36671626,3.461e-05,4.758227260000002,0.5326717600000004,0.5326070999999999,0.00020076679999999998,-0.0009232699999994765
propyleneglycol,338.15,-17.91336033,-13.10410014,950.2,76.0948,REF,-5.15728662,5.71671e-05,-4.06084384,4.80926019,-17.91336033,-13.10478153,950.2,76.0948,SLE,-4.60303483,0.0002048057,-3.50663961,2.494e-05,4.808578799999999,0.5542517899999995,0.5542042300000003,0.0001476386,-0.000681390000000448
propyleneglycol,333.15,-18.17110338,-13.31562217,955.1,76.0948,REF,-5.32341504,3.89964e-05,-4.2247319,4.855481210000002,-18.17110338,-13.31612227,955.1,76.0948,SLE,-4.74690102,0.0001470611,-3.64825271,1.791e-05,4.854981110000002,0.5765140200000003,0.5764791900000001,0.0001080647,-0.0005001000000000033
propyleneglycol,328.15,-18.43036953,-13.53275695,960.03,76.0948,REF,-5.49188235,2.64583e-05,-4.39096106,4.8976125800000005,-18.43036953,-13.53312203,960.03,76.0948,SLE,-4.89240263,0.0001051991,-3.79150673,1.281e-05,4.897247500000001,0.5994797199999997,0.5994543300000004,7.87408e-05,-0.0003650799999999066
propyleneglycol,323.15,-18.69112519,-13.75566124,964.98,76.0948,REF,-5.6626684,1.78558e-05,-4.5595107,4.935463950000001,-18.69112519,-13.75592636,964.98,76.0948,SLE,-5.03949483,7.49776e-05,-3.93635556,9.13e-06,4.935198830000001,0.6231735700000005,0.6231551399999997,5.71218e-05,-0.00026511999999989655
propyleneglycol,318.15,-18.95333714,-13.98447867,969.95,76.0948,REF,-5.83576103,1.19864e-05,-4.73036833,4.968858469999999,-18.95333714,-13.98467019,969.95,76.0948,SLE,-5.1881375,5.32472e-05,-4.08275812,6.48e-06,4.968666949999999,0.6476235299999997,0.6476102099999999,4.12608e-05,-0.0001915199999995565
propyleneglycol,313.15,-19.21697271,-14.21933766,974.95,76.0948,REF,-6.01115828,8.003751e-06,-4.90353179,4.9976350499999995,-19.21697271,-14.21947533,974.95,76.0948,SLE,-5.33829757,3.76828e-05,-4.23068067,4.59e-06,4.99749738,0.6728607100000001,0.6728511199999998,2.9679049e-05,-0.00013766999999909046
