Solvent,Temperature_K,mu_self_REF,mu_solv_REF,Solvent_density_REF,Solvent_MolWeight_REF,Method_REF,log10_x_REF,w_REF,log10_S_REF,delta_mu_REF,mu_self_SLE,mu_solv_SLE,Solvent_density_SLE,Solvent_MolWeight_SLE,Method_SLE,log10_x_SLE,w_SLE,log10_S_SLE,x,delta_mu_SLE,error_log10_x,error_log10_S,error_w,error_delta_mu
propanol,403.15,4.12814181,3.92957247,700.0,60.0953,REF,-1.02290136,0.2883370867,-0.01766001,-0.1985693399999997,4.12814181,4.08897184,700.0,60.0953,SLE,-0.3377696,0.7666665527,0.4902981,0.45944169,-0.039169969999999665,0.6851317600000001,0.50795811,0.4783294659999999,0.15939937000000004
propanol,398.15,3.9249904,3.70856952,703.8,60.0953,REF,-1.14652362,0.2290370829,-0.12463259,-0.21642087999999982,3.9249904,3.87839531,703.8,60.0953,SLE,-0.37569541,0.7376120201,0.47019393,0.42102181,-0.04659508999999984,0.7708282099999999,0.59482652,0.5085749372,0.16982578999999998
propanol,393.15,3.71738099,3.48658528,707.63,60.0953,REF,-1.27522292,0.1780500839,-0.23949318,-0.2307957100000002,3.71738099,3.66297493,707.63,60.0953,SLE,-0.41442393,0.707697362,0.44881137,0.38510227,-0.054406060000000256,0.86079899,0.68830455,0.5296472781,0.17638964999999995
propanol,388.15,3.50516833,3.26338952,711.49,60.0953,REF,-1.40914764,0.1355506422,-0.36200168,-0.24177881,3.50516833,3.44263338,711.49,60.0953,SLE,-0.45402743,0.6769716575,0.42607027,0.35153824,-0.06253494999999987,0.95512021,0.78807195,0.5414210153,0.17924386000000014
propanol,383.15,3.28820878,3.03855495,715.38,60.0953,REF,-1.54834053,0.101168124,-0.49181657,-0.2496538300000002,3.28820878,3.21729736,715.38,60.0953,SLE,-0.49458344,0.6454972678,0.40188477,0.32019649,-0.07091142000000028,1.05375709,0.89370134,0.5443291438000001,0.1787424099999999
propanol,378.15,3.06636144,2.81152836,719.31,60.0953,REF,-1.69277229,0.0741184195,-0.62854266,-0.25483308000000005,3.06636144,2.98689815,719.31,60.0953,SLE,-0.53617476,0.613351371,0.3761632,0.29095461,-0.07946329000000008,1.15659753,1.00470586,0.5392329515000001,0.17536978999999997
propanol,373.15,2.83948933,2.58170748,723.28,60.0953,REF,-1.842381,0.0533737425,-0.77178399,-0.2577818500000002,2.83948933,2.7513676,723.28,60.0953,SLE,-0.57888678,0.5806294806,0.34881003,0.26370188,-0.08812173000000012,1.2634942200000001,1.12059402,0.5272557380999999,0.16966012000000008
propanol,368.15,2.6074606,2.34849845,727.28,60.0953,REF,-1.99710334,0.0378256383,-0.9211847,-0.2589621499999999,2.6074606,2.51064339,727.28,60.0953,SLE,-0.62281003,0.547444527,0.31972431,0.23833617,-0.09681721000000021,1.37429331,1.24090901,0.5096188887,0.16214493999999968
propanol,363.15,2.37014979,2.11135761,731.31,60.0953,REF,-2.15689883,0.0264092445,-1.07645774,-0.2587921799999999,2.37014979,2.26467423,731.31,60.0953,SLE,-0.66804292,0.5139255013,0.28879783,0.21476182,-0.10547556000000036,1.4888559099999998,1.36525557,0.48751625680000005,0.15331661999999957
propanol,358.15,2.12743908,1.86981089,735.38,60.0953,REF,-2.32176257,0.0181796829,-1.23739733,-0.2576281899999999,2.12743908,2.01340685,735.38,60.0953,SLE,-0.71468353,0.4802236433,0.25592137,0.192893,-0.11403222999999985,1.6070790400000003,1.4933187,0.4620439604,0.14359596000000008
propanol,353.15,1.87921951,1.62346066,739.49,60.0953,REF,-2.49173119,0.0123457485,-1.40388125,-0.25575884999999987,1.87921951,1.7567986,739.49,60.0953,SLE,-0.76283668,0.4465063713,0.22097997,0.1726487,-0.12242091,1.72889451,1.6248612199999999,0.4341606228,0.13333793999999988
propanol,348.15,1.62539208,1.37198269,743.63,60.0953,REF,-2.66688326,0.0082734481,-1.57586544,-0.25340938999999985,1.62539208,1.494815,743.63,60.0953,SLE,-0.81261208,0.4129570722,0.18385462,0.15395292,-0.1305770799999999,1.85427118,1.75972006,0.4046836241,0.12283230999999994
propanol,343.15,1.3658688,1.11511852,747.82,60.0953,REF,-2.84733677,0.0054719184,-1.7533754,-0.2507502800000001,1.3658688,1.22742824,747.82,60.0953,SLE,-0.86412311,0.3797733003,0.14442373,0.13673412,-0.13844056000000005,1.98321366,1.89779913,0.3743013819,0.11230972000000006
propanol,338.15,1.10057361,0.85266592,752.04,60.0953,REF,-3.03324536,0.003571453,-1.93649618,-0.24790769000000012,1.10057361,0.95461688,752.04,60.0953,SLE,-0.91748621,0.3471632768,0.10256417,0.12092436,-0.1459567300000001,2.11575915,2.03906035,0.3435918238,0.10195096000000003
propanol,333.15,0.82944309,0.58447001,756.29,60.0953,REF,-3.22479463,0.0022998841,-2.12536345,-0.24497308000000007,0.82944309,0.67636897,756.29,60.0953,SLE,-0.97282269,0.315339887,0.05815031,0.10645776,-0.1530741200000001,2.25197194,2.18351376,0.3130400029,0.09189895999999997
propanol,328.15,0.55242703,0.31041521,760.59,60.0953,REF,-3.42219891,0.0014607376,-2.3201557,-0.24201182000000004,0.55242703,0.39267673,760.59,60.0953,SLE,-1.03025511,0.2845169823,0.01105765,0.09327063,-0.15975030000000007,2.3919438,2.33121335,0.2830562447,0.08226151999999998
propanol,323.15,0.26948871,0.03041856,764.92,60.0953,REF,-3.62569869,0.0009146362,-2.5210881,-0.23907015,0.26948871,0.10354213,764.92,60.0953,SLE,-1.08991087,0.2549007322,-0.03883975,0.08129973,-0.16594658,2.5357878200000004,2.48224835,0.253986096,0.07312357
propanol,318.15,-0.01939498,-0.25557574,769.3,60.0953,REF,-3.83555891,0.0005642883,-2.72840789,-0.23618076,-0.01939498,-0.19103053,769.3,60.0953,SLE,-1.15191738,0.2266851847,-0.09166461,0.07048271,-0.17163555,2.68364153,2.63674328,0.2261208964,0.06454520999999999
propanol,313.15,-0.31423366,-0.54760072,773.71,60.0953,REF,-4.05206788,0.0003428178,-2.94239126,-0.23336706000000002,-0.31423366,-0.49103187,773.71,60.0953,SLE,-1.21640399,0.2000440919,-0.1475377,0.06075696,-0.17679820999999996,2.83566389,2.79485356,0.1997012741,0.05656885000000006
propanol,308.15,-0.6150239,-0.8456703,778.17,60.0953,REF,-4.27553697,0.0002049457,-3.16334131,-0.23064640000000003,-0.6150239,-0.79644857,778.17,60.0953,SLE,-1.28350151,0.1751246617,-0.20657718,0.05205932,-0.18142467000000007,2.9920354600000003,2.95676413,0.174919716,0.049221729999999964
propanol,303.15,-0.92174984,-1.14978233,782.67,60.0953,REF,-4.50630066,0.0001204765,-3.39158698,-0.22803249000000003,-0.92174984,-1.10726673,782.67,60.0953,SLE,-1.35334022,0.1520427396,-0.26889668,0.04432613,-0.18551689000000005,3.15296044,3.1226903,0.1519222631,0.04251559999999999
propanol,298.15,-1.23438398,-1.45992122,787.21,60.0953,REF,-4.74471723,6.95828e-05,-3.62748291,-0.22553723999999997,-1.23438398,-1.42346842,787.21,60.0953,SLE,-1.42605293,0.1308776874,-0.33460816,0.03749273,-0.18908444000000002,3.3186643,3.2928747499999997,0.1308081046,0.03645279999999995
2-propanol,403.15,4.12814181,3.93302143,692.67,60.0953,REF,-1.02477102,0.2873623123,-0.02288732,-0.19512037999999965,4.12814181,4.08956005,692.67,60.0953,SLE,-0.33808832,0.7664236689,0.48867979,0.45910463,-0.038581759999999576,0.6866827,0.51156711,0.47906135660000004,0.15653862000000007
2-propanol,398.15,3.9249904,3.71220489,696.44,60.0953,REF,-1.14851908,0.2281647277,-0.130239,-0.2127855099999998,3.9249904,3.87908149,696.44,60.0953,SLE,-0.37607189,0.7373222248,0.46837851,0.42065699,-0.04590891000000008,0.7724471900000001,0.59861751,0.5091574971,0.1668765999999997
2-propanol,393.15,3.71738099,3.4902621,700.23,60.0953,REF,-1.27726681,0.1773240028,-0.2453658,-0.2271188900000003,3.71738099,3.66375534,700.23,60.0953,SLE,-0.41485756,0.7073614496,0.44679676,0.38471794,-0.0536256500000003,0.86240925,0.69216256,0.5300374468,0.17349324
2-propanol,388.15,3.50516833,3.26695607,704.06,60.0953,REF,-1.41115576,0.134987896,-0.36801884,-0.23821226000000006,3.50516833,3.4434989,704.06,60.0953,SLE,-0.45451454,0.6765934128,0.42385689,0.35114417,-0.06166943000000025,0.95664122,0.79187573,0.5416055168,0.17654282999999982
2-propanol,383.15,3.28820878,3.04186278,707.93,60.0953,REF,-1.55022729,0.1007623194,-0.49785597,-0.24634599999999995,3.28820878,3.21823241,707.93,60.0953,SLE,-0.49511655,0.6450840713,0.39947631,0.31980367,-0.06997637000000001,1.05511074,0.89733228,0.5443217519,0.17636962999999994
2-propanol,378.15,3.06636144,2.81443984,711.82,60.0953,REF,-1.69445493,0.0738474992,-0.63448797,-0.2519216000000002,3.06636144,2.98788123,711.82,60.0953,SLE,-0.53674267,0.6129140295,0.37356696,0.29057439,-0.07848020999999994,1.15771226,1.0080549300000001,0.5390665303,0.17344139000000025
2-propanol,373.15,2.83948933,2.58409934,715.76,60.0953,REF,-1.84378186,0.0532086376,-0.77752858,-0.2553899900000003,2.83948933,2.75236654,715.76,60.0953,SLE,-0.57947158,0.5801842067,0.34603931,0.26334702,-0.08712279,1.2643102800000001,1.12356789,0.5269755691,0.16826720000000028
2-propanol,368.15,2.6074606,2.35026226,719.73,60.0953,REF,-1.99815039,0.0377371015,-0.92663279,-0.25719833999999997,2.6074606,2.51161781,719.73,60.0953,SLE,-0.62338823,0.5470115272,0.31679823,0.23801908,-0.09584278999999984,1.37476216,1.24343102,0.5092744257,0.16135555000000013
2-propanol,363.15,2.37014979,2.11239794,723.73,60.0953,REF,-2.15752491,0.0263719443,-1.08152353,-0.25775185,2.37014979,2.2655689,723.73,60.0953,SLE,-0.66858111,0.51353133,0.28574495,0.21449585,-0.10458089000000026,1.4889438,1.36726848,0.48715938569999995,0.15317095999999975
2-propanol,358.15,2.12743908,1.8700425,727.77,60.0953,REF,-2.3219039,0.0181738475,-1.24200293,-0.25739657999999976,2.12743908,2.01415761,727.77,60.0953,SLE,-0.71514145,0.4798976045,0.25277808,0.19268972,-0.11328147,1.6067624500000002,1.49478101,0.461723757,0.14411510999999977
2-propanol,353.15,1.87921951,1.62280548,731.84,60.0953,REF,-2.49132573,0.0123571743,-1.40795422,-0.25641402999999996,1.87921951,1.7573262,731.84,60.0953,SLE,-0.76316304,0.4462819257,0.21779422,0.17251901,-0.12189330999999992,1.7281626899999998,1.62574844,0.43392475140000003,0.13452072000000004
2-propanol,348.15,1.62539208,1.37036721,735.96,60.0953,REF,-2.66586916,0.0082926706,-1.5793365,-0.25502486999999996,1.62539208,1.49503,735.96,60.0953,SLE,-0.81274699,0.4128680698,0.18068462,0.1539051,-0.13036207999999982,1.8531221700000002,1.76002112,0.4045753992,0.12466279000000013
2-propanol,343.15,1.3658688,1.11247183,740.11,60.0953,REF,-2.84565114,0.0054931111,-1.75617642,-0.25339697000000005,1.3658688,1.22722139,740.11,60.0953,SLE,-0.86399143,0.379856038,0.14134374,0.13677558,-0.13864741000000014,1.9816597100000002,1.89752016,0.3743629269,0.11474955999999992
2-propanol,338.15,1.10057361,0.84891837,744.3,60.0953,REF,-3.03082333,0.0035913732,-1.93855867,-0.25165524000000006,1.10057361,0.95386968,744.3,60.0953,SLE,-0.91700351,0.3474499097,0.09966025,0.12105884,-0.14670393000000004,2.11381982,2.03821892,0.3438585365,0.10495131000000002
2-propanol,333.15,0.82944309,0.57955251,748.52,60.0953,REF,-3.22156877,0.0023170014,-2.12661751,-0.24989058000000008,0.82944309,0.67494834,748.52,60.0953,SLE,-0.97189117,0.3158584417,0.05552395,0.10668634,-0.15449475000000001,2.2496776,2.18214146,0.3135414403,0.09539583000000007
2-propanol,328.15,0.55242703,0.30425892,752.79,60.0953,REF,-3.41809887,0.0014745781,-2.32052929,-0.24816811000000005,0.55242703,0.3904409,752.79,60.0953,SLE,-1.02876671,0.2852871701,0.00882333,0.09359083,-0.16198613000000006,2.3893321600000004,2.32935262,0.283812592,0.08618197999999999
2-propanol,323.15,0.26948871,0.02295496,757.1,60.0953,REF,-3.62065108,0.0009253213,-2.52050666,-0.24653375000000002,0.26948871,0.10033753,757.1,60.0953,SLE,-1.08774455,0.2559335492,-0.04055226,0.08170628,-0.16915118,2.53290653,2.4799544,0.2550082279,0.07738257000000001
2-propanol,318.15,-0.01939498,-0.26441462,761.44,60.0953,REF,-3.82948725,0.0005722294,-2.72679413,-0.24501963999999998,-0.01939498,-0.19535858,761.44,60.0953,SLE,-1.14894563,0.2279785964,-0.09271612,0.07096666,-0.1759636,2.68054162,2.63407801,0.227406367,0.06905603999999999
2-propanol,313.15,-0.31423366,-0.55788193,765.83,60.0953,REF,-4.04489269,0.0003485273,-2.93966507,-0.24364826999999994,-0.31423366,-0.49664097,765.83,60.0953,SLE,-1.21249113,0.2015840159,-0.14777863,0.06130683,-0.18240731,2.83240156,2.7918864400000003,0.20123548859999998,0.061240959999999955
2-propanol,308.15,-0.6150239,-0.85745961,770.25,60.0953,REF,-4.26717578,0.0002089289,-3.15941975,-0.24243571000000008,-0.6150239,-0.80349639,770.25,60.0953,SLE,-1.27850524,0.1768852789,-0.20584947,0.05266169,-0.18847249,2.9886705399999993,2.95357028,0.17667635,0.05396322000000009
2-propanol,303.15,-0.92174984,-1.1631439,774.72,60.0953,REF,-4.4966681,0.0001231782,-3.38638429,-0.24139405999999985,-0.92174984,-1.11590138,774.72,60.0953,SLE,-1.34711808,0.1539862866,-0.26704046,0.04496576,-0.1941515399999999,3.14955002,3.11934383,0.1538631084,0.047242519999999955
2-propanol,298.15,-1.23438398,-1.47491739,779.23,60.0953,REF,-4.73372496,7.13664e-05,-3.62091038,-0.24053341000000006,-1.23438398,-1.43383565,779.23,60.0953,SLE,-1.41845699,0.1329593021,-0.33145764,0.03815426,-0.19945166999999997,3.31526797,3.28945274,0.13288793570000001,0.04108174000000009
propanone,403.15,4.12814181,3.75891849,710.52,58.0795,REF,-0.93039071,0.3472511269,0.07727933,-0.3692233199999997,4.12814181,4.06015017,710.52,58.0795,SLE,-0.3221523,0.7843635451,0.50549113,0.47626394,-0.0679916399999998,0.60823841,0.42821180000000003,0.43711241819999996,0.3012316799999999
propanone,398.15,3.9249904,3.51249891,714.36,58.0795,REF,-1.03889996,0.2870049049,-0.01249062,-0.41249148999999985,3.9249904,3.84314429,714.36,58.0795,SLE,-0.35635443,0.7587659196,0.48856503,0.44019547,-0.08184610999999986,0.68254553,0.50105565,0.4717610146999999,0.33064538
propanone,393.15,3.71738099,3.2669279,718.24,58.0795,REF,-1.15311904,0.2321911276,-0.11051574,-0.4504530899999999,3.71738099,3.62064562,718.24,58.0795,SLE,-0.39090398,0.7326243898,0.47078665,0.4065332,-0.09673537000000021,0.7622150599999999,0.58130239,0.5004332622000001,0.3537177199999997
propanone,388.15,3.50516833,3.02287748,722.16,58.0795,REF,-1.27372877,0.1836426315,-0.21726808,-0.48229085000000005,3.50516833,3.39259834,722.16,58.0795,SLE,-0.42586772,0.7059596129,0.45210461,0.37508723,-0.1125699899999999,0.8478610499999999,0.66937269,0.5223169813999999,0.36972086000000015
propanone,383.15,3.28820878,2.78062511,726.1,58.0795,REF,-1.40121952,0.141896814,-0.33302326,-0.5075836700000003,3.28820878,3.15895224,726.1,58.0795,SLE,-0.46131831,0.6787945352,0.43246105,0.34568592,-0.1292565400000001,0.9399012099999999,0.76548431,0.5368977212,0.3783271300000002
propanone,378.15,3.06636144,2.54000672,730.09,58.0795,REF,-1.53585085,0.107112259,-0.4578099,-0.52635472,3.06636144,2.91966598,730.09,58.0795,SLE,-0.49733589,0.6511541581,0.4117901,0.31817357,-0.1466954600000001,1.03851496,0.8695999999999999,0.5440418991,0.37965925999999994
propanone,373.15,2.83948933,2.30047509,734.11,58.0795,REF,-1.67766954,0.0790406671,-0.59142507,-0.5390142400000002,2.83948933,2.67471578,734.11,58.0795,SLE,-0.53401302,0.623062961,0.39001422,0.29240647,-0.16477355000000005,1.14365652,0.98143929,0.5440222939,0.37424069000000015
propanone,368.15,2.6074606,2.06120488,738.17,58.0795,REF,-1.82655675,0.057082193,-0.73348963,-0.54625572,2.6074606,2.4240892,738.17,58.0795,SLE,-0.57145101,0.5945492024,0.3670457,0.26825572,-0.18337139999999996,1.2551057399999999,1.10053533,0.5374670094,0.36288432000000004
propanone,363.15,2.37014979,1.82121404,742.26,58.0795,REF,-1.98228894,0.0404024434,-0.88352354,-0.5489357500000001,2.37014979,2.16779486,742.26,58.0795,SLE,-0.60976571,0.5656423984,0.34278219,0.24560335,-0.20235493000000027,1.37252323,1.22630573,0.525239955,0.3465808199999998
propanone,358.15,2.12743908,1.5795028,746.39,58.0795,REF,-2.14461462,0.0280676186,-1.04103713,-0.5479362799999998,2.12743908,1.90585397,746.39,58.0795,SLE,-0.64908251,0.5363793032,0.31710932,0.22434556,-0.22158510999999992,1.49553211,1.35814645,0.5083116846000001,0.3263511699999999
propanone,353.15,1.87921951,1.33514438,750.56,58.0795,REF,-2.31330776,0.0191630721,-1.2055956,-0.54407513,1.87921951,1.63830871,750.56,58.0795,SLE,-0.68954147,0.5068025669,0.28989654,0.20438947,-0.24091079999999998,1.6237662899999998,1.49549214,0.4876394948,0.30316433
propanone,348.15,1.62539208,1.08733947,754.77,58.0795,REF,-2.48820307,0.0128719366,-1.3768598,-0.5380526099999998,1.62539208,1.36523414,754.77,58.0795,SLE,-0.73130508,0.476958131,0.26099055,0.18564999,-0.2601579399999998,1.75689799,1.6378503500000001,0.4640861944,0.27789467
propanone,343.15,1.3658688,0.83543103,759.01,58.0795,REF,-2.66920926,0.008512734,-1.55459964,-0.5304377700000001,1.3658688,1.08671122,759.01,58.0795,SLE,-0.77454207,0.4469101989,0.23022651,0.16805751,-0.2791575800000001,1.8946671900000003,1.78482615,0.4383974649,0.25128019
propanone,338.15,1.10057361,0.578897,763.3,58.0795,REF,-2.85630915,0.005545501,-1.73869111,-0.5216766100000001,1.10057361,0.80284956,763.3,58.0795,SLE,-0.81944192,0.4167339615,0.19741691,0.15155075,-0.29772405000000013,2.03686723,1.93610802,0.4111884605,0.22395255999999997
propanone,333.15,0.82944309,0.31733058,767.62,58.0795,REF,-3.04955186,0.0035591582,-1.92910345,-0.5121125100000001,0.82944309,0.51379288,767.62,58.0795,SLE,-0.86621947,0.3865163204,0.16234711,0.13607568,-0.31565021000000004,2.18333239,2.0914505599999997,0.3829571622,0.1964623000000001
propanone,328.15,0.55242703,0.05041678,771.99,58.0795,REF,-3.24904183,0.0022505284,-2.12588287,-0.50201025,0.55242703,0.21969568,771.99,58.0795,SLE,-0.91510096,0.3563684503,0.12478591,0.12159033,-0.33273135000000004,2.33394087,2.25066878,0.35411792189999997,0.16927889999999995
propanone,323.15,0.26948871,-0.22208917,776.39,58.0795,REF,-3.45492835,0.0014017637,-2.32913706,-0.49157788,0.26948871,-0.07927095,776.39,58.0795,SLE,-0.96632849,0.3264245972,0.0844824,0.10806163,-0.34875966,2.48859986,2.41361946,0.3250228335,0.14281822
propanone,318.15,-0.01939498,-0.50038025,780.84,58.0795,REF,-3.6673963,0.0008597725,-2.53902178,-0.48098526999999996,-0.01939498,-0.38290825,780.84,58.0795,SLE,-1.02016876,0.2968381838,0.04115883,0.09546216,-0.36351327,2.6472275400000003,2.58018061,0.29597841129999997,0.11747199999999997
propanone,313.15,-0.31423366,-0.78461205,785.33,58.0795,REF,-3.88665907,0.000519077,-2.75573039,-0.47037839,-0.31423366,-0.69102708,785.33,58.0795,SLE,-1.07688908,0.267794404,-0.00546837,0.08377432,-0.37679342,2.80976999,2.75026202,0.267275327,0.09358496999999999
propanone,308.15,-0.6150239,-1.07491354,789.86,58.0795,REF,-4.11295353,0.0003083231,-2.97948616,-0.4598896400000001,-0.6150239,-1.00343216,789.86,58.0795,SLE,-1.1367687,0.2394991802,-0.05569658,0.07298461,-0.38840826000000006,2.9761848300000002,2.9237895799999998,0.2391908571,0.07148138000000004
propanone,303.15,-0.92174984,-1.37139487,794.43,58.0795,REF,-4.34653674,0.0001800796,-3.2105371,-0.44964503,-0.92174984,-1.31994931,794.43,58.0795,SLE,-1.20008058,0.212180512,-0.10981905,0.06308403,-0.3981994699999999,3.1464561600000005,3.10071805,0.2120004324,0.05144556000000011
propanone,298.15,-1.23438398,-1.67415287,799.05,58.0795,REF,-4.58768429,0.0001033575,-3.44915287,-0.43976888999999986,-1.23438398,-1.64044224,799.05,58.0795,SLE,-1.26707896,0.1860807082,-0.16811091,0.0540656,-0.40605826,3.3206053300000002,3.2810419599999996,0.1859773507,0.03371062999999985
acetylacetone,403.15,4.12814181,4.28254419,867.41,100.1163,REF,-1.21424551,0.1311160423,-0.30042859,0.1544023800000005,4.12814181,4.14817223,867.41,100.1163,SLE,-0.3698479,0.6333379997,0.42317413,0.42672895,0.020030420000000326,0.84439761,0.7236027199999999,0.5022219574,-0.13437196000000018
acetylacetone,398.15,3.9249904,4.11378706,871.9,100.1163,REF,-1.36894855,0.0939233792,-0.4458715,0.18879665999999995,3.9249904,3.95434907,871.9,100.1163,SLE,-0.41736853,0.5897236611,0.39078655,0.38250003,0.029358670000000142,0.95158002,0.83665805,0.4958002819,-0.1594379899999998
acetylacetone,393.15,3.71738099,3.94080268,876.41,100.1163,REF,-1.52771481,0.066248152,-0.59729925,0.2234216899999999,3.71738099,3.75882003,876.41,100.1163,SLE,-0.46767951,0.5452302017,0.35528314,0.34065949,0.04143903999999976,1.0600353,0.9525823899999999,0.4789820497,-0.18198265000000013
acetylacetone,388.15,3.50516833,3.76315678,880.96,100.1163,REF,-1.69053861,0.0460785971,-0.75423012,0.25798845000000004,3.50516833,3.56191029,880.96,100.1163,SLE,-0.52115644,0.5000364378,0.31625235,0.30119209,0.05674196000000009,1.16938217,1.07048247,0.45395784069999995,-0.20124648999999994
acetylacetone,383.15,3.28820878,3.58066699,885.53,100.1163,REF,-1.85755668,0.0316323977,-0.91642136,0.29245820999999994,3.28820878,3.36395865,885.53,100.1163,SLE,-0.57820151,0.454402329,0.27324321,0.2641183,0.07574986999999966,1.27935517,1.18966457,0.4227699313,-0.21670834000000028
acetylacetone,378.15,3.06636144,3.39330712,890.12,100.1163,REF,-2.02900171,0.0214409683,-1.08381363,0.3269456799999997,3.06636144,3.16530551,890.12,100.1163,SLE,-0.63923761,0.4086802475,0.22577148,0.22948928,0.09894406999999994,1.3897641000000003,1.30958511,0.3872392792,-0.22800160999999974
acetylacetone,373.15,2.83948933,3.20113188,894.75,100.1163,REF,-2.20516391,0.0143500252,-1.25647787,0.36164255,2.83948933,2.96624163,894.75,100.1163,SLE,-0.70467905,0.3633332134,0.17334755,0.19738809,0.1267522999999997,1.50048486,1.42982542,0.3489831882,-0.2348902500000003
acetylacetone,368.15,2.6074606,3.00422911,899.4,100.1163,REF,-2.3863659,0.009481175,-1.43457487,0.3967685099999998,2.6074606,2.76697807,899.4,100.1163,SLE,-0.77491242,0.3189267133,0.11550015,0.16791426,0.15951746999999994,1.6114534799999998,1.55007502,0.3094455383,-0.23725103999999986
acetylacetone,363.15,2.37014979,2.80268796,904.08,100.1163,REF,-2.57294499,0.006181618,-1.61832414,0.43253816999999994,2.37014979,2.56756999,904.08,100.1163,SLE,-0.85024806,0.2761165775,0.05182878,0.1411731,0.19742019999999982,1.72269693,1.6701529199999998,0.2699349595,-0.23511797000000012
acetylacetone,358.15,2.12743908,2.59658313,908.78,100.1163,REF,-2.76524388,0.0039751192,-1.80798362,0.46914405000000015,2.12743908,2.3678845,908.78,100.1163,SLE,-0.93089433,0.2355958274,-0.01795969,0.11724806,0.24044542000000035,1.8343495499999998,1.7900239299999998,0.23162070820000003,-0.2286986299999998
acetylacetone,353.15,1.87921951,2.38596737,913.51,100.1163,REF,-2.96360558,0.0025196999,-2.00383601,0.5067478599999999,1.87921951,2.16755618,913.51,100.1163,SLE,-1.01692216,0.1980299443,-0.09400518,0.09617847,0.2883366700000001,1.9466834199999998,1.9098308300000002,0.1955102444,-0.21841118999999987
acetylacetone,348.15,1.62539208,2.17086922,918.27,100.1163,REF,-3.16837137,0.0015733204,-2.20618016,0.5454771400000002,1.62539208,1.96598537,918.27,100.1163,SLE,-1.10825334,0.1639767329,-0.17627164,0.07793753,0.34059329000000016,2.06011803,2.02990852,0.1624034125,-0.2048838500000001
acetylacetone,343.15,1.3658688,1.95129365,923.06,100.1163,REF,-3.37988039,0.0009670704,-2.41532574,0.5854248499999999,1.3658688,1.76240637,923.06,100.1163,SLE,-1.20469241,0.133810088,-0.26457017,0.06241768,0.39653757,2.1751879799999996,2.1507555700000003,0.1328430176,-0.18888727999999988
acetylacetone,338.15,1.10057361,1.72722463,927.87,100.1163,REF,-3.59847057,0.0005847395,-2.63159041,0.62665102,1.10057361,1.55593788,927.87,100.1163,SLE,-1.30594992,0.1076871242,-0.35858219,0.04943677,0.45536427,2.29252065,2.27300822,0.1071023847,-0.17128674999999993
acetylacetone,333.15,0.82944309,1.49862784,932.71,100.1163,REF,-3.82447981,0.0003475456,-2.8552984,0.6691847499999999,0.82944309,1.34570944,932.71,100.1163,SLE,-1.4117178,0.085543475,-0.45793812,0.03875094,0.51626635,2.4127620100000002,2.39736028,0.0851959294,-0.1529183999999999
acetylacetone,328.15,0.55242703,1.26545379,937.58,100.1163,REF,-4.05824774,0.0002028989,-3.08678021,0.71302676,0.55242703,1.1309189,937.58,100.1163,SLE,-1.52170576,0.0671358931,-0.56226401,0.03008114,0.5784918699999999,2.53654198,2.5245162,0.0669329942,-0.13453489000000007
acetylacetone,323.15,0.26948871,1.02764073,942.47,100.1163,REF,-4.30011756,0.0001162603,-3.32637307,0.7581520199999998,0.26948871,0.91088457,942.47,100.1163,SLE,-1.63567765,0.0520990227,-0.6712283,0.02313782,0.64139586,2.6644399100000005,2.6551447699999997,0.0519827624,-0.11675615999999978
acetylacetone,318.15,-0.01939498,0.78511716,947.4,100.1163,REF,-4.55043802,6.53316e-05,-3.57442188,0.8045121399999999,-0.01939498,0.68509122,947.4,100.1163,SLE,-1.75348716,0.0400027606,-0.7845867,0.01764058,0.7044862,2.79695086,2.78983518,0.039937428999999997,-0.10002593999999998
acetylacetone,313.15,-0.31423366,0.53780396,952.35,100.1163,REF,-4.80956541,3.59752e-05,-3.83128051,0.8520376199999999,-0.31423366,0.45314749,952.35,100.1163,SLE,-1.87505531,0.030404812,-0.90216723,0.01333352,0.7673811500000001,2.9345101000000002,2.92911328,0.0303688368,-0.08465646999999987
acetylacetone,308.15,-0.6150239,0.28561606,957.33,100.1163,REF,-5.07786566,1.93958e-05,-4.09731341,0.9006399599999999,-0.6150239,0.21480367,957.33,100.1163,SLE,-2.00038866,0.0228821445,-1.02389215,0.00999105,0.82982757,3.0774769999999996,3.07342126,0.0228627487,-0.07081238999999995
acetylacetone,303.15,-0.92174984,0.02846365,962.33,100.1163,REF,-5.35571647,1.02296e-05,-4.37289737,0.95021349,-0.92174984,-0.03009709,962.33,100.1163,SLE,-2.12955161,0.0170526167,-1.14975245,0.00742076,0.89165275,3.22616486,3.2231449199999993,0.017042387099999997,-0.05856074
acetylacetone,298.15,-1.23438398,-0.23374694,967.37,100.1163,REF,-5.64350951,5.273109e-06,-4.65842357,1.00063704,-1.23438398,-0.28163887,967.37,100.1163,SLE,-2.26265693,0.0125834463,-1.27979865,0.00546189,0.9527451100000001,3.3808525800000004,3.37862492,0.012578173191,-0.047891929999999916
benzene,403.15,4.12814181,5.70923851,775.84,78.1124,REF,-1.98764915,0.0299903146,-0.99596447,1.5810966999999998,4.12814181,4.30555469,775.84,78.1124,SLE,-0.4551271,0.6162759877,0.38847755,0.35064923,0.17741288000000033,1.5325220499999999,1.38444202,0.5862856731,-1.4036838199999995
benzene,398.15,3.9249904,5.62712234,779.96,78.1124,REF,-2.19962209,0.0185506791,-1.20357341,1.7021319399999997,3.9249904,4.19386904,779.96,78.1124,SLE,-0.5487846,0.5395411739,0.32287612,0.28262814,0.26887864000000006,1.6508374900000002,1.5264495299999998,0.5209904948,-1.4332532999999996
benzene,393.15,3.71738099,5.52747857,784.12,78.1124,REF,-2.40972152,0.0114899015,-1.41010281,1.8100975800000003,3.71738099,4.14182189,784.12,78.1124,SLE,-0.68049149,0.439581194,0.22336416,0.2086933,0.4244409,1.72923003,1.63346697,0.4280912925,-1.3856566800000003
benzene,388.15,3.50516833,5.4156751,788.3,78.1124,REF,-2.62097918,0.0070849428,-1.61826337,1.9105067699999996,3.50516833,4.22487734,788.3,78.1124,SLE,-0.89427412,0.3030704461,0.04730327,0.12756334,0.7197090099999999,1.72670506,1.66556664,0.2959855033,-1.1907977599999997
benzene,383.15,3.28820878,5.29520153,792.52,78.1124,REF,-2.83551277,0.0043311141,-1.82998931,2.0069927499999998,3.28820878,4.43305163,792.52,78.1124,SLE,-1.18773857,0.1711063331,-0.21433666,0.0649025,1.1448428499999994,1.6477741999999997,1.61565265,0.166775219,-0.8621499000000004
benzene,378.15,3.06636144,5.16840769,796.78,78.1124,REF,-3.05489172,0.002616472,-2.04673971,2.1020462500000003,3.06636144,4.55034529,796.78,78.1124,SLE,-1.43935114,0.1009030393,-0.44948305,0.03636209,1.48398385,1.61554058,1.5972566600000002,0.0982865673,-0.6180624000000003
benzene,373.15,2.83948933,5.03690645,801.06,78.1124,REF,-3.28033567,0.0015580367,-2.26966572,2.19741712,2.83948933,4.57694081,801.06,78.1124,SLE,-1.64761993,0.0641002758,-0.64838498,0.02251024,1.7374514799999998,1.6327157399999999,1.62128074,0.0625422391,-0.45996564000000006
benzene,368.15,2.6074606,4.90182338,805.38,78.1124,REF,-3.51283816,0.00091256,-2.49971758,2.2943627799999997,2.6074606,4.55191588,805.38,78.1124,SLE,-1.83404849,0.0423573601,-0.82843275,0.01465384,1.9444552800000001,1.6787896699999998,1.6712848299999998,0.0414448001,-0.3499074999999996
benzene,363.15,2.37014979,4.76394513,809.74,78.1124,REF,-3.75323965,0.0005247734,-2.7377082,2.3937953399999996,2.37014979,4.49492025,809.74,78.1124,SLE,-2.00963411,0.0285379664,-0.99914659,0.00978061,2.1247704599999997,1.74360554,1.73856161,0.028013193,-0.2690248799999999
benzene,358.15,2.12743908,4.62382161,814.13,78.1124,REF,-4.00227843,0.0002958006,-2.98435832,2.4963825300000004,2.12743908,4.41618819,814.13,78.1124,SLE,-2.18024071,0.0193864017,-1.16574649,0.00660327,2.28874911,1.8220377199999995,1.81861183,0.0190906011,-0.2076334200000005
benzene,353.15,1.87921951,4.48183477,818.55,78.1124,REF,-4.26062518,0.0001631889,-3.24032753,2.60261526,1.87921951,4.32166857,818.55,78.1124,SLE,-2.34940805,0.0131867141,-1.33144318,0.00447293,2.44244906,1.9112171299999998,1.9088843500000001,0.0130235252,-0.16016619999999993
benzene,348.15,1.62539208,4.33824703,823.01,78.1124,REF,-4.52890778,8.79892e-05,-3.5062368,2.7128549499999997,1.62539208,4.21513028,823.01,78.1124,SLE,-2.51950515,0.0089386749,-1.4984181,0.00302339,2.5897382,2.00940263,2.0078186999999996,0.008850685700000001,-0.12311674999999944
benzene,343.15,1.3658688,4.19323624,827.51,78.1124,REF,-4.80772988,4.63041e-05,-3.7826855,2.8273674399999997,1.3658688,4.09914494,827.51,78.1124,SLE,-2.6922699,0.0060166526,-1.66829377,0.00203109,2.73327614,2.1154599800000002,2.11439173,0.0059703485,-0.09409129999999966
benzene,338.15,1.10057361,4.04692066,832.04,78.1124,REF,-5.09768458,2.37504e-05,-4.07026416,2.9463470499999995,1.10057361,3.97555882,832.04,78.1124,SLE,-2.86906667,0.0040099464,-1.84235968,0.00135187,2.8749852099999997,2.22861791,2.22790448,0.003986196,-0.07136183999999979
benzene,333.15,0.82944309,3.89937717,836.61,78.1124,REF,-5.39936517,1.18575e-05,-4.36956454,3.0699340800000003,0.82944309,3.8457448,836.61,78.1124,SLE,-3.05102296,0.0026398431,-2.02169297,0.00088915,3.0163017099999996,2.34834221,2.3478715699999997,0.0026279856,-0.05363237000000076
benzene,328.15,0.55242703,3.75065426,841.21,78.1124,REF,-5.71337337,5.754236e-06,-4.68118747,3.19822723,0.55242703,3.71076829,841.21,78.1124,SLE,-3.23912141,0.0017129601,-2.20724151,0.00057661,3.15834126,2.47425196,2.4739459600000004,0.0017072058639999999,-0.03988597000000027
benzene,323.15,0.26948871,3.60078118,845.86,78.1124,REF,-6.04032603,2.710416e-06,-5.00574927,3.3312924699999997,0.26948871,3.57146348,845.86,78.1124,SLE,-3.43423983,0.0010934718,-2.39985879,0.00036793,3.3019747699999997,2.6060862,2.60589048,0.001090761384,-0.029317700000000002
benzene,318.15,-0.01939498,3.44977438,850.54,78.1124,REF,-6.38086061,1.237376e-06,-5.34388712,3.46916936,-0.01939498,3.42849972,850.54,78.1124,SLE,-3.63718841,0.0006854514,-2.60033783,0.00023057,3.4478947,2.7436722000000002,2.74354929,0.0006842140240000001,-0.02127466
benzene,313.15,-0.31423366,3.29764174,855.26,78.1124,REF,-6.73563993,5.466667e-07,-5.69626365,3.6118754,-0.31423366,3.28241607,855.26,78.1124,SLE,-3.84872846,0.0004212237,-2.80942786,0.00014167,3.59664973,2.88691147,2.8868357899999997,0.0004206770333,-0.015225669999999969
benzene,308.15,-0.6150239,3.14438552,860.01,78.1124,REF,-7.10535654,2.333491e-07,-6.06357134,3.75940942,-0.6150239,3.13365073,860.01,78.1124,SLE,-4.06958947,0.0002533379,-3.02784987,8.519e-05,3.74867463,3.0357670699999995,3.0357214700000004,0.0002531045509,-0.010734789999999883
benzene,303.15,-0.92174984,2.99000458,864.81,78.1124,REF,-7.49073728,9.607833e-08,-6.44653694,3.91175442,-0.92174984,2.98255476,864.81,78.1124,SLE,-4.30047674,0.0001488823,-3.25630324,5.006e-05,3.9043046,3.1902605400000006,3.1902337,0.00014878622167,-0.007449819999999718
benzene,298.15,-1.23438398,2.83449384,869.64,78.1124,REF,-7.89254636,3.809047e-08,-6.84592462,4.06887782,-1.23438398,2.82941049,869.64,78.1124,SLE,-4.54208326,8.53601e-05,-3.49547694,2.87e-05,4.0637944699999995,3.3504631,3.35044768,8.532200953e-05,-0.005083350000000486
chcl3,403.15,4.12814181,4.43262701,1335.87,119.3783,REF,-1.29560463,0.0940228576,-0.27831652,0.30448520000000023,4.12814181,4.1669886,1335.87,119.3783,SLE,-0.38004373,0.5817588169,0.45918166,0.41682741,0.03884679000000002,0.9155608999999999,0.73749818,0.48773595929999997,-0.2656384100000002
chcl3,398.15,3.9249904,4.26899996,1342.82,119.3783,REF,-1.4541453,0.0661922034,-0.42520344,0.3440095600000004,3.9249904,3.9746165,1342.82,119.3783,SLE,-0.42848855,0.5363646148,0.43083856,0.37283051,0.04962610000000023,1.02565675,0.856042,0.4701724114,-0.29438346000000015
chcl3,393.15,3.71738099,4.09667166,1349.82,119.3783,REF,-1.61435978,0.046230156,-0.57645436,0.37929067000000005,3.71738099,3.77915425,1349.82,119.3783,SLE,-0.47897805,0.4915645809,0.39989641,0.33191123,0.06177325999999983,1.13538173,0.97635077,0.44533442489999997,-0.3175174100000002
chcl3,388.15,3.50516833,3.91566443,1356.85,119.3783,REF,-1.77640713,0.0320574039,-0.73149797,0.41049610000000003,3.50516833,3.58027282,1356.85,119.3783,SLE,-0.53149087,0.4477664932,0.36625831,0.29410955,0.07510448999999975,1.24491626,1.09775628,0.4157090893,-0.3353916100000003
chcl3,383.15,3.28820878,3.72623723,1363.93,119.3783,REF,-1.94058872,0.0220740809,-0.89008462,0.43802845,3.28820878,3.37756894,1363.93,119.3783,SLE,-0.58596133,0.4053873444,0.32987403,0.25944104,0.08936016000000002,1.35462739,1.21995865,0.3833132635,-0.34866829
chcl3,378.15,3.06636144,3.52876221,1371.05,119.3783,REF,-2.10728573,0.0150894606,-1.05219041,0.4624007699999999,3.06636144,3.17060029,1371.05,119.3783,SLE,-0.64229631,0.3648164451,0.29073519,0.22787868,0.10423884999999977,1.4649894200000002,1.3429255999999998,0.3497269845,-0.35816192000000013
chcl3,373.15,2.83948933,3.32364334,1378.21,119.3783,REF,-2.2769161,0.0102346896,-1.21794015,0.4841540099999997,2.83948933,2.95893811,1378.21,119.3783,SLE,-0.7004034,0.3263787107,0.24885814,0.19934099,0.11944877999999992,1.5765127000000003,1.46679829,0.3161440211,-0.36470522999999977
chcl3,368.15,2.6074606,3.11125572,1385.41,119.3783,REF,-2.44990029,0.0068833683,-1.38754411,0.5037951199999999,2.6074606,2.74219729,1385.41,119.3783,SLE,-0.76020815,0.2903176512,0.20427026,0.17369681,0.13473669,1.68969214,1.59181437,0.2834342829,-0.36905842999999994
chcl3,363.15,2.37014979,2.89192083,1392.65,119.3783,REF,-2.6266458,0.0045871365,-1.56125985,0.52177104,2.37014979,2.52009714,1392.65,119.3783,SLE,-0.82169105,0.2567781396,0.15697685,0.15076792,0.1499473499999997,1.8049547499999998,1.7182366999999998,0.25219100310000003,-0.37182369000000026
chcl3,358.15,2.12743908,2.66589625,1399.93,119.3783,REF,-2.80753921,0.0030267622,-1.73936749,0.53845717,2.12743908,2.292472,1399.93,119.3783,SLE,-0.88489708,0.2258174884,0.10694591,0.13034756,0.16503292000000025,1.9226421299999998,1.8463134,0.22279072619999998,-0.3734242499999998
chcl3,353.15,1.87921951,2.43337871,1407.26,119.3783,REF,-2.99294591,0.0019760308,-1.92215704,0.5541592,1.87921951,2.05929094,1407.26,119.3783,SLE,-0.9499517,0.1974179462,0.05408681,0.11221433,0.18007142999999992,2.04299421,1.9762438500000001,0.1954419154,-0.37408777000000004
chcl3,348.15,1.62539208,2.19450959,1414.63,119.3783,REF,-3.18321123,0.0012754881,-2.1099208,0.5691175100000001,1.62539208,1.82067126,1414.63,119.3783,SLE,-1.01707434,0.1715039876,-0.00176962,0.09614477,0.19527918,2.1661368899999998,2.1081511799999997,0.1702284995,-0.3738383300000001
chcl3,343.15,1.3658688,1.94938468,1422.04,119.3783,REF,-3.37866461,0.0008134308,-2.30295102,0.58351588,1.3658688,1.57684336,1422.04,119.3783,SLE,-1.08656223,0.1479699245,-0.06086433,0.08192902,0.21097455999999992,2.29210238,2.2420866900000003,0.1471564937,-0.37254132000000006
chcl3,338.15,1.10057361,1.69806388,1429.49,119.3783,REF,-3.57962404,0.0005121826,-2.50153992,0.59749027,1.10057361,1.32814567,1429.49,119.3783,SLE,-1.15879224,0.1266942062,-0.12351637,0.06937576,0.22757205999999996,2.4208318,2.37802355,0.1261820236,-0.36991821
chcl3,333.15,0.82944309,1.44058003,1436.98,119.3783,REF,-3.7864006,0.000318192,-2.70598076,0.61113694,0.82944309,1.0749849,1436.98,119.3783,SLE,-1.23420026,0.1075556989,-0.19010732,0.05831761,0.24554180999999997,2.5522003399999997,2.51587344,0.1072375069,-0.36559513
chcl3,328.15,0.55242703,1.17694764,1444.52,119.3783,REF,-3.99930328,0.0001949003,-2.9165704,0.62452061,0.55242703,0.81778585,1444.52,119.3783,SLE,-1.31325188,0.0904435033,-0.26105472,0.04861252,0.26535882,2.6860514,2.6555156799999997,0.09024860300000001,-0.35916179000000004
chcl3,323.15,0.26948871,0.90716936,1452.1,119.3783,REF,-4.21864308,0.0001176221,-3.13361166,0.6376806500000001,0.26948871,0.55693772,1452.1,119.3783,SLE,-1.39640813,0.0752595225,-0.33677817,0.04014134,0.28744900999999995,2.8222349499999995,2.79683349,0.07514190039999999,-0.3502316400000001
chcl3,318.15,-0.01939498,0.63124207,1459.72,119.3783,REF,-4.44473721,6.98884e-05,-3.35741631,0.6506370499999999,-0.01939498,0.29275219,1459.72,119.3783,SLE,-1.48409618,0.0619139142,-0.41766804,0.03280226,0.31214717000000003,2.9606410300000006,2.93974827,0.0618440258,-0.3384898799999999
chcl3,313.15,-0.31423366,0.34916158,1467.39,119.3783,REF,-4.67791301,4.08541e-05,-3.58830811,0.66339524,-0.31423366,0.02533414,1467.39,119.3783,SLE,-1.57661643,0.0503249552,-0.50399223,0.0265084,0.33956780000000003,3.10129658,3.0843158799999997,0.0502841011,-0.32382744
chcl3,308.15,-0.6150239,0.06092642,1475.09,119.3783,REF,-4.91851172,2.34769e-05,-3.82662601,0.67595032,-0.6150239,-0.2454216,1475.09,119.3783,SLE,-1.67413022,0.0404028225,-0.59587801,0.02117726,0.36960229999999994,3.2443815,3.230748,0.0403793456,-0.30634802000000005
chcl3,303.15,-0.92174984,-0.23345929,1482.84,119.3783,REF,-5.16689216,1.32514e-05,-4.07272736,0.6882905500000001,-0.92174984,-0.51986455,1482.84,119.3783,SLE,-1.77662384,0.0320416606,-0.69327328,0.01672539,0.40188529000000006,3.3902683199999997,3.37945408,0.0320284092,-0.28640526
chcl3,298.15,-1.23438398,-0.53398373,1490.63,119.3783,REF,-5.42343434,7.340424e-06,-4.32699128,0.7004002500000001,-1.23438398,-0.7985644,1490.63,119.3783,SLE,-1.88391217,0.0251136592,-0.79594797,0.01306435,0.4358195800000001,3.5395221699999997,3.53104331,0.025106318776,-0.26458066999999996
cyclohexane,403.15,4.12814181,7.60816421,682.56,84.16,REF,-3.01704699,0.00264969,-2.10834887,3.4800224,4.12814181,7.38509789,682.56,84.16,SLE,-2.12380729,0.0204860363,-1.21738966,0.00751956,3.25695608,0.8932397000000001,0.8909592099999999,0.0178363463,-0.22306632000000004
cyclohexane,398.15,3.9249904,7.50220926,686.3,84.16,REF,-3.22886204,0.0016280336,-2.31766297,3.57721886,3.9249904,7.32247119,686.3,84.16,SLE,-2.26533711,0.0148425655,-1.35582404,0.00542829,3.39748079,0.9635249300000002,0.9618389300000003,0.0132145319,-0.17973806999999997
cyclohexane,393.15,3.71738099,7.39150771,690.07,84.16,REF,-3.44590429,0.0009880946,-2.53224275,3.67412672,3.71738099,7.2468158,690.07,84.16,SLE,-2.40575702,0.0107702613,-1.49334222,0.00392865,3.52943481,1.0401472700000003,1.03890053,0.0097821667,-0.1446919099999997
cyclohexane,388.15,3.50516833,7.27734497,693.88,84.16,REF,-3.66918128,0.00059106,-2.75307811,3.7721766399999996,3.50516833,7.16129908,693.88,84.16,SLE,-2.54689149,0.0077968684,-1.63170639,0.00283863,3.65613075,1.12228979,1.1213717200000002,0.0072058084,-0.11604588999999965
cyclohexane,383.15,3.28820878,7.16060478,697.73,84.16,REF,-3.8995231,0.000347822,-2.98098778,3.8723959999999997,3.28820878,7.06805808,697.73,84.16,SLE,-2.69007199,0.0056149594,-1.77220788,0.0020414,3.7798493,1.2094511100000003,1.2087799,0.0052671374,-0.09254669999999976
cyclohexane,378.15,3.06636144,7.04189847,701.61,84.16,REF,-4.13764474,0.0002010371,-3.21667943,3.9755370299999995,3.06636144,6.96860742,701.61,84.16,SLE,-2.83633935,0.0040135083,-1.91586019,0.00145767,3.9022459799999996,1.30130539,1.30081924,0.0038124712000000005,-0.07329104999999991
cyclohexane,373.15,2.83948933,6.92164987,705.53,84.16,REF,-4.38418738,0.0001139614,-3.46078952,4.08216054,2.83948933,6.86406812,705.53,84.16,SLE,-2.98655762,0.0028420457,-2.06350795,0.00103144,4.02457879,1.39762976,1.39728157,0.0027280843,-0.05758175000000065
cyclohexane,368.15,2.6074606,6.80015225,709.5,84.16,REF,-4.6397465,6.32721e-05,-3.71391046,4.19269165,2.6074606,6.75531286,709.5,84.16,SLE,-3.14148744,0.0019903868,-2.21589766,0.00072196,4.1478522600000005,1.49825906,1.4980128000000001,0.0019271147,-0.044839389999999923
cyclohexane,363.15,2.37014979,6.67760805,713.5,84.16,REF,-4.90489185,3.43617e-05,-3.97661009,4.30745826,2.37014979,6.64302583,713.5,84.16,SLE,-3.30181421,0.0013765149,-2.37370419,0.0004991,4.27287604,1.6030776400000004,1.6029058999999997,0.0013421532,-0.034582219999999886
cyclohexane,358.15,2.12743908,6.55415654,717.54,84.16,REF,-5.18018179,1.82301e-05,-4.24944551,4.426717460000001,2.12743908,6.52775837,717.54,84.16,SLE,-3.46817598,0.0009387296,-2.53755767,0.00034027,4.4003192900000005,1.71200581,1.7118878400000002,0.0009204995,-0.02639817000000022
cyclohexane,353.15,1.87921951,6.42989356,721.62,84.16,REF,-5.46617398,9.436261e-06,-4.53297359,4.55067405,1.87921951,6.40996313,721.62,84.16,SLE,-3.64118051,0.0006304075,-2.70805984,0.00022846,4.530743620000001,1.82499347,1.82491375,0.000620971239,-0.019930429999998722
cyclohexane,348.15,1.62539208,6.30488545,725.74,84.16,REF,-5.76343329,4.759288e-06,-4.8277587,4.679493369999999,1.62539208,6.29001206,725.74,84.16,SLE,-3.82141355,0.0004163395,-2.8857919,0.00015086,4.664619979999999,1.94201974,1.9419668000000003,0.000411580212,-0.014873389999999986
cyclohexane,343.15,1.3658688,6.17917872,729.9,84.16,REF,-6.07253789,2.335813e-06,-5.13437867,4.81330992,1.3658688,6.16821534,729.9,84.16,SLE,-4.00944871,0.0002700555,-3.07132399,9.785e-05,4.802346539999999,2.0630891800000004,2.0630546800000005,0.000267719687,-0.010963380000000633
cyclohexane,338.15,1.10057361,6.0528069,734.11,84.16,REF,-6.39408408,1.114018e-06,-5.45342956,4.952233290000001,1.10057361,6.04482979,734.11,84.16,SLE,-4.20585131,0.0001718216,-3.26521883,6.225e-05,4.94425618,2.18823277,2.18821073,0.00017070758199999998,-0.007977110000000565
cyclohexane,333.15,0.82944309,5.92579493,738.36,84.16,REF,-6.72868998,5.155686e-07,-5.78552931,5.0963518400000005,0.82944309,5.92006963,738.36,84.16,SLE,-4.41118429,0.0001070934,-3.46803741,3.88e-05,5.090626540000001,2.317505690000001,2.3174919000000003,0.0001065778314,-0.005725299999999933
cyclohexane,328.15,0.55242703,5.79816236,742.65,84.16,REF,-7.07699903,2.311945e-07,-6.13132122,5.2457353300000005,0.55242703,5.79411198,742.65,84.16,SLE,-4.62601132,6.53051e-05,-3.68034194,2.366e-05,5.24168495,2.4509877099999997,2.4509792800000003,6.50739055e-05,-0.004050380000000686
cyclohexane,323.15,0.26948871,5.66992587,746.99,84.16,REF,-7.43968343,1.002982e-07,-6.49147734,5.40043716,0.26948871,5.66710268,746.99,84.16,SLE,-4.85090046,3.89104e-05,-3.90269943,1.41e-05,5.39761397,2.5887829699999996,2.58877791,3.88101018e-05,-0.0028231899999999754
cyclohexane,318.15,-0.01939498,5.54109795,751.37,84.16,REF,-7.81744536,4.202727e-08,-6.86669977,5.5604929300000006,-0.01939498,5.5391616,751.37,84.16,SLE,-5.08642807,2.26226e-05,-4.13568542,8.2e-06,5.55855658,2.7310172899999996,2.7310143500000006,2.258057273e-05,-0.0019363500000002531
cyclohexane,313.15,-0.31423366,5.41169172,755.79,84.16,REF,-8.21102295,1.698062e-08,-7.25772648,5.7259253800000005,-0.31423366,5.41038567,755.79,84.16,SLE,-5.33318154,1.28171e-05,-4.37988675,4.64e-06,5.72461933,2.8778414100000003,2.87783973,1.280011938e-05,-0.0013060500000001696
cyclohexane,308.15,-0.6150239,5.28171882,760.26,84.16,REF,-8.62119187,6.60366e-09,-7.66533305,5.89674272,-0.6150239,5.28085318,760.26,84.16,SLE,-5.59176346,7.06661e-06,-4.63590557,2.56e-06,5.89587708,3.0294284100000004,3.02942748,7.06000634e-06,-0.0008656399999997788
cyclohexane,303.15,-0.92174984,5.15118986,764.78,84.16,REF,-9.04876928,2.467217e-09,-8.09033652,6.0729397,-0.92174984,5.15062648,764.78,84.16,SLE,-5.86279513,3.785998e-06,-4.90436286,1.37e-06,6.07237632,3.18597415,3.1859736599999993,3.7835307830000002e-06,-0.0005633800000000022
cyclohexane,298.15,-1.23438398,5.02011481,769.35,84.16,REF,-9.49461817,8.838089e-10,-8.53359976,6.2544987899999995,-1.23438398,5.01975502,769.35,84.16,SLE,-6.14692087,1.968136e-06,-5.18590271,7.1e-07,6.254139,3.347697300000001,3.34769705,1.9672521911e-06,-0.0003597899999991938
cyclohexanol,403.15,4.12814181,4.21172372,849.16,100.1595,REF,-1.1758541,0.1422008376,-0.27247027,0.08358191000000037,4.12814181,4.14133244,849.16,100.1595,SLE,-0.36614169,0.6366993606,0.42196699,0.43038617,0.013190630000000425,0.8097124099999999,0.69443726,0.49449852299999997,-0.07039127999999995
cyclohexanol,398.15,3.9249904,4.01848397,853.6,100.1595,REF,-1.31663644,0.1051858253,-0.40424397,0.09349357000000014,3.9249904,3.94232886,853.6,100.1595,SLE,-0.41077347,0.595584758,0.39139373,0.38835288,0.017338459999999944,0.9058629699999999,0.7956377,0.4903989327,-0.07615511000000019
cyclohexanol,393.15,3.71738099,3.81936616,858.06,100.1595,REF,-1.46021027,0.076870732,-0.540523,0.10198516999999985,3.71738099,3.73954686,858.06,100.1595,SLE,-0.45697052,0.5544400173,0.35876111,0.34916402,0.02216586999999981,1.0032397499999999,0.89928411,0.47756928530000003,-0.07981930000000004
cyclohexanol,388.15,3.50516833,3.61435042,862.55,100.1595,REF,-1.60675407,0.0555508441,-0.68108407,0.10918209000000001,3.50516833,3.53282528,862.55,100.1595,SLE,-0.50478741,0.5135216613,0.3239834,0.312761,0.027656949999999902,1.10196666,1.00506747,0.4579708172,-0.08152514000000011
cyclohexanol,383.15,3.28820878,3.4034685,867.07,100.1595,REF,-1.75648415,0.0397174456,-0.8258241,0.11525971999999962,3.28820878,3.32198046,867.07,100.1595,SLE,-0.55426789,0.4731069281,0.28698758,0.27908218,0.03377167999999964,1.20221626,1.11281168,0.4333894825,-0.08148803999999998
cyclohexanol,378.15,3.06636144,3.18676365,871.61,100.1595,REF,-1.90963332,0.0281033397,-0.97472677,0.12040220999999995,3.06636144,3.10680435,871.61,100.1595,SLE,-0.6054425,0.4334863409,0.24771697,0.24806044,0.04044290999999989,1.30419082,1.22244374,0.4053830012,-0.07995930000000007
cyclohexanol,373.15,2.83948933,2.96426884,876.18,100.1595,REF,-2.06643857,0.0196816719,-1.1278374,0.12477950999999976,2.83948933,2.88707455,876.18,100.1595,SLE,-0.6583328,0.3949496524,0.2061293,0.21961763,0.04758521999999976,1.4081057699999997,1.3339667,0.37526798050000004,-0.07719429
cyclohexanol,368.15,2.6074606,2.73599799,880.78,100.1595,REF,-2.22713538,0.0136417989,-1.28524561,0.12853738999999997,2.6074606,2.66255037,880.78,100.1595,SLE,-0.71294772,0.3577775,0.16220082,0.19366551,0.05508976999999993,1.5141876600000002,1.44744643,0.3441357011,-0.07344762000000005
cyclohexanol,363.15,2.37014979,2.50194432,885.4,100.1595,REF,-2.39195592,0.009356572,-1.44707354,0.13179453000000008,2.37014979,2.43298562,885.4,100.1595,SLE,-0.76928963,0.3222263186,0.11592192,0.17010237,0.06283583000000004,1.6226662900000002,1.56299546,0.3128697466,-0.06895870000000004
cyclohexanol,358.15,2.12743908,2.26208363,890.05,100.1595,REF,-2.56113003,0.0063487626,-1.61346883,0.13464454999999997,2.12743908,2.19813468,890.05,100.1595,SLE,-0.82735679,0.2885180524,0.06729509,0.1488138,0.07069560000000008,1.73377324,1.68076392,0.2821692898,-0.0639489499999999
cyclohexanol,353.15,1.87921951,2.01637834,894.73,100.1595,REF,-2.73488681,0.0042603946,-1.78459967,0.13715883000000018,1.87921951,1.95775724,894.73,100.1595,SLE,-0.88714521,0.2568326355,0.01633279,0.12967456,0.07853773000000008,1.8477416,1.80093246,0.2525722409,-0.05862110000000009
cyclohexanol,348.15,1.62539208,1.76478261,899.43,100.1595,REF,-2.91345706,0.0028264061,-1.96065215,0.13939053,1.62539208,1.71163352,899.43,100.1595,SLE,-0.94865736,0.2273001342,-0.03695112,0.11254926,0.08624144,1.9647997,1.9237010300000001,0.2244737281,-0.05314909000000001
cyclohexanol,343.15,1.3658688,1.50724721,904.17,100.1595,REF,-3.09707588,0.0018529196,-2.14182885,0.14137840999999995,1.3658688,1.45956145,904.17,100.1595,SLE,-1.01190008,0.2000020434,-0.09254091,0.09729711,0.09369264999999993,2.0851758,2.04928794,0.1981491238,-0.04768576000000002
cyclohexanol,338.15,1.10057361,1.24372371,908.93,100.1595,REF,-3.28598508,0.0011998,-2.32834816,0.14315009999999995,1.10057361,1.20137043,908.93,100.1595,SLE,-1.07689325,0.1749701748,-0.15042823,0.08377352,0.10079682000000001,2.20909183,2.17791993,0.1737703748,-0.04235327999999994
cyclohexanol,333.15,0.82944309,0.97416808,913.72,100.1595,REF,-3.48043556,0.0007669471,-2.52044431,0.14472498999999994,0.82944309,0.93691584,913.72,100.1595,SLE,-1.14366661,0.1521932315,-0.21061084,0.07183455,0.10747275,2.33676895,2.3098334699999996,0.1514262844,-0.037252239999999937
cyclohexanol,328.15,0.55242703,0.69854345,918.53,100.1595,REF,-3.68068953,0.0004837059,-2.71836775,0.1461164199999999,0.55242703,0.66608957,918.53,100.1595,SLE,-1.21226709,0.1316206004,-0.27310074,0.06133847,0.11366253999999998,2.46842244,2.4452670100000002,0.13113689450000002,-0.032453879999999935
cyclohexanol,323.15,0.26948871,0.41682217,923.38,100.1595,REF,-3.88702249,0.000300811,-2.92238582,0.14733345999999997,0.26948871,0.38881231,923.38,100.1595,SLE,-1.28275468,0.1131710955,-0.33792169,0.05214892,0.11932359999999997,2.60426781,2.58446413,0.1128702845,-0.028009859999999998
cyclohexanol,318.15,-0.01939498,0.12898713,928.25,100.1595,REF,-4.09972518,0.0001843401,-3.13278363,0.14838211,-0.01939498,0.10503526,928.25,100.1595,SLE,-1.35520446,0.0967393386,-0.40511213,0.04413626,0.12443024,2.74452072,2.7276715,0.0965549985,-0.023951870000000014
cyclohexanol,313.15,-0.31423366,-0.16496757,933.15,100.1595,REF,-4.3191053,0.0001112392,-3.3498651,0.14926609000000002,-0.31423366,-0.18526007,933.15,100.1595,SLE,-1.42970774,0.0822022922,-0.4747271,0.03717853,0.12897359000000003,2.8893975600000004,2.875138,0.082091053,-0.02029249999999999
cyclohexanol,308.15,-0.6150239,-0.46503659,938.08,100.1595,REF,-4.54548926,6.60518e-05,-3.57395408,0.14998730999999993,-0.6150239,-0.48206853,938.08,100.1595,SLE,-1.50636877,0.0694259249,-0.54683573,0.03116242,0.13295536999999996,3.03912049,3.0271183500000003,0.06935987310000001,-0.017031939999999968
cyclohexanol,303.15,-0.92174984,-0.77120382,943.03,100.1595,REF,-4.77922378,3.85618e-05,-3.80539564,0.15054602000000006,-0.92174984,-0.78536428,943.03,100.1595,SLE,-1.58530401,0.0582701875,-0.62152097,0.0259834,0.13638556000000002,3.19391977,3.18387467,0.0582316257,-0.014160460000000041
cyclohexanol,298.15,-1.23438398,-1.08344333,948.02,100.1595,REF,-5.02067753,2.2116e-05,-4.04455738,0.15094065000000012,-1.23438398,-1.09510126,948.02,100.1595,SLE,-1.66664337,0.0485929032,-0.69888099,0.0215455,0.13928271999999997,3.3540341600000003,3.3456763899999995,0.0485707872,-0.01165793000000015
"2,3-dihydropyran",403.15,4.12814181,4.99688724,840.91,84.1169,REF,-1.6014872,0.0662167944,-0.61471714,0.8687454300000006,4.12814181,4.21191668,840.91,84.1169,SLE,-0.40438845,0.6424027084,0.42463751,0.39410465,0.08377487000000006,1.1970987499999999,1.03935465,0.5761859140000001,-0.7849705600000005
"2,3-dihydropyran",398.15,3.9249904,4.89275081,845.34,84.1169,REF,-1.79652371,0.0429160724,-0.80278279,0.9677604099999999,3.9249904,4.04255509,845.34,84.1169,SLE,-0.46576403,0.5895823272,0.3844941,0.3421653,0.11756468999999958,1.33075968,1.18727689,0.5466662548000001,-0.8501957200000003
"2,3-dihydropyran",393.15,3.71738099,4.76973006,849.81,84.1169,REF,-1.98850174,0.0278554907,-0.98949151,1.0523490699999996,3.71738099,3.8805614,849.81,84.1169,SLE,-0.53532415,0.5319339429,0.33654567,0.29152503,0.16318040999999983,1.4531775900000001,1.3260371800000001,0.5040784521999999,-0.8891686599999997
"2,3-dihydropyran",388.15,3.50516833,4.63199741,854.3,84.1169,REF,-2.17973414,0.0180482815,-1.17651011,1.1268290800000003,3.50516833,3.73004324,854.3,84.1169,SLE,-0.61578162,0.4688846324,0.27807645,0.24222467,0.22487491000000004,1.56395252,1.4545865599999999,0.4508363509,-0.9019541700000002
"2,3-dihydropyran",383.15,3.28820878,4.48267569,858.83,84.1169,REF,-2.37205486,0.01163879,-1.36528698,1.1944669099999996,3.28820878,3.59653442,858.83,84.1169,SLE,-0.71080321,0.4002700782,0.20527684,0.19462418,0.3083256399999996,1.66125165,1.57056382,0.3886312882,-0.88614127
"2,3-dihydropyran",378.15,3.06636144,4.32401053,863.39,84.1169,REF,-2.56688635,0.0074514969,-1.5570067,1.2576490899999997,3.06636144,3.48591136,863.39,84.1169,SLE,-0.82444606,0.3273582527,0.11358792,0.14981453,0.4195499199999997,1.7424402899999998,1.6705946200000001,0.3199067558,-0.83809917
"2,3-dihydropyran",373.15,2.83948933,4.15760083,867.98,84.1169,REF,-2.7653462,0.0047265207,-1.7526358,1.3181114999999997,2.83948933,3.40017815,867.98,84.1169,SLE,-0.95871562,0.2544301358,-0.00010302,0.10997257,0.5606888199999998,1.8066305800000002,1.75253278,0.2497036151,-0.7574226799999999
"2,3-dihydropyran",368.15,2.6074606,3.98456747,872.6,84.1169,REF,-2.9683259,0.0029651799,-1.95296782,1.37710687,2.6074606,3.33085328,872.6,84.1169,SLE,-1.10950144,0.1887852073,-0.13318483,0.07771387,0.7233926799999999,1.85882446,1.81978299,0.1858200274,-0.6537141900000001
"2,3-dihydropyran",363.15,2.37014979,3.8056827,877.26,84.1169,REF,-3.17655239,0.0018371201,-2.15866528,1.43553291,2.37014979,3.26051943,877.26,84.1169,SLE,-1.26708766,0.1363317439,-0.27680542,0.05406452,0.8903696399999999,1.9094647299999998,1.88185986,0.1344946238,-0.5451632700000002
"2,3-dihydropyran",358.15,2.12743908,3.62146336,881.94,84.1169,REF,-3.39063269,0.0011226784,-2.37029257,1.49402428,2.12743908,3.17532352,881.94,84.1169,SLE,-1.42338527,0.0976940241,-0.42254238,0.03772374,1.0478844400000003,1.9672474199999999,1.9477501900000003,0.0965713457,-0.44613983999999984
"2,3-dihydropyran",353.15,1.87921951,3.43223673,886.67,84.1169,REF,-3.61108541,0.0006759685,-2.58834009,1.55301722,1.87921951,3.07031357,886.67,84.1169,SLE,-1.57534775,0.0701408491,-0.56647055,0.02658595,1.1910940600000002,2.0357376599999997,2.02186954,0.0694648806,-0.3619231599999999
"2,3-dihydropyran",348.15,1.62539208,3.23819035,891.42,84.1169,REF,-3.83836497,0.0004006113,-2.81324362,1.61279827,1.62539208,2.94587668,891.42,84.1169,SLE,-1.7230974,0.0505663551,-0.70791599,0.01891919,1.3204846000000001,2.1152675700000003,2.10532763,0.0501657438,-0.29231366999999997
"2,3-dihydropyran",343.15,1.3658688,3.03940847,896.21,84.1169,REF,-4.07287949,0.0002334829,-3.0453991,1.67353967,1.3658688,2.80406798,896.21,84.1169,SLE,-1.86781852,0.0365703363,-0.84750196,0.01355756,1.43819918,2.20506097,2.1978971400000002,0.0363368534,-0.23534049
"2,3-dihydropyran",338.15,1.10057361,2.83590017,901.03,84.1169,REF,-4.31500492,0.000133708,-3.28517459,1.7353265599999999,1.10057361,2.64705934,901.03,84.1169,SLE,-2.01083316,0.0264829503,-0.98618067,0.00975364,1.5464857300000001,2.30417176,2.29899392,0.0263492423,-0.18884082999999974
"2,3-dihydropyran",333.15,0.82944309,2.62762004,905.89,84.1169,REF,-4.56509577,7.51766e-05,-3.53291955,1.79817695,0.82944309,2.47667516,905.89,84.1169,SLE,-2.15330649,0.0191668125,-1.12487435,0.00702576,1.64723207,2.4117892800000003,2.4080452,0.0190916359,-0.15094487999999995
"2,3-dihydropyran",328.15,0.55242703,2.41448441,910.78,84.1169,REF,-4.82349386,4.14662e-05,-3.78897264,1.86205738,0.55242703,2.29439355,910.78,84.1169,SLE,-2.2962353,0.0138392567,-1.26441693,0.00505551,1.74196652,2.52725856,2.5245557099999996,0.0137977905,-0.12009085999999991
"2,3-dihydropyran",323.15,0.26948871,2.19638356,915.7,84.1169,REF,-5.09053543,2.24211e-05,-4.05366813,1.92689485,0.26948871,2.10135325,915.7,84.1169,SLE,-2.44043933,0.0099539029,-1.40551658,0.00362711,1.8318645399999998,2.6500961000000003,2.64815155,0.009931481800000001,-0.09503031000000028
"2,3-dihydropyran",318.15,-0.01939498,1.97319118,920.66,84.1169,REF,-5.36655707,1.18751e-05,-4.32734143,1.9925861599999999,-0.01939498,1.89845649,920.66,84.1169,SLE,-2.5866178,0.0071220298,-1.54879431,0.00259049,1.91785147,2.77993927,2.77854712,0.007110154699999999,-0.07473468999999988
"2,3-dihydropyran",313.15,-0.31423366,1.74477144,925.66,84.1169,REF,-5.6519009,6.155972e-06,-4.61033394,2.0590051000000003,-0.31423366,1.68639922,925.66,84.1169,SLE,-2.73536099,0.0050632945,-1.69478458,0.00183924,2.00063288,2.91653991,2.91554936,0.005057138528,-0.05837222000000031
"2,3-dihydropyran",308.15,-0.6150239,1.51098452,930.69,84.1169,REF,-5.94691908,3.120896e-06,-4.90299742,2.12600842,-0.6150239,1.46573574,930.69,84.1169,SLE,-2.88718732,0.0035729004,-1.84396534,0.00129662,2.08075964,3.05973176,3.05903208,0.003569779504,-0.045248779999999655
"2,3-dihydropyran",303.15,-0.92174984,1.27169072,935.76,84.1169,REF,-6.25197815,1.54604e-06,-5.20569817,2.19344056,-0.92174984,1.23690174,935.76,84.1169,SLE,-3.04255442,0.0025000668,-1.99676458,0.00090666,2.15865158,3.20942373,3.20893359,0.0024985207599999997,-0.03478898000000008
"2,3-dihydropyran",298.15,-1.23438398,1.02675355,940.86,84.1169,REF,-6.56746309,7.477147e-07,-5.51882105,2.26113753,-1.23438398,1.00023998,940.86,84.1169,SLE,-3.20187328,0.0017331873,-2.15357145,0.00062824,2.23462396,3.3655898100000003,3.3652496,0.0017324395853,-0.026513570000000097
dimethylformamide,403.15,4.12814181,3.44557517,801.05,73.0941,REF,-0.76052891,0.400307068,0.18254424,-0.6825666399999997,4.12814181,3.99621689,801.05,73.0941,SLE,-0.28750943,0.7719972558,0.51142346,0.51581096,-0.1319249199999999,0.47301948,0.32887922,0.3716901878,0.5506417199999998
dimethylformamide,398.15,3.9249904,3.14047133,805.29,73.0941,REF,-0.83469308,0.352654044,0.12445728,-0.78451907,3.9249904,3.76570203,805.29,73.0941,SLE,-0.31386462,0.7499041408,0.49828,0.4854398,-0.15928837000000007,0.5208284599999999,0.37382272,0.3972500968,0.6252306999999999
dimethylformamide,393.15,3.71738099,2.83081867,809.57,73.0941,REF,-0.91069318,0.307989606,0.06300656,-0.8865623199999999,3.71738099,3.52843051,809.57,73.0941,SLE,-0.33966538,0.7282392383,0.48509024,0.45744051,-0.18895047999999992,0.5710278,0.42208368,0.4202496323,0.69761184
dimethylformamide,388.15,3.50516833,2.51741572,813.88,73.0941,REF,-0.98913154,0.2663890583,-0.0022513,-0.9877526100000003,3.50516833,3.28433479,813.88,73.0941,SLE,-0.36493703,0.707020585,0.47186675,0.43158165,-0.2208335400000001,0.62419451,0.47411805,0.4406315267,0.7669190700000001
dimethylformamide,383.15,3.28820878,2.20098727,818.22,73.0941,REF,-1.07059897,0.2279435861,-0.07178114,-1.08722151,3.28820878,3.03333584,818.22,73.0941,SLE,-0.38969886,0.6862666654,0.45862397,0.40766285,-0.25487294000000027,0.6809001100000001,0.53040511,0.45832307930000005,0.8323485699999997
dimethylformamide,378.15,3.06636144,1.88219938,822.59,73.0941,REF,-1.15568197,0.1927464731,-0.146067,-1.18416206,3.06636144,2.77537407,822.59,73.0941,SLE,-0.41398096,0.6659826418,0.44536783,0.38549526,-0.2909873700000003,0.7417010100000001,0.5914348300000001,0.47323616869999996,0.8931746899999997
dimethylformamide,373.15,2.83948933,1.56164747,826.99,73.0941,REF,-1.24495486,0.1608816856,-0.22559753,-1.27784186,2.83948933,2.51036754,826.99,73.0941,SLE,-0.43779972,0.646181199,0.43211109,0.3649222,-0.3291217900000003,0.80715514,0.65770862,0.48529951340000005,0.9487200699999998
dimethylformamide,368.15,2.6074606,1.23983576,831.43,73.0941,REF,-1.33896593,0.1324090915,-0.31084626,-1.36762484,2.6074606,2.23825957,831.43,73.0941,SLE,-0.4611845,0.6268606754,0.41885649,0.34579244,-0.36920103000000015,0.8777814300000001,0.72970275,0.4944515839,0.9984238099999998
dimethylformamide,363.15,2.37014979,0.917157,835.9,73.0941,REF,-1.43822276,0.1073467402,-0.40225128,-1.4529927900000001,2.37014979,1.95897941,835.9,73.0941,SLE,-0.48415402,0.6080250543,0.40561198,0.32797895,-0.41117038000000017,0.9540687399999999,0.80786326,0.5006783141,1.04182241
dimethylformamide,358.15,2.12743908,0.59382889,840.4,73.0941,REF,-1.54314977,0.0856592985,-0.50016931,-1.5336101899999997,2.12743908,1.67248939,840.4,73.0941,SLE,-0.50674366,0.5896619012,0.39237258,0.31135535,-0.45494968999999985,1.0364061100000002,0.89254189,0.5040026027,1.0786604999999998
dimethylformamide,353.15,1.87921951,0.26990847,844.94,73.0941,REF,-1.65409055,0.067238791,-0.60487304,-1.60931104,1.87921951,1.37872187,844.94,73.0941,SLE,-0.52896684,0.5717743014,0.37914662,0.29582383,-0.5004976400000001,1.12512371,0.98401966,0.5045355104,1.1088133999999998
dimethylformamide,348.15,1.62539208,-0.05474925,849.51,73.0941,REF,-1.77127533,0.0519032011,-0.7165176,-1.6801413299999999,1.62539208,1.07763514,849.51,73.0941,SLE,-0.55084779,0.5543543424,0.36593359,0.28128865,-0.54775694,1.22042754,1.08245119,0.5024511413,1.13238439
dimethylformamide,343.15,1.3658688,-0.38049371,854.12,73.0941,REF,-1.89481052,0.0394004028,-0.83512976,-1.74636251,1.3658688,0.76920093,854.12,73.0941,SLE,-0.5724137,0.5373900434,0.35272941,0.26766174,-0.5966678700000001,1.32239682,1.18785917,0.49798964059999995,1.1496946399999999
dimethylformamide,338.15,1.10057361,-0.70783273,858.76,73.0941,REF,-2.0246988,0.0294208078,-0.96062926,-1.8084063400000001,1.10057361,0.45339393,858.76,73.0941,SLE,-0.59368757,0.5208713302,0.33953148,0.25486631,-0.64717968,1.4310112299999997,1.30016074,0.4914505224,1.16122666
dimethylformamide,333.15,0.82944309,-1.03740617,863.43,73.0941,REF,-2.16084805,0.0216206337,-1.09284097,-1.86684926,0.82944309,0.13020274,863.43,73.0941,SLE,-0.61469451,0.5047852942,0.32633436,0.24283176,-0.6992403500000001,1.5461535399999997,1.4191753299999998,0.48316466049999995,1.1676089099999998
dimethylformamide,328.15,0.55242703,-1.36991064,868.14,73.0941,REF,-2.30311399,0.0156460189,-1.23154065,-1.92233767,0.55242703,-0.20038411,868.14,73.0941,SLE,-0.63545223,0.4891237226,0.31313681,0.23149828,-0.75281114,1.66766176,1.54467746,0.4734777037,1.1695265300000002
dimethylformamide,323.15,0.26948871,-1.70605062,872.89,73.0941,REF,-2.45132892,0.0111567461,-1.3764871,-1.9755393300000001,0.26948871,-0.53836175,872.89,73.0941,SLE,-0.65598123,0.473875351,0.29993448,0.22081001,-0.80785046,1.7953476899999998,1.67642158,0.4627186049,1.16768887
dimethylformamide,318.15,-0.01939498,-2.04649203,877.67,73.0941,REF,-2.60533176,0.0078438137,-1.52745437,-2.02709705,-0.01939498,-0.88370795,877.67,73.0941,SLE,-0.67630563,0.4590256568,0.28671924,0.21071447,-0.8643129700000001,1.92902613,1.81417361,0.45118184310000004,1.16278408
dimethylformamide,313.15,-0.31423366,-2.39182525,882.48,73.0941,REF,-2.76499446,0.005439806,-1.68425934,-2.07759159,-0.31423366,-1.2364067,882.48,73.0941,SLE,-0.696437,0.4445687621,0.27349154,0.2011699,-0.9221730400000001,2.06855746,1.95775088,0.4391289561,1.1554185499999998
dimethylformamide,308.15,-0.6150239,-2.74255085,887.34,73.0941,REF,-2.93023506,0.0037226784,-1.84677495,-2.12752695,-0.6150239,-1.59641499,887.34,73.0941,SLE,-0.71639706,0.4304909375,0.26024325,0.19213343,-0.98139109,2.213838,2.1070181999999997,0.4267682591,1.14613586
dimethylformamide,303.15,-0.92174984,-3.09907352,892.23,73.0941,REF,-3.10102639,0.0025143436,-2.0149381,-2.17732368,-0.92174984,-1.96368614,892.23,73.0941,SLE,-0.73620206,0.4167820923,0.24696963,0.18356841,-1.0419363000000001,2.36482433,2.2619077300000003,0.4142677487,1.13538738
dimethylformamide,298.15,-1.23438398,-3.46170812,897.15,73.0941,REF,-3.27739676,0.0016761162,-2.18874932,-2.22732414,-1.23438398,-2.33815673,897.15,73.0941,SLE,-0.75587243,0.4034290967,0.23366192,0.17543958,-1.10377275,2.5215243299999996,2.4224112399999997,0.40175298049999997,1.1235513899999998
dimethylsulfoxide,403.15,4.12814181,3.31051974,1019.31,78.1342,REF,-0.68731606,0.4346365151,0.28497434,-0.8176220699999996,4.12814181,3.95437199,1019.31,78.1342,SLE,-0.26483537,0.7797042462,0.54248312,0.54345631,-0.17376981999999996,0.42248069,0.25750878,0.3450677311,0.6438522499999997
dimethylsulfoxide,398.15,3.9249904,2.9828594,1024.43,78.1342,REF,-0.7481795,0.3926101738,0.2425213,-0.9421309999999998,3.9249904,3.71625661,1024.43,78.1342,SLE,-0.28673568,0.7607192561,0.53372181,0.51673077,-0.20873379000000014,0.46144382,0.29120050999999997,0.3681090823,0.7333972099999997
dimethylsulfoxide,393.15,3.71738099,2.64807376,1029.56,78.1342,REF,-0.80910833,0.3532676269,0.19840263,-1.0693072300000002,3.71738099,3.47097714,1029.56,78.1342,SLE,-0.30774186,0.7425003035,0.52514353,0.49233209,-0.2464038500000001,0.50136647,0.3267409,0.38923267659999994,0.8229033800000001
dimethylsulfoxide,388.15,3.50516833,2.30659513,1034.7,78.1342,REF,-0.87043027,0.316520319,0.15246543,-1.1985732000000002,3.50516833,3.21849427,1034.7,78.1342,SLE,-0.327882,0.7250441471,0.51676592,0.4700218,-0.2866740600000002,0.5425482699999999,0.36430049,0.4085238281,0.91189914
dimethylsulfoxide,383.15,3.28820878,1.95878076,1039.86,78.1342,REF,-0.93244641,0.2822919458,0.10455214,-1.3294280200000002,3.28820878,2.95876302,1039.86,78.1342,SLE,-0.34718161,0.7083448047,0.50860559,0.44959181,-0.32944576000000003,0.5852648,0.40405345000000004,0.42605285890000005,0.9999822600000001
dimethylsulfoxide,378.15,3.06636144,1.60494385,1045.04,78.1342,REF,-0.99544673,0.2505108224,0.05449356,-1.4614175900000002,3.06636144,2.69173759,1045.04,78.1342,SLE,-0.36566561,0.6923924915,0.50067716,0.43085823,-0.3746238500000003,0.62978112,0.44618359999999996,0.44188166910000004,1.0867937399999998
dimethylsulfoxide,373.15,2.83948933,1.24537214,1050.22,78.1342,REF,-1.05971954,0.2211066373,0.0021047,-1.5941171900000002,2.83948933,2.41737708,1050.22,78.1342,SLE,-0.38336094,0.6771720392,0.49299194,0.41365575,-0.4221122500000001,0.6763585999999999,0.49088724,0.4560654019,1.17200494
dimethylsulfoxide,368.15,2.6074606,0.88036456,1055.43,78.1342,REF,-1.12557241,0.1940033547,-0.05283073,-1.7270960400000002,2.6074606,2.13563027,1055.43,78.1342,SLE,-0.40028692,0.662671737,0.48556334,0.39784424,-0.47183032999999996,0.72528549,0.5383940700000001,0.4686683823000001,1.2552657100000002
dimethylsulfoxide,363.15,2.37014979,0.51019196,1060.64,78.1342,REF,-1.1933091,0.169131269,-0.11053884,-1.8599578300000001,2.37014979,1.84646409,1060.64,78.1342,SLE,-0.4164711,0.6488702662,0.47839817,0.38329124,-0.5236857000000001,0.776838,0.58893701,0.4797389972,1.33627213
dimethylsulfoxide,358.15,2.12743908,0.13504142,1065.87,78.1342,REF,-1.26319457,0.1464351947,-0.17122087,-1.9923976599999997,2.12743908,1.54983436,1065.87,78.1342,SLE,-0.43193122,0.6357525898,0.47150692,0.36988676,-0.5776047199999998,0.83126335,0.64272779,0.48931739510000005,1.4147929399999999
dimethylsulfoxide,353.15,1.87921951,-0.24481317,1071.12,78.1342,REF,-1.33555701,0.1258374018,-0.23514219,-2.12403268,1.87921951,1.24570913,1071.12,78.1342,SLE,-0.44668813,0.623299274,0.46489657,0.35752949,-0.6335103799999999,0.88886888,0.70003876,0.49746187219999993,1.4905223
dimethylsulfoxide,348.15,1.62539208,-0.62917498,1076.37,78.1342,REF,-1.41068885,0.1072700191,-0.30254223,-2.25456706,1.62539208,0.93406447,1076.37,78.1342,SLE,-0.46076272,0.6114895405,0.45857241,0.34612844,-0.6913276099999999,0.9499261300000001,0.76111464,0.5042195214,1.56323945
dimethylsulfoxide,343.15,1.3658688,-1.01785657,1081.64,78.1342,REF,-1.48888656,0.0906578548,-0.37366798,-2.38372537,1.3658688,0.61489197,1081.64,78.1342,SLE,-0.47417997,0.6002981886,0.45253564,0.33559851,-0.7509768300000002,1.01470659,0.82620362,0.5096403338,1.63274854
dimethylsulfoxide,338.15,1.10057361,-1.41069651,1086.92,78.1342,REF,-1.57043961,0.0759187832,-0.44876237,-2.51127012,1.10057361,0.28817763,1086.92,78.1342,SLE,-0.486955,0.5897075362,0.44679195,0.32587047,-0.81239598,1.08348461,0.89555432,0.513788753,1.6988741399999998
dimethylsulfoxide,333.15,0.82944309,-1.80758795,1092.21,78.1342,REF,-1.65561079,0.0629640198,-0.52804395,-2.63703104,0.82944309,-0.04608627,1092.21,78.1342,SLE,-0.49909955,0.5797020347,0.44134781,0.3168841,-0.87552936,1.1565112400000002,0.96939176,0.5167380149,1.76150168
dimethylsulfoxide,328.15,0.55242703,-2.20846398,1097.52,78.1342,REF,-1.7446435,0.0516935935,-0.61171239,-2.76089101,0.55242703,-0.38786363,1097.52,78.1342,SLE,-0.51064639,0.5702485462,0.43619539,0.30856993,-0.9402906600000001,1.23399711,1.04790778,0.5185549527,1.8206003499999999
dimethylsulfoxide,323.15,0.26948871,-2.61331374,1102.83,78.1342,REF,-1.83774914,0.0419967522,-0.69993548,-2.8828024500000002,0.26948871,-0.73713433,1102.83,78.1342,SLE,-0.52161016,0.5613287426,0.43133683,0.30087759,-1.00662304,1.3161389799999998,1.13127231,0.5193319904,1.8761794100000002
dimethylsulfoxide,318.15,-0.01939498,-3.02217651,1108.15,78.1342,REF,-1.93510862,0.0337515728,-0.79285011,-3.00278153,-0.01939498,-1.0938701,1108.15,78.1342,SLE,-0.53200241,0.5529266963,0.42677521,0.29376334,-1.07447512,1.40310621,1.21962532,0.5191751235000001,1.92830641
dimethylsulfoxide,313.15,-0.31423366,-3.43516961,1113.48,78.1342,REF,-2.03685058,0.0268280179,-0.89054093,-3.12093595,-0.31423366,-1.45803269,1113.48,78.1342,SLE,-0.54183264,0.5450280787,0.42251401,0.28718871,-1.14379903,1.4950179399999999,1.31305494,0.5182000608,1.9771369199999997
dimethylsulfoxide,308.15,-0.6150239,-3.85244471,1118.83,78.1342,REF,-2.14307832,0.0210883176,-0.99306708,-3.2374208099999997,-0.6150239,-1.8295401,1118.83,78.1342,SLE,-0.55113226,0.5376011484,0.41854166,0.28110446,-1.2145162,1.5919460599999997,1.41160874,0.5165128308,2.0229046099999994
dimethylsulfoxide,303.15,-0.92174984,-4.27419488,1124.18,78.1342,REF,-2.25386317,0.0163918437,-1.10045647,-3.3524450399999997,-0.92174984,-2.20834268,1124.18,78.1342,SLE,-0.55990189,0.5306390587,0.4148656,0.27548509,-1.28659284,1.69396128,1.5153220699999999,0.514247215,2.0658521999999997
dimethylsulfoxide,298.15,-1.23438398,-4.70064236,1129.54,78.1342,REF,-2.36925136,0.0125992118,-1.21271353,-3.4662583799999998,-1.23438398,-2.59434008,1129.54,78.1342,SLE,-0.56817014,0.5241129491,0.41147424,0.27028992,-1.3599560999999998,1.80108122,1.62418777,0.5115137372999999,2.10630228
diphenylether,403.15,4.12814181,5.90843904,978.06,170.2083,REF,-2.09563474,0.0109193669,-1.33721615,1.7802972300000004,4.12814181,5.28899527,978.06,170.2083,SLE,-0.98801387,0.1352368677,-0.24085537,0.10279835,1.1608534600000002,1.1076208699999999,1.09636078,0.12431750080000001,-0.6194437700000002
diphenylether,398.15,3.9249904,5.79289007,982.98,170.2083,REF,-2.29061242,0.0069771585,-1.52966403,1.8678996700000003,3.9249904,5.29965053,982.98,170.2083,SLE,-1.1554875,0.0930411293,-0.40227691,0.06990569,1.37466013,1.13512492,1.1273871199999999,0.0860639708,-0.49323954000000025
diphenylether,393.15,3.71738099,5.66932595,987.93,170.2083,REF,-2.48857212,0.0044260422,-1.72521969,1.95194496,3.71738099,5.27106804,987.93,170.2083,SLE,-1.30794826,0.0659818137,-0.55010507,0.04920982,1.5536870500000002,1.18062386,1.17511462,0.0615557715,-0.3982579099999999
diphenylether,388.15,3.50516833,5.53973616,992.89,170.2083,REF,-2.69083101,0.0027793807,-1.92515712,2.0345678300000003,3.50516833,5.21580944,992.89,170.2083,SLE,-1.45197044,0.0475959203,-0.69029602,0.03532072,1.71064111,1.2388605700000002,1.2348610999999998,0.0448165396,-0.3239267200000002
diphenylether,383.15,3.28820878,5.4055063,997.87,170.2083,REF,-2.89842968,0.001723741,-2.13048919,2.1172975199999997,3.28820878,5.14133637,997.87,170.2083,SLE,-1.59156294,0.0346337055,-0.82655391,0.02561162,1.8531275900000002,1.30686674,1.3039352800000001,0.0329099645,-0.26416992999999955
diphenylether,378.15,3.06636144,5.26761529,1002.87,170.2083,REF,-3.11222711,0.0010537859,-2.34205681,2.20125385,3.06636144,5.05228103,1002.87,170.2083,SLE,-1.72931074,0.025283984,-0.96129622,0.01865045,1.9859195899999995,1.38291637,1.38076059,0.0242301981,-0.21533426000000055
diphenylether,373.15,2.83948933,5.12675899,1007.89,170.2083,REF,-3.33296027,0.0006339689,-2.56058505,2.2872696599999998,2.83948933,4.9517182,1007.89,170.2083,SLE,-1.86702336,0.0184472379,-1.09623191,0.0135824,2.11222887,1.4659369100000001,1.4643531399999998,0.017813269,-0.17504078999999972
diphenylether,368.15,2.6074606,4.98343032,1012.92,170.2083,REF,-3.56128263,0.0003747794,-2.78671955,2.37596972,2.6074606,4.84177479,1012.92,170.2083,SLE,-2.00604329,0.0134121538,-1.23263897,0.00986181,2.2343141899999996,1.55523934,1.55408058,0.0130373744,-0.14165553000000042
diphenylether,363.15,2.37014979,4.83797557,1017.98,170.2083,REF,-3.79779155,0.0002174128,-3.02105259,2.46782578,2.37014979,4.72399856,1017.98,170.2083,SLE,-2.1474348,0.0096948248,-1.37153811,0.0071214,2.35384877,1.6503567499999998,1.6495144800000001,0.009477412,-0.11397701000000016
diphenylether,358.15,2.12743908,4.69063382,1023.05,170.2083,REF,-4.04304769,0.0001236061,-3.26414152,2.5631947400000006,2.12743908,4.59955857,1023.05,170.2083,SLE,-2.292086,0.0069535688,-1.51378688,0.00510404,2.4721194900000003,1.75096169,1.7503546399999999,0.0068299627,-0.09107525000000027
diphenylether,353.15,1.87921951,4.54156606,1028.14,170.2083,REF,-4.29758966,6.87867e-05,-3.51652287,2.66234655,1.87921951,4.46936119,1028.14,170.2083,SLE,-2.44076742,0.0049403812,-1.66013374,0.00362437,2.59014168,1.85682224,1.8563891300000002,0.0048715945,-0.0722048700000002
diphenylether,348.15,1.62539208,4.39087595,1033.25,170.2083,REF,-4.56194474,3.74242e-05,-3.77872268,2.7654838699999997,1.62539208,4.33413379,1033.25,170.2083,SLE,-2.59417527,0.0034715493,-1.81125863,0.0025458,2.70874171,1.9677694700000004,1.96746405,0.0034341251,-0.056742159999999764
diphenylether,343.15,1.3658688,4.23862548,1038.38,170.2083,REF,-4.8366374,1.98821e-05,-4.05126464,2.8727566799999993,1.3658688,4.19445997,1038.38,170.2083,SLE,-2.75294784,0.0024092075,-1.96778768,0.00176625,2.8285911699999993,2.08368956,2.0834769600000005,0.0023893254,-0.04416551000000002
diphenylether,338.15,1.10057361,4.08484625,1043.52,170.2083,REF,-5.1221958,1.03016e-05,-4.33467651,2.98427264,1.10057361,4.05082792,1043.52,170.2083,SLE,-2.9176918,0.0016489921,-2.13031839,0.00120867,2.9502543099999996,2.204504,2.2043581200000006,0.0016386905,-0.03401833000000032
diphenylether,333.15,0.82944309,3.92954774,1048.68,170.2083,REF,-5.41915698,5.199293e-06,-4.62949512,3.1001046499999996,0.82944309,3.90363736,1048.68,170.2083,SLE,-3.08898386,0.0011117034,-2.29942055,0.00081473,3.0741942699999996,2.3301731200000004,2.33007457,0.0011065041070000001,-0.02591038000000001
diphenylether,328.15,0.55242703,3.77272306,1053.86,170.2083,REF,-5.72807103,2.552881e-06,-4.93627047,3.22029603,0.55242703,3.75322423,1053.86,170.2083,SLE,-3.2673845,0.0007372788,-2.47564943,0.00054028,3.2007972,2.46068653,2.4606210400000004,0.000734725919,-0.0194988300000003
diphenylether,323.15,0.26948871,3.61435296,1059.05,170.2083,REF,-6.04950459,1.217859e-06,-5.25556923,3.34486425,0.26948871,3.59986516,1059.05,170.2083,SLE,-3.45343948,0.000480404,-2.65954686,0.00035201,3.3303764499999997,2.5960651099999996,2.59602237,0.00047918614099999997,-0.014487800000000384
diphenylether,318.15,-0.01939498,3.45440848,1064.26,170.2083,REF,-6.3840439,5.637128e-07,-5.58797768,3.47380346,-0.01939498,3.44378913,1064.26,170.2083,SLE,-3.64768655,0.0003071706,-2.85164769,0.00022507,3.46318411,2.73635735,2.7363299899999998,0.0003066068872,-0.01061935000000025
diphenylether,313.15,-0.31423366,3.29285255,1069.48,170.2083,REF,-6.73229758,2.528158e-07,-5.93410452,3.6070862100000003,-0.31423366,3.28517977,1069.48,170.2083,SLE,-3.85065639,0.0001924966,-3.0524805,0.00014104,3.5994134300000002,2.88164119,2.88162402,0.0001922437842,-0.007672780000000046
diphenylether,308.15,-0.6150239,3.12964084,1074.72,170.2083,REF,-7.09489935,1.09699e-07,-6.29458356,3.74466474,-0.6150239,3.1241801,1074.72,170.2083,SLE,-4.06287565,0.0001180898,-3.26257041,8.652e-05,3.739204,3.0320237000000008,3.0320131500000005,0.00011798010100000001,-0.005460740000000186
diphenylether,303.15,-0.92174984,2.96472229,1079.98,170.2083,REF,-7.47251088,4.598233e-08,-6.67007659,3.88647213,-0.92174984,2.96089692,1079.98,170.2083,SLE,-4.28487004,7.0831e-05,-3.48244208,5.19e-05,3.88264676,3.1876408399999994,3.1876345099999996,7.078501767e-05,-0.003825369999999939
diphenylether,298.15,-1.23438398,2.79803823,1085.25,170.2083,REF,-7.8658242,1.858993e-08,-7.06127573,4.03242221,-1.23438398,2.79540302,1085.25,170.2083,SLE,-4.51716642,4.14888e-05,-3.71262167,3.04e-05,4.029787000000001,3.34865778,3.3486540600000003,4.1470210070000004e-05,-0.002635209999999333
dodecane,403.15,4.12814181,7.74110961,659.52,170.336,REF,-3.08911601,0.0011105328,-2.50114496,3.6129678,4.12814181,7.66341792,659.52,170.336,SLE,-2.27461768,0.0072330177,-1.68637486,0.00531352,3.53527611,0.8144983300000002,0.8147701,0.0061224849,-0.07769168999999998
dodecane,398.15,3.9249904,7.62540383,663.1,170.336,REF,-3.29648384,0.0006889892,-2.70618179,3.70041343,3.9249904,7.56020346,663.1,170.336,SLE,-2.39577233,0.0054748087,-1.80525862,0.00402001,3.6352130600000003,0.9007115100000003,0.90092317,0.0047858195,-0.06520036999999945
dodecane,393.15,3.71738099,7.50737786,666.71,170.336,REF,-3.51031457,0.0004211267,-2.91766702,3.78999687,3.71738099,7.45327609,666.71,170.336,SLE,-2.52047506,0.0041098368,-1.92766497,0.00301665,3.7358951,0.9898395099999999,0.9900020500000002,0.0036887101,-0.05410176999999994
dodecane,388.15,3.50516833,7.38751983,670.35,170.336,REF,-3.73121457,0.0002532399,-3.1362094,3.8823514999999995,3.50516833,7.34311841,670.35,170.336,SLE,-2.64921936,0.0030563456,-2.05409113,0.00224275,3.8379500799999997,1.08199521,1.0821182699999996,0.0028031057,-0.0444014199999998
dodecane,383.15,3.28820878,7.26617743,674.02,170.336,REF,-3.95974085,0.0001496297,-3.36236748,3.9779686499999998,3.28820878,7.23013061,674.02,170.336,SLE,-2.78247668,0.0022492552,-2.18501149,0.00165015,3.9419218299999996,1.1772641700000004,1.1773559900000001,0.0020996255,-0.036046820000000146
dodecane,378.15,3.06636144,7.14359785,677.73,170.336,REF,-4.19642021,8.67653e-05,-3.59666906,4.077236409999999,3.06636144,7.11464928,677.73,170.336,SLE,-2.92070521,0.001636369,-2.32088656,0.00120031,4.04828784,1.2757150000000004,1.2757825,0.0015496037,-0.028948569999998952
dodecane,373.15,2.83948933,7.01995664,681.46,170.336,REF,-4.44176344,4.93182e-05,-3.83962555,4.18046731,2.83948933,6.99696041,681.46,170.336,SLE,-3.06435587,0.0011756661,-2.46216912,0.00086227,4.15747108,1.37740757,1.37745643,0.0011263478999999999,-0.022996230000000395
dodecane,368.15,2.6074606,6.89537804,685.23,170.336,REF,-4.69627555,2.74472e-05,-4.09174235,4.287917439999999,2.6074606,6.87731217,685.23,170.336,SLE,-3.21387868,0.000833299,-2.60931067,0.00061111,4.26985157,1.48239687,1.4824316799999995,0.0008058518000000001,-0.01806586999999915
dodecane,363.15,2.37014979,6.76995006,689.04,170.336,REF,-4.96046374,1.49386e-05,-4.35352686,4.39980027,2.37014979,6.75591729,689.04,170.336,SLE,-3.36972339,0.0005820835,-2.76276212,0.00042685,4.3857675,1.59074035,1.5907647399999996,0.0005671449,-0.014032770000000028
dodecane,358.15,2.12743908,6.64373528,692.87,170.336,REF,-5.23484334,7.942036e-06,-4.62549454,4.516296199999999,2.12743908,6.6329616,692.87,170.336,SLE,-3.53234385,0.0004003003,-2.92297825,0.00029353,4.5055225199999995,1.7024994900000001,1.7025162900000002,0.000392358264,-0.010773679999999786
dodecane,353.15,1.87921951,6.51677873,696.75,170.336,REF,-5.51994253,4.119392e-06,-4.90817359,4.63755922,1.87921951,6.50860597,696.75,170.336,SLE,-3.70219877,0.000270736,-3.09041847,0.00019852,4.629386459999999,1.81774376,1.8177551199999997,0.00026661660799999997,-0.008172760000000778
dodecane,348.15,1.62539208,6.3891134,700.65,170.336,REF,-5.81630602,2.081948e-06,-5.20210875,4.76372132,1.62539208,6.38299052,700.65,170.336,SLE,-3.87975395,0.0001798876,-3.26554914,0.0001319,4.75759844,1.9365520699999998,1.9365596099999998,0.000177805652,-0.006122880000000386
dodecane,343.15,1.3658688,6.26076425,704.6,170.336,REF,-6.12449813,1.023948e-06,-5.50786428,4.89489545,1.3658688,6.25623612,704.6,170.336,SLE,-4.06548311,0.000117295,-3.44884436,8.6e-05,4.890367319999999,2.0590150200000004,2.05901992,0.000116271052,-0.00452813000000063
dodecane,338.15,1.10057361,6.1317509,708.57,170.336,REF,-6.4451054,4.894075e-07,-5.82602671,5.0311772900000005,1.10057361,6.12844685,708.57,170.336,SLE,-4.25986936,7.49718e-05,-3.64078755,5.497e-05,5.02787324,2.1852360400000004,2.1852391599999996,7.44823925e-05,-0.003304050000000558
dodecane,333.15,0.82944309,6.00208943,712.59,170.336,REF,-6.77873897,2.270059e-07,-6.15720712,5.17264634,0.82944309,5.99971215,712.59,170.336,SLE,-4.46340691,4.69206e-05,-3.84187311,3.44e-05,5.17026906,2.3153320600000002,2.31533401,4.66935941e-05,-0.002377280000000148
dodecane,328.15,0.55242703,5.87179364,716.64,170.336,REF,-7.12603693,1.020326e-07,-6.50204353,5.319366609999999,0.55242703,5.87010799,716.64,170.336,SLE,-4.67660215,2.87191e-05,-4.05260757,2.106e-05,5.317680960000001,2.44943478,2.4494359599999997,2.86170674e-05,-0.0016856499999988728
dodecane,323.15,0.26948871,5.74087609,720.73,170.336,REF,-7.48766688,4.437202e-08,-6.86120348,5.47138738,0.26948871,5.73969876,720.73,170.336,SLE,-4.89997571,1.71711e-05,-4.27351161,1.259e-05,5.4702100499999995,2.5876911700000003,2.5876918700000004,1.712672798e-05,-0.0011773300000008646
dodecane,318.15,-0.01939498,5.60934744,724.85,170.336,REF,-7.86432772,1.864011e-08,-7.23538582,5.62874242,-0.01939498,5.6085383,724.85,170.336,SLE,-5.13406406,1.00164e-05,-4.50512176,7.34e-06,5.627933280000001,2.7302636600000003,2.7302640600000005,9.99775989e-06,-0.0008091399999994309
dodecane,313.15,-0.31423366,5.47721845,729.01,170.336,REF,-8.25675367,7.551312e-09,-7.6253247,5.79145211,-0.31423366,5.47667163,729.01,170.336,SLE,-5.37942205,5.69316e-06,-4.74799286,4.17e-06,5.79090529,2.8773316200000005,2.87733184,5.685608688e-06,-0.0005468199999993928
dodecane,308.15,-0.6150239,5.34449904,733.21,170.336,REF,-8.66571673,2.944824e-09,-8.03179206,5.959522939999999,-0.6150239,5.34413592,733.21,170.336,SLE,-5.63662525,3.148839e-06,-5.00270045,2.31e-06,5.95915982,3.02909148,3.029091610000001,3.145894176e-06,-0.00036311999999938394
dodecane,303.15,-0.92174984,5.21119841,737.45,170.336,REF,-9.09203038,1.103432e-09,-8.4556013,6.13294825,-0.92174984,5.21096162,737.45,170.336,SLE,-5.9062728,1.6924e-06,-5.26984364,1.24e-06,6.13271146,3.1857575800000006,3.1857576599999993,1.691296568e-06,-0.0002367899999997647
dodecane,298.15,-1.23438398,5.07732519,741.73,170.336,REF,-9.53655369,3.96481e-10,-8.89761142,6.31170917,-1.23438398,5.07717366,741.73,170.336,SLE,-6.18899077,8.826433e-07,-5.55004847,6.5e-07,6.31155764,3.3475629199999997,3.3475629500000004,8.82246819e-07,-0.00015153000000012185
ethanol,403.15,4.12814181,3.82179313,684.85,46.0687,REF,-0.96447473,0.3803800596,0.11072801,-0.3063486799999997,4.12814181,4.07525587,684.85,46.0687,SLE,-0.33033747,0.8156688737,0.52429228,0.46737183,-0.052885939999999465,0.6341372599999999,0.41356427000000007,0.4352888141,0.25346274000000024
ethanol,398.15,3.9249904,3.58195057,688.59,46.0687,REF,-1.07702215,0.3155070212,0.02080525,-0.34303982999999993,3.9249904,3.86151538,688.59,46.0687,SLE,-0.36643399,0.7919164324,0.50874872,0.4300966,-0.06347501999999983,0.7105881599999999,0.48794347000000005,0.47640941119999997,0.2795648100000001
ethanol,393.15,3.71738099,3.34176607,692.36,46.0687,REF,-1.19472033,0.2559789951,-0.07753608,-0.3756149200000003,3.71738099,3.64255011,692.36,46.0687,SLE,-0.40307504,0.7672555048,0.49218408,0.39529832,-0.07483087999999993,0.79164529,0.56972016,0.5112765097,0.30078404000000036
ethanol,388.15,3.50516833,3.10170062,696.18,46.0687,REF,-1.31810966,0.2029721475,-0.18454804,-0.40346771000000015,3.50516833,3.41827787,696.18,46.0687,SLE,-0.44032015,0.7416930182,0.47453462,0.3628105,-0.08689046000000022,0.8777895099999999,0.65908266,0.5387208707,0.3165772499999999
ethanol,383.15,3.28820878,2.86188003,700.02,46.0687,REF,-1.44756664,0.1572492119,-0.3003004,-0.42632875000000015,3.28820878,3.18861021,700.02,46.0687,SLE,-0.47822762,0.7152472705,0.45573473,0.33248524,-0.09959857000000039,0.96933902,0.75603513,0.5579980586000001,0.32673017999999976
ethanol,378.15,3.06636144,2.62208797,703.91,46.0687,REF,-1.58328835,0.1190736337,-0.42466322,-0.44427347000000017,3.06636144,2.95346454,703.91,46.0687,SLE,-0.51686074,0.6879451723,0.43571367,0.30418603,-0.11289689999999997,1.0664276099999999,0.86037689,0.5688715386,0.3313765700000002
ethanol,373.15,2.83948933,2.38183124,707.83,46.0687,REF,-1.725318,0.0882078371,-0.5573386,-0.45765809000000024,2.83948933,2.71276475,707.83,46.0687,SLE,-0.55628777,0.6598236968,0.41439541,0.2777872,-0.1267245800000003,1.16903023,0.97173401,0.5716158597,0.33093350999999993
ethanol,368.15,2.6074606,2.14041405,711.79,46.0687,REF,-1.87357783,0.0640061353,-0.69790836,-0.46704655000000006,2.6074606,2.46644672,711.79,46.0687,SLE,-0.59658488,0.6309293147,0.39169662,0.25317168,-0.14101388000000004,1.2769929500000001,1.08960498,0.5669231794,0.32603267
ethanol,363.15,2.37014979,1.89703544,715.78,46.0687,REF,-2.02791865,0.0455614856,-0.84590029,-0.47311435000000013,2.37014979,2.21444506,715.78,46.0687,SLE,-0.63782786,0.6013254213,0.36753163,0.23023542,-0.15570473000000007,1.3900907900000001,1.21343192,0.5557639357,0.31740962000000006
ethanol,358.15,2.12743908,1.65088904,719.81,46.0687,REF,-2.18817498,0.031861366,-1.00085782,-0.4765500399999998,2.12743908,1.95671879,719.81,46.0687,SLE,-0.68010711,0.5710831794,0.34180297,0.20887809,-0.17072028999999977,1.5080678699999999,1.34266079,0.5392218134,0.30582975
ethanol,353.15,1.87921951,1.40122731,723.89,46.0687,REF,-2.35420292,0.0219167032,-1.16238717,-0.4779922000000001,1.87921951,1.69322545,723.89,46.0687,SLE,-0.72351174,0.5402942293,0.31441134,0.18901151,-0.18599406000000007,1.6306911800000001,1.4767985099999998,0.5183775261000001,0.29199814
ethanol,348.15,1.62539208,1.14740324,728.0,46.0687,REF,-2.52590713,0.0148446566,-1.33018757,-0.47798883999999986,1.62539208,1.42394388,728.0,46.0687,SLE,-0.76814319,0.5090622463,0.28524675,0.170552,-0.20144819999999997,1.7577639399999998,1.61543432,0.49421758969999996,0.2765406399999999
ethanol,343.15,1.3658688,0.88888245,732.15,46.0687,REF,-2.70325143,0.0099074546,-1.50406003,-0.4769863500000001,1.3658688,1.14885999,732.15,46.0687,SLE,-0.81410623,0.4775101248,0.2541945,0.15342416,-0.21700881000000005,1.8891451999999997,1.7582545299999999,0.4676026702,0.25997754000000006
ethanol,338.15,1.10057361,0.62524107,736.34,46.0687,REF,-2.88626122,0.0065183865,-1.68390493,-0.47533254000000014,1.10057361,0.867981,736.34,46.0687,SLE,-0.86151794,0.4457742972,0.221129,0.1375568,-0.2325926100000001,2.02474328,1.9050339299999999,0.43925591070000003,0.24273993000000005
ethanol,333.15,0.82944309,0.35615353,740.57,46.0687,REF,-3.07501962,0.0042284622,-1.8697118,-0.47328956000000005,0.82944309,0.58132114,740.57,46.0687,SLE,-0.91049862,0.414010771,0.1859204,0.12288571,-0.24812195000000004,2.1645209999999997,2.0556322,0.4097823088,0.22516761000000002
ethanol,328.15,0.55242703,0.08137715,744.85,46.0687,REF,-3.26966121,0.0027044127,-2.06154677,-0.47104988000000003,0.55242703,0.28892047,744.85,46.0687,SLE,-0.96118417,0.3823861921,0.14842542,0.10934926,-0.26350656000000006,2.30847704,2.2099721900000002,0.37968177940000003,0.20754331999999998
ethanol,323.15,0.26948871,-0.19926354,749.16,46.0687,REF,-3.47036526,0.001704973,-2.25953993,-0.46875225,0.26948871,-0.00917795,749.16,46.0687,SLE,-1.01371164,0.3510855606,0.10849879,0.0968921,-0.27866666,2.45665362,2.36803872,0.3493805876,0.19008558999999997
ethanol,318.15,-0.01939498,-0.48589021,753.52,46.0687,REF,-3.67734989,0.0010591513,-2.46387475,-0.46649523,-0.01939498,-0.31290948,753.52,46.0687,SLE,-1.06823188,0.3203015265,0.06598371,0.08546103,-0.2935145,2.60911801,2.52985846,0.3192423752,0.17298072999999997
ethanol,313.15,-0.31423366,-0.77858216,757.92,46.0687,REF,-3.8908673,0.0006480132,-2.67477935,-0.4643485,-0.31423366,-0.62220215,757.92,46.0687,SLE,-1.12490075,0.2902360446,0.02071926,0.07500656,-0.30796849,2.76596655,2.69549861,0.2895880314,0.15638001
ethanol,308.15,-0.6150239,-1.07738545,762.37,46.0687,REF,-4.1112004,0.0003902478,-2.89252018,-0.46236155,-0.6150239,-0.93697198,762.37,46.0687,SLE,-1.18388301,0.2610931472,-0.02746213,0.06548125,-0.3219480800000001,2.9273173900000007,2.86505805,0.26070289939999997,0.14041346999999993
ethanol,303.15,-0.92174984,-1.38232011,766.86,46.0687,REF,-4.33866057,0.0002311723,-3.1173975,-0.46057026999999995,-0.92174984,-1.25713362,766.86,46.0687,SLE,-1.24534574,0.2330761984,-0.07872843,0.05684003,-0.33538378,3.0933148299999997,3.03866907,0.2328450261,0.12518648999999993
ethanol,298.15,-1.23438398,-1.69338575,771.4,46.0687,REF,-4.57358649,0.0001345995,-3.34974262,-0.45900177,-1.23438398,-1.58259514,771.4,46.0687,SLE,-1.3094628,0.2063785177,-0.13325109,0.0490385,-0.34821115999999996,3.2641236900000004,3.21649153,0.20624391820000001,0.11079061000000001
ethylacetate,403.15,4.12814181,4.15628446,835.45,88.1056,REF,-1.14580076,0.1687423097,-0.20200221,0.02814265000000038,4.12814181,4.11747872,835.45,88.1056,SLE,-0.35321633,0.6774650467,0.45007368,0.44338773,-0.010663089999999542,0.79258443,0.65207589,0.5087227369999999,-0.03880573999999992
ethylacetate,398.15,3.9249904,3.97512899,839.88,88.1056,REF,-1.29283878,0.1240086716,-0.33750454,0.05013858999999998,3.9249904,3.91446188,839.88,88.1056,SLE,-0.39548385,0.6395817541,0.4234904,0.40226862,-0.01052851999999982,0.8973549300000001,0.76099494,0.5155730825,-0.0606671099999998
ethylacetate,393.15,3.71738099,3.79124675,844.34,88.1056,REF,-1.44457916,0.0894713016,-0.48005108,0.07386575999999989,3.71738099,3.70792281,844.34,88.1056,SLE,-0.43939887,0.6010196559,0.39486857,0.36358096,-0.009458180000000205,1.00518029,0.87491965,0.5115483542999999,-0.0833239400000001
ethylacetate,388.15,3.50516833,3.60363091,848.83,88.1056,REF,-1.60071852,0.0635170607,-0.62883512,0.09846258000000008,3.50516833,3.49797568,848.83,88.1056,SLE,-0.48517406,0.5618657259,0.36398673,0.32720953,-0.007192649999999912,1.11554446,0.9928218499999999,0.49834866519999993,-0.10565522999999999
ethylacetate,383.15,3.28820878,3.4115882,853.36,88.1056,REF,-1.76111556,0.0444440457,-0.7832788,0.12337942000000002,3.28820878,3.28476944,853.36,88.1056,SLE,-0.53305225,0.5222287463,0.33059043,0.29305407,-0.003439340000000346,1.22806331,1.1138692300000002,0.47778470060000006,-0.12681876000000036
ethylacetate,378.15,3.06636144,3.2147005,857.92,88.1056,REF,-1.92577896,0.0306865207,-0.94303351,0.14833906000000008,3.06636144,3.06848843,857.92,88.1056,SLE,-0.58330805,0.4822458359,0.29438948,0.26103092,0.0021269899999998287,1.3424709099999999,1.23742299,0.4515593152,-0.14621207000000025
ethylacetate,373.15,2.83948933,3.01274786,862.51,88.1056,REF,-2.09483163,0.0209204339,-1.10794174,0.17325853000000002,2.83948933,2.84935507,862.51,88.1056,SLE,-0.63625093,0.442088056,0.2550543,0.23107293,0.009865739999999956,1.4585806999999997,1.36299604,0.4211676221,-0.16339279000000007
ethylacetate,368.15,2.6074606,2.80563752,867.14,88.1056,REF,-2.26847562,0.0140860565,-1.27799191,0.19817691999999987,2.6074606,2.62762628,867.14,88.1056,SLE,-0.69222467,0.4019681795,0.21221539,0.20313059,0.020165679999999853,1.57625095,1.4902072999999998,0.387882123,-0.17801124000000002
ethylacetate,363.15,2.37014979,2.59334481,871.8,88.1056,REF,-2.44696121,0.0093666752,-1.45327502,0.2231950199999999,2.37014979,2.403577,871.8,88.1056,SLE,-0.75159905,0.3621512893,0.16547011,0.17717439,0.03342720999999971,1.69536216,1.61874513,0.3527846141,-0.1897678100000002
ethylacetate,358.15,2.12743908,2.37587582,876.5,88.1056,REF,-2.63056679,0.0061496635,-1.63395254,0.24843674000000027,2.12743908,2.17749294,876.5,88.1056,SLE,-0.81476653,0.3229563971,0.11438687,0.15319108,0.05005386000000023,1.81580026,1.7483394099999998,0.3168067336,-0.19838288000000004
ethylacetate,353.15,1.87921951,2.15324436,881.23,88.1056,REF,-2.81958583,0.003984903,-1.82023331,0.27402485,1.87921951,1.94963096,881.23,88.1056,SLE,-0.88211848,0.2847627328,0.05852824,0.1311842,0.07041144999999993,1.93746735,1.8787615500000001,0.2807778298,-0.20361340000000006
ethylacetate,348.15,1.62539208,1.92545959,886.0,88.1056,REF,-3.01431944,0.0025472555,-2.01235787,0.3000675100000001,1.62539208,1.72017951,886.0,88.1056,SLE,-0.95401963,0.2480026305,-0.00252125,0.11116815,0.09478743,2.06029981,2.00983662,0.24545537499999998,-0.2052800800000001
ethylacetate,343.15,1.3658688,1.69251991,890.81,88.1056,REF,-3.21507245,0.0016053649,-2.21058821,0.3266511099999998,1.3658688,1.48920691,890.81,88.1056,SLE,-1.0307725,0.2131432212,-0.06911559,0.09315958,0.12333810999999995,2.1842999499999998,2.14147262,0.21153785630000002,-0.20331299999999985
ethylacetate,338.15,1.10057361,1.45441187,895.65,88.1056,REF,-3.42215233,0.0009969148,-2.41520184,0.35383825999999985,1.10057361,1.25661769,895.65,88.1056,SLE,-1.11258393,0.1806508,-0.14150744,0.07716424,0.1560440799999998,2.3095684,2.2736944,0.1796538852,-0.19779418000000004
ethylacetate,333.15,0.82944309,1.21111019,900.53,88.1056,REF,-3.63586897,0.0006096013,-2.62648797,0.38166710000000004,0.82944309,1.0221047,900.53,88.1056,SLE,-1.19952603,0.1509470611,-0.21980226,0.06316463,0.19266161000000004,2.4363429400000003,2.40668571,0.1503374598,-0.18900549
ethylacetate,328.15,0.55242703,0.96257953,905.44,88.1056,REF,-3.85653566,0.0003668129,-2.84474576,0.4101524999999999,0.55242703,0.78515742,905.44,88.1056,SLE,-1.29153101,0.124353785,-0.30394511,0.05110566,0.23273038999999995,2.56500465,2.54080065,0.1239869721,-0.17742210999999997
ethylacetate,323.15,0.26948871,0.70877654,910.4,88.1056,REF,-4.0844705,0.0002170452,-3.07028385,0.43928783,0.26948871,0.54509786,910.4,88.1056,SLE,-1.38840434,0.1010509932,-0.39372912,0.04088798,0.27560915,2.69606616,2.67655473,0.10083394799999999,-0.16367867999999997
ethylacetate,318.15,-0.01939498,0.44965182,915.39,88.1056,REF,-4.31999812,0.0001261964,-3.30342057,0.4690468,-0.01939498,0.30115396,915.39,88.1056,SLE,-1.48986507,0.0810574461,-0.48883524,0.03236942,0.32054894,2.83013305,2.81458533,0.0809312497,-0.14849785999999998
ethylacetate,313.15,-0.31423366,0.18515174,920.41,88.1056,REF,-4.5634515,7.20457e-05,-3.54448479,0.49938540000000003,-0.31423366,0.05252934,920.41,88.1056,SLE,-1.59558757,0.0642418275,-0.58887824,0.02537537,0.366763,2.96786393,2.9556065499999997,0.0641697818,-0.13262240000000003
ethylacetate,308.15,-0.6150239,-0.08478019,925.48,88.1056,REF,-4.81517396,4.03547e-05,-3.79381719,0.5302437099999999,-0.6150239,-0.20148701,925.48,88.1056,SLE,-1.7052759,0.0503514958,-0.69348737,0.0197117,0.41353688999999993,3.10989806,3.10032982,0.0503111411,-0.11670681999999999
ethylacetate,303.15,-0.92174984,-0.36020224,930.59,88.1056,REF,-5.0755212,2.21591e-05,-4.05177182,0.5615476,-0.92174984,-0.4615013,930.59,88.1056,SLE,-1.81868056,0.0390605667,-0.80233188,0.01518167,0.46024854000000004,3.25684064,3.24943994,0.0390384076,-0.10129906
ethylacetate,298.15,-1.23438398,-0.64117384,935.73,88.1056,REF,-5.34486342,1.19183e-05,-4.31871783,0.59321014,-1.23438398,-0.72797691,935.73,88.1056,SLE,-1.93563072,0.0300110705,-0.9151598,0.01159763,0.5064070700000001,3.4092327000000004,3.4035580299999997,0.0299991522,-0.08680306999999998
glycol,403.15,4.12814181,4.29396103,945.7,62.0681,REF,-1.22043452,0.1933798282,-0.09588025,0.16581922000000038,4.12814181,4.14846666,945.7,62.0681,SLE,-0.37000744,0.7357556371,0.5078112,0.42657221,0.020324850000000616,0.85042708,0.60369145,0.5423758089,-0.14549436999999976
glycol,398.15,3.9249904,4.10793301,950.5,62.0681,REF,-1.36573524,0.1442027553,-0.22318371,0.18294261,3.9249904,3.95221255,950.5,62.0681,SLE,-0.4161963,0.6995799797,0.48647652,0.38353385,0.027222150000000056,0.94953894,0.70966023,0.5553772243999999,-0.15572045999999995
glycol,393.15,3.71738099,3.91364304,955.33,62.0681,REF,-1.51261722,0.1060388466,-0.35608813,0.19626205000000008,3.71738099,3.7527151,955.33,62.0681,SLE,-0.46428735,0.661813822,0.46287385,0.34333071,0.035334109999999974,1.04832987,0.81896198,0.5557749754000001,-0.1609279400000001
glycol,388.15,3.50516833,3.71147937,960.17,62.0681,REF,-1.66144195,0.0770094378,-0.49401944,0.2063110400000001,3.50516833,3.54978598,960.17,62.0681,SLE,-0.51433289,0.6226489707,0.43682709,0.30596173,0.04461764999999973,1.14710906,0.93084653,0.5456395329,-0.16169339000000038
glycol,383.15,3.28820878,3.50187028,965.04,62.0681,REF,-1.8126117,0.0552890809,-0.63662853,0.21366149999999973,3.28820878,3.34317878,965.04,62.0681,SLE,-0.56635399,0.5823571458,0.40817885,0.2714226,0.05496999999999996,1.24625771,1.04480738,0.5270680649,-0.15869149999999976
glycol,378.15,3.06636144,3.28519222,969.92,62.0681,REF,-1.96651849,0.039265876,-0.78372067,0.21883077999999978,3.06636144,3.13257491,969.92,62.0681,SLE,-0.62032971,0.5412947207,0.37680499,0.23970125,0.06621347000000011,1.3461887799999999,1.16052566,0.5020288447,-0.15261730999999967
glycol,373.15,2.83948933,3.06174036,974.83,62.0681,REF,-2.12352544,0.0275941081,-0.93520843,0.2222510299999998,2.83948933,2.91758884,974.83,62.0681,SLE,-0.67619657,0.4998920341,0.34262442,0.21076739,0.07809950999999993,1.4473288699999998,1.27783285,0.472297926,-0.14415151999999987
glycol,368.15,2.6074606,2.83172613,979.76,62.0681,REF,-2.28396265,0.0191911139,-1.09107987,0.22426552999999982,2.6074606,2.69779249,979.76,62.0681,SLE,-0.73385949,0.4586270981,0.30560092,0.18456124,0.09033188999999986,1.55010316,1.39668079,0.4394359842,-0.13393363999999996
glycol,363.15,2.37014979,2.5952885,984.71,62.0681,REF,-2.44813093,0.0132086605,-1.25137852,0.22513870999999996,2.37014979,2.4727291,984.71,62.0681,SLE,-0.79319709,0.4179984773,0.26574603,0.16099149,0.10257930999999987,1.65493384,1.5171245500000001,0.4047898168,-0.1225594000000001
glycol,358.15,2.12743908,2.35250856,989.68,62.0681,REF,-2.61630793,0.0089956722,-1.41619011,0.22506948000000015,2.12743908,2.2419437,989.68,62.0681,SLE,-0.85407775,0.3784889482,0.22311175,0.13993368,0.11450462000000039,1.76223018,1.63930186,0.369493276,-0.11056485999999976
glycol,353.15,1.87921951,2.10342379,994.67,62.0681,REF,-2.78875455,0.0060607485,-1.58563354,0.22420427999999992,1.87921951,2.00500945,994.67,62.0681,SLE,-0.91637437,0.3405332319,0.17777987,0.12123433,0.1257899400000002,1.8723801800000002,1.7634134099999998,0.3344724834,-0.09841433999999971
glycol,348.15,1.62539208,1.84804107,999.67,62.0681,REF,-2.96572122,0.0040383657,-1.75985506,0.22264899000000016,1.62539208,1.76154861,999.67,62.0681,SLE,-0.97997715,0.3044936857,0.12984918,0.10471837,0.13615653000000005,1.98574407,1.88970424,0.30045532,-0.0864924600000001
glycol,343.15,1.3658688,1.58634722,1004.7,62.0681,REF,-3.14745313,0.0026601947,-1.93902416,0.22047841999999984,1.3658688,1.51125402,1004.7,62.0681,SLE,-1.04480778,0.2706440278,0.07941869,0.09019703,0.14538521999999987,2.1026453500000004,2.01844285,0.2679838331,-0.07509319999999997
glycol,338.15,1.10057361,1.31831769,1009.75,62.0681,REF,-3.33419498,0.0017316797,-2.12333098,0.2177440799999999,1.10057361,1.25388495,1009.75,62.0681,SLE,-1.11081854,0.2391699796,0.02658141,0.07747855,0.1533113399999999,2.22337644,2.14991239,0.2374382999,-0.06443273999999999
glycol,333.15,0.82944309,1.04392336,1014.82,62.0681,REF,-3.52619484,0.0011134345,-2.31298469,0.21448026999999992,0.82944309,0.98927354,1014.82,62.0681,SLE,-1.17799822,0.2101723114,-0.0285874,0.06637458,0.15983044999999996,2.34819662,2.28439729,0.2090588769,-0.05464981999999996
glycol,328.15,0.55242703,0.76313578,1019.91,62.0681,REF,-3.72370756,0.0007067755,-2.50821273,0.21070875,0.55242703,0.71731501,1019.91,62.0681,SLE,-1.24636806,0.1836791876,-0.08603301,0.05670638,0.16488797999999993,2.4773395,2.42217972,0.18297241209999998,-0.045820770000000066
glycol,323.15,0.26948871,0.47593102,1025.01,62.0681,REF,-3.92699766,0.0004426653,-2.70926049,0.20644230999999996,0.26948871,0.43796026,1025.01,62.0681,SLE,-1.31597889,0.1596593035,-0.14572387,0.04830823,0.16847154999999997,2.6110187700000003,2.5635366200000003,0.15921663819999998,-0.03797075999999999
glycol,318.15,-0.01939498,0.18229235,1030.14,62.0681,REF,-4.13634193,0.0002733916,-2.91639157,0.20168733,-0.01939498,0.15120711,1030.14,62.0681,SLE,-1.38690735,0.1380354646,-0.20765207,0.04102916,0.17060209,2.7494345800000004,2.7087395,0.13776207299999998,-0.031085239999999986
glycol,313.15,-0.31423366,-0.11778789,1035.28,62.0681,REF,-4.35203172,0.0001663908,-3.12988838,0.19644577000000002,-0.31423366,-0.14291104,1035.28,62.0681,SLE,-1.45925006,0.1186975533,-0.27183084,0.03473361,0.17132262000000004,2.8927816600000003,2.85805754,0.1185311625,-0.025123149999999983
glycol,308.15,-0.6150239,-0.42430735,1040.44,62.0681,REF,-4.57437518,9.97257e-05,-3.35005305,0.19071654999999993,-0.6150239,-0.44433073,1040.44,62.0681,SLE,-1.53312148,0.1015125772,-0.33829427,0.02930074,0.17069316999999995,3.0412536999999995,3.01175878,0.1014128515,-0.02002337999999998
glycol,303.15,-0.92174984,-0.73725316,1045.62,62.0681,REF,-4.80369934,5.88161e-05,-3.57720867,0.18449668000000008,-0.92174984,-0.75296725,1045.62,62.0681,SLE,-1.60864939,0.0863336324,-0.40709422,0.02462355,0.16878259000000007,3.1950499499999996,3.1701144500000003,0.0862748163,-0.015714090000000014
glycol,298.15,-1.23438398,-1.05660213,1050.82,62.0681,REF,-5.04035227,3.41076e-05,-3.81170075,0.17778185000000013,-1.23438398,-1.06872008,1050.82,62.0681,SLE,-1.68597253,0.0730064906,-0.47829854,0.0206076,0.16566389999999998,3.3543797399999997,3.33340221,0.072972383,-0.012117950000000155
n-heptane,403.15,4.12814181,7.72918722,601.86,100.2026,REF,-3.08265295,0.0019145971,-2.30415746,3.6010454100000002,4.12814181,7.59704651,601.86,100.2026,SLE,-2.23865369,0.0132818029,-1.46087825,0.00577227,3.4689047000000004,0.8439992599999999,0.84327921,0.0113672058,-0.13214070999999983
n-heptane,398.15,3.9249904,7.61698232,605.19,100.2026,REF,-3.29186125,0.0011831775,-2.51092547,3.69199192,3.9249904,7.50771577,605.19,100.2026,SLE,-2.36697421,0.0099032212,-1.58659094,0.00429562,3.58272537,0.9248870400000002,0.9243345300000001,0.0087200437,-0.10926655000000007
n-heptane,393.15,3.71738099,7.50146259,608.55,100.2026,REF,-3.50702637,0.0007211057,-2.72365621,3.7840816,3.71738099,7.41182857,608.55,100.2026,SLE,-2.49744507,0.0073441369,-1.71449495,0.00318094,3.69444758,1.0095813000000002,1.0091612600000002,0.0066230312,-0.08963402000000009
n-heptane,388.15,3.50516833,7.38343342,611.94,100.2026,REF,-3.72891374,0.000432696,-2.94310903,3.87826509,3.50516833,7.31052857,611.94,100.2026,SLE,-2.63087781,0.0054073951,-1.84538906,0.0023395,3.8053602399999997,1.09803593,1.09771997,0.0049746991,-0.07290485000000047
n-heptane,383.15,3.28820878,7.26345875,615.37,100.2026,REF,-3.95819014,0.0002552409,-3.16994669,3.9752499699999997,3.28820878,7.20468865,615.37,100.2026,SLE,-2.7679711,0.0039469032,-1.97996257,0.0017062,3.9164798699999994,1.1902190400000001,1.18998412,0.0036916622999999997,-0.05877010000000027
n-heptane,378.15,3.06636144,7.14193442,618.84,100.2026,REF,-4.19545886,0.0001478115,-3.4047698,4.0755729800000005,3.06636144,7.09500179,618.84,100.2026,SLE,-2.90935519,0.0028519593,-2.1188386,0.0012321,4.02864035,1.2861036699999997,1.2859311999999998,0.0027041478,-0.046932630000000586
n-heptane,373.15,2.83948933,7.01913769,622.34,100.2026,REF,-4.4412838,8.39265e-05,-3.64814049,4.17964836,2.83948933,6.9820228,622.34,100.2026,SLE,-3.05561104,0.0020374592,-2.26259265,0.00087981,4.14253347,1.3856727599999998,1.3855478399999996,0.0019535327000000003,-0.03711488999999979
n-heptane,368.15,2.6074606,6.8952624,625.88,100.2026,REF,-4.69620691,4.66643e-05,-3.90059954,4.2878018,2.6074606,6.86620911,625.88,100.2026,SLE,-3.20729041,0.0014373347,-2.41177222,0.00062045,4.25874851,1.4889164999999998,1.48882732,0.0013906704,-0.02905329000000023
n-heptane,363.15,2.37014979,6.77044354,629.45,100.2026,REF,-4.96076072,2.53768e-05,-4.1626787,4.4002937499999994,2.37014979,6.74794162,629.45,100.2026,SLE,-3.36492567,0.0010000707,-2.56690634,0.00043159,4.37779183,1.5958350499999998,1.5957723599999998,0.0009746939000000001,-0.022501919999999842
n-heptane,358.15,2.12743908,6.6447751,633.06,100.2026,REF,-5.23547784,1.3481e-05,-4.43491002,4.51733602,2.12743908,6.62753929,633.06,100.2026,SLE,-3.52903656,0.0006854844,-2.7285121,0.00029578,4.500100209999999,1.7064412799999995,1.7063979200000001,0.0006720034,-0.01723581000000074
n-heptane,353.15,1.87921951,6.51832273,636.71,100.2026,REF,-5.52089803,6.987208e-06,-4.71783291,4.639103220000001,1.87921951,6.50527273,636.71,100.2026,SLE,-3.7001369,0.0004623303,-2.89710126,0.00019946,4.626053219999999,1.8207611299999997,1.8207316500000004,0.000455343092,-0.01305000000000156
n-heptane,348.15,1.62539208,6.39113278,640.4,100.2026,REF,-5.81757366,3.528815e-06,-5.01199945,4.7657407,1.62539208,6.38137079,640.4,100.2026,SLE,-3.87873764,0.0003064715,-3.07318312,0.00013221,4.75597871,1.9388360199999997,1.9388163300000003,0.00030294268500000003,-0.009761990000000331
n-heptane,343.15,1.3658688,6.26323865,644.13,100.2026,REF,-6.12607402,1.734319e-06,-5.31797873,4.89736985,1.3658688,6.25602791,644.13,100.2026,SLE,-4.06535056,0.000199436,-3.25726816,8.603e-05,4.89015911,2.06072346,2.06071057,0.00019770168099999999,-0.00721073999999966
n-heptane,338.15,1.10057361,6.13466516,647.9,100.2026,REF,-6.44698888,8.28351e-07,-5.63636033,5.034091549999999,1.10057361,6.1294089,647.9,100.2026,SLE,-4.26049086,0.0001272568,-3.4498706,5.489e-05,5.02883529,2.18649802,2.1864897299999995,0.00012642844899999998,-0.0052562599999994575
n-heptane,333.15,0.82944309,6.00543148,651.71,100.2026,REF,-6.78093135,3.839477e-07,-5.96775723,5.1759883900000005,0.82944309,6.00165261,651.71,100.2026,SLE,-4.46467929,7.95252e-05,-3.65151038,3.43e-05,5.17220952,2.31625206,2.31624685,7.914125229999999e-05,-0.003778870000000545
n-heptane,328.15,0.55242703,5.87555315,655.56,100.2026,REF,-7.12854074,1.724498e-07,-6.31280857,5.3231261199999995,0.55242703,5.87287547,655.56,100.2026,SLE,-4.67844447,4.86124e-05,-3.8627155,2.097e-05,5.32044844,2.4500962700000004,2.4500930699999994,4.8439950200000004e-05,-0.0026776799999996825
n-heptane,323.15,0.26948871,5.7450438,659.45,100.2026,REF,-7.4904855,7.494073e-08,-6.67218266,5.47555509,0.26948871,5.74317458,659.45,100.2026,SLE,-4.90232538,2.90316e-05,-4.08402446,1.252e-05,5.47368587,2.5881601200000004,2.5881581999999996,2.895665927e-05,-0.0018692200000005599
n-heptane,318.15,-0.01939498,5.61391411,663.38,100.2026,REF,-7.86746468,3.145855e-08,-7.04657843,5.63330909,-0.01939498,5.61263007,663.38,100.2026,SLE,-5.13687358,1.69171e-05,-4.31598846,7.3e-06,5.63202505,2.7305911000000007,2.7305899700000005,1.688564145e-05,-0.0012840399999998198
n-heptane,313.15,-0.31423366,5.48217507,667.36,100.2026,REF,-8.26021286,1.273475e-08,-7.4367303,5.7964087300000005,-0.31423366,5.48130767,667.36,100.2026,SLE,-5.38265611,9.606053e-06,-4.55917419,4.14e-06,5.79554133,2.877556749999999,2.8775561099999996,9.59331825e-06,-0.0008674000000006288
n-heptane,308.15,-0.6150239,5.34983651,671.38,100.2026,REF,-8.66950217,4.962509e-09,-7.84341026,5.96486041,-0.6150239,5.34926068,671.38,100.2026,SLE,-5.64025824,5.308159e-06,-4.81416669,2.29e-06,5.96428458,3.02924393,3.0292435699999993,5.3031964909999996e-06,-0.0005758299999998329
n-heptane,303.15,-0.92174984,5.21690736,675.45,100.2026,REF,-9.09614605,1.85805e-09,-8.26743163,6.138657200000001,-0.92174984,5.21653198,675.45,100.2026,SLE,-5.91028681,2.850467e-06,-5.08157258,1.23e-06,6.13828182,3.18585924,3.1858590500000012,2.8486089499999998e-06,-0.0003753800000003693
n-heptane,298.15,-1.23438398,5.08339588,679.56,100.2026,REF,-9.54100354,6.671138e-10,-8.70965328,6.31777986,-1.23438398,5.08315575,679.56,100.2026,SLE,-6.19337377,1.485352e-06,-5.36202362,6.4e-07,6.31753973,3.34762977,3.347629659999999,1.4846848862e-06,-0.00024012999999989404
hexane,403.15,4.12814181,7.70985598,581.05,86.1759,REF,-3.07217358,0.0022798151,-2.24353248,3.5817141700000006,4.12814181,7.55301691,581.05,86.1759,SLE,-2.21479583,0.0162716789,-1.38729149,0.00609824,3.4248751000000004,0.8573777499999999,0.8562409899999999,0.013991863799999999,-0.1568390700000002
hexane,398.15,3.9249904,7.59935436,584.28,86.1759,REF,-3.28218522,0.0014064583,-2.45106414,3.6743639600000004,3.9249904,7.47056332,584.28,86.1759,SLE,-2.34658998,0.0120449038,-1.51633243,0.00450205,3.54557292,0.93559524,0.9347317100000001,0.0106384455,-0.1287910400000003
hexane,393.15,3.71738099,7.4851176,587.55,86.1759,REF,-3.49794047,0.0008560952,-2.66435321,3.7677366099999996,3.71738099,7.38001581,587.55,86.1759,SLE,-2.47976856,0.0088816708,-1.64683273,0.00331308,3.6626348199999996,1.01817191,1.0175204799999997,0.0080255756,-0.10510178999999997
hexane,388.15,3.50516833,7.3680886,590.85,86.1759,REF,-3.72027394,0.0005131949,-2.88422494,3.86292027,3.50516833,7.28294364,590.85,86.1759,SLE,-2.61535302,0.0065097061,-1.77979105,0.00242464,3.77777531,1.1049209199999996,1.1044338900000001,0.0059965112000000004,-0.08514496000000005
hexane,383.15,3.28820878,7.2489234,594.19,86.1759,REF,-3.9498993,0.0003024924,-3.11138683,3.9607146199999996,3.28820878,7.18049822,594.19,86.1759,SLE,-2.75417907,0.0047339339,-1.91602691,0.00176125,3.8922894399999994,1.1957202299999996,1.1953599199999998,0.0044314415,-0.0684251800000002
hexane,378.15,3.06636144,7.12808032,597.56,86.1759,REF,-4.18745211,0.0001750639,-3.34647038,4.061718879999999,3.06636144,7.07357016,597.56,86.1759,SLE,-2.89697451,0.0034102741,-2.05625623,0.00126773,4.0072087199999995,1.2904775999999996,1.2902141500000002,0.0032352102,-0.05451015999999953
hexane,373.15,2.83948933,7.00587913,600.97,86.1759,REF,-4.43351856,9.93461e-05,-3.59005912,4.1663898,2.83948933,6.96285509,600.97,86.1759,SLE,-3.04438982,0.0024302012,-2.20112054,0.00090284,4.1233657599999995,1.3891287400000003,1.38893858,0.0023308550999999998,-0.043024040000000596
hexane,368.15,2.6074606,6.88254262,604.42,86.1759,REF,-4.68865604,5.5211e-05,-3.84270868,4.275082019999999,2.6074606,6.84891635,604.42,86.1759,SLE,-3.19702934,0.0017108011,-2.35121734,0.00063529,4.24145575,1.4916266999999999,1.49149134,0.0016555900999999998,-0.03362626999999918
hexane,363.15,2.37014979,6.75822523,607.9,86.1759,REF,-4.95340768,3.0011e-05,-4.10496105,4.38807544,2.37014979,6.7322136,607.9,86.1759,SLE,-3.35546458,0.0011882482,-2.50711286,0.0004411,4.3620638099999995,1.5979430999999997,1.5978481900000001,0.0011582372000000002,-0.026011630000000174
hexane,358.15,2.12743908,6.63303395,611.43,86.1759,REF,-5.22831332,1.5936e-05,-4.37735528,4.5055948699999995,2.12743908,6.61313,611.43,86.1759,SLE,-3.52024773,0.0008132546,-2.66935519,0.00030182,4.48569092,1.70806559,1.7080000899999996,0.0007973186,-0.01990394999999978
hexane,353.15,1.87921951,6.50704299,614.99,86.1759,REF,-5.51391761,8.256132e-06,-4.6604355,4.62782348,1.87921951,6.49198491,614.99,86.1759,SLE,-3.69191735,0.0005478094,-2.83847969,0.00020327,4.612765400000001,1.8220002599999998,1.82195581,0.000539553268,-0.015058079999999308
hexane,348.15,1.62539208,6.38030424,618.59,86.1759,REF,-5.81077621,4.167918e-06,-4.95475701,4.75491216,1.62539208,6.36904796,618.59,86.1759,SLE,-3.87100554,0.000362737,-3.01501596,0.00013458,4.7436558799999995,1.9397706700000001,1.9397410499999999,0.00035856908200000004,-0.011256280000000451
hexane,343.15,1.3658688,6.2528546,622.24,86.1759,REF,-6.11946062,2.047554e-06,-5.26089102,4.8869858,1.3658688,6.24454463,622.24,86.1759,SLE,-4.05804026,0.0002358261,-3.19949002,8.749e-05,4.87867583,2.0614203599999996,2.061401,0.00023377854599999998,-0.00830997
hexane,338.15,1.10057361,6.12472112,625.92,86.1759,REF,-6.44056207,9.775391e-07,-5.57942852,5.024147510000001,1.10057361,6.11866652,625.92,86.1759,SLE,-4.25355111,0.0001503503,-3.39242997,5.578e-05,5.01809291,2.1870109600000003,2.1869985499999998,0.00014937276089999998,-0.006054600000000576
hexane,333.15,0.82944309,5.99592428,629.65,86.1759,REF,-6.77469465,4.528994e-07,-5.91098343,5.16648119,0.82944309,5.99157332,629.65,86.1759,SLE,-4.45807017,9.3886e-05,-3.59436674,3.483e-05,5.16213023,2.3166244799999998,2.31661669,9.343310060000001e-05,-0.004350960000000015
hexane,328.15,0.55242703,5.86648042,633.42,86.1759,REF,-7.12249837,2.033284e-07,-6.25619556,5.31405339,0.55242703,5.8633985,633.42,86.1759,SLE,-4.67213562,5.73516e-05,-3.80583759,2.127e-05,5.31097147,2.45036275,2.45035797,5.71482716e-05,-0.003081919999999627
hexane,323.15,0.26948871,5.73640366,637.23,86.1759,REF,-7.48464219,8.831903e-08,-6.61573372,5.46691495,0.26948871,5.73425296,637.23,86.1759,SLE,-4.89629432,3.42289e-05,-4.02738872,1.27e-05,5.46476425,2.5883478699999998,2.5883449999999995,3.414058097e-05,-0.002150699999999617
hexane,318.15,-0.01939498,5.60570476,641.08,86.1759,REF,-7.86182547,3.705706e-08,-6.99029709,5.6250997400000005,-0.01939498,5.60422783,641.08,86.1759,SLE,-5.13110437,1.99336e-05,-4.25957767,7.39e-06,5.6236228100000005,2.7307211000000002,2.7307194200000007,1.9896542939999997e-05,-0.001476929999999932
hexane,313.15,-0.31423366,5.4743949,644.98,86.1759,REF,-8.25478313,1.499386e-08,-7.38062043,5.78862856,-0.31423366,5.47339745,644.98,86.1759,SLE,-5.37713801,1.13124e-05,-4.50297627,4.2e-06,5.78763111,2.8776451199999995,2.87764416,1.129740614e-05,-0.0009974499999998443
hexane,308.15,-0.6150239,5.34248395,648.93,86.1759,REF,-8.6642876,5.839947e-09,-7.78747599,5.95750785,-0.6150239,5.34182199,648.93,86.1759,SLE,-5.63498488,6.247552e-06,-4.7581738,2.32e-06,5.956845889999999,3.0293027199999996,3.02930219,6.2417120529999995e-06,-0.0006619600000004056
hexane,303.15,-0.92174984,5.20998082,652.92,86.1759,REF,-9.0911526,2.185465e-09,-8.21167734,6.1317306600000006,-0.92174984,5.2095494,652.92,86.1759,SLE,-5.90525514,3.353053e-06,-5.02578017,1.24e-06,6.131299240000001,3.1858974599999987,3.1858971699999996,3.350867535e-06,-0.00043141999999996017
hexane,298.15,-1.23438398,5.07689372,656.96,86.1759,REF,-9.53623742,7.842582e-10,-8.65408358,6.3112777,-1.23438398,5.0766178,656.96,86.1759,SLE,-6.1885835,1.746274e-06,-5.30642981,6.5e-07,6.31100178,3.347653920000001,3.34765377,1.7454897418e-06,-0.00027591999999998507
isopropylamine,403.15,4.12814181,1.9668258,639.37,59.1106,REF,0.0,,0.0,-2.1613160099999997,4.12814181,4.03063607,639.37,59.1106,SLE,-0.3061598,0.7933455179,0.49892431,0.49412884,-0.0975057399999999,-0.3061598,0.49892431,,2.06381027
isopropylamine,398.15,3.9249904,3.09266592,642.86,59.1106,REF,-0.80845257,0.4197252079,0.1421341,-0.83232448,3.9249904,3.80329291,642.86,59.1106,SLE,-0.3344894,0.7720852794,0.48419472,0.46292497,-0.12169748999999985,0.47396317000000004,0.34206062000000004,0.35236007150000004,0.7106269900000002
isopropylamine,393.15,3.71738099,2.74228247,646.38,59.1106,REF,-0.86147739,0.3853436528,0.10046317,-0.97509852,3.71738099,3.56828883,646.38,59.1106,SLE,-0.36181234,0.7513803632,0.46966064,0.43469802,-0.14909215999999992,0.49966505,0.36919747,0.3660367104,0.82600636
isopropylamine,388.15,3.50516833,2.38045376,649.93,59.1106,REF,-0.91201593,0.3541907658,0.060052,-1.12471457,3.50516833,3.325398,649.93,59.1106,SLE,-0.38804739,0.7313512341,0.45542446,0.40921601,-0.1797703300000002,0.52396854,0.39537246,0.37716046830000005,0.9449442399999999
isopropylamine,383.15,3.28820878,2.00749504,653.51,59.1106,REF,-0.96023262,0.3260184493,0.02093223,-1.2807137400000004,3.28820878,3.07443782,653.51,59.1106,SLE,-0.41313291,0.7120965251,0.44157774,0.38624875,-0.21377096000000018,0.5470997099999999,0.42064551,0.3860780758,1.0669427800000002
isopropylamine,378.15,3.06636144,1.62382948,657.13,59.1106,REF,-1.00636136,0.3005268765,-0.01695762,-1.4425319600000002,3.06636144,2.8152565,657.13,59.1106,SLE,-0.43702034,0.6936969448,0.42820353,0.36557767,-0.2511049400000003,0.5693410200000001,0.44516115,0.3931700683,1.19142702
isopropylamine,373.15,2.83948933,1.22968697,660.78,59.1106,REF,-1.05053309,0.2774760731,-0.05361744,-1.6098023600000002,2.83948933,2.54773502,660.78,59.1106,SLE,-0.45967552,0.6762139058,0.41537418,0.34699601,-0.29175430999999996,0.59085757,0.46899162,0.39873783269999996,1.3180480500000002
isopropylamine,368.15,2.6074606,0.82525333,664.46,59.1106,REF,-1.09285663,0.2566408364,-0.08904806,-1.78220727,2.6074606,2.2718034,664.46,59.1106,SLE,-0.48108855,0.6596820612,0.40314347,0.33030219,-0.3356572,0.61176808,0.49219153,0.40304122479999993,1.44655007
isopropylamine,363.15,2.37014979,0.41065814,668.18,59.1106,REF,-1.13340914,0.2378183134,-0.12323836,-1.9594916500000001,2.37014979,1.9874228,668.18,59.1106,SLE,-0.50126398,0.6441175194,0.39155199,0.31530875,-0.3827269900000001,0.6321451599999999,0.5147903500000001,0.4062992059999999,1.57676466
isopropylamine,358.15,2.12743908,-0.01395321,671.94,59.1106,REF,-1.17227705,0.2208107125,-0.15619883,-2.1413922899999998,2.12743908,1.69456546,671.94,59.1106,SLE,-0.52020878,0.6295280459,0.38063489,0.30185002,-0.43287361999999985,0.6520682699999999,0.53683372,0.4087173334,1.70851867
isopropylamine,353.15,1.87921951,-0.44861634,675.72,59.1106,REF,-1.20943419,0.2054781527,-0.18784785,-2.32783585,1.87921951,1.39325656,675.72,59.1106,SLE,-0.53795768,0.6158946313,0.37040404,0.2897626,-0.48596295,0.6714765100000001,0.55825189,0.41041647859999997,1.8418729
isopropylamine,348.15,1.62539208,-0.89315051,679.55,59.1106,REF,-1.24498248,0.1916364232,-0.2182293,-2.51854259,1.62539208,1.08353756,679.55,59.1106,SLE,-0.55455133,0.6031894352,0.36086275,0.2789001,-0.54185452,0.69043115,0.57909205,0.41155301200000005,1.97668807
isopropylamine,343.15,1.3658688,-1.34761806,683.41,59.1106,REF,-1.2788679,0.1791740748,-0.24725086,-2.71348686,1.3658688,0.76545076,683.41,59.1106,SLE,-0.57002633,0.5913844728,0.35201314,0.26913716,-0.6004180400000001,0.70884157,0.599264,0.4122103979999999,2.11306882
isopropylamine,338.15,1.10057361,-1.81190183,687.31,59.1106,REF,-1.31114157,0.1679486405,-0.274923,-2.91247544,1.10057361,0.4390891,687.31,59.1106,SLE,-0.5844464,0.5804287485,0.34383396,0.26034761,-0.6614845100000001,0.72669517,0.61875696,0.412480108,2.25099093
isopropylamine,333.15,0.82944309,-2.28600925,691.24,59.1106,REF,-1.34176766,0.1578588969,-0.30118036,-3.11545234,0.82944309,0.10454947,691.24,59.1106,SLE,-0.59787334,0.5702713401,0.33630148,0.25242169,-0.72489362,0.7438943199999999,0.63748184,0.41241244320000003,2.39055872
isopropylamine,328.15,0.55242703,-2.76986546,695.21,59.1106,REF,-1.37075415,0.148797399,-0.32600254,-3.32229249,0.55242703,-0.23809454,695.21,59.1106,SLE,-0.61034825,0.5608760483,0.32940383,0.24527413,-0.79052157,0.7604059,0.65540637,0.41207864930000004,2.53177092
isopropylamine,323.15,0.26948871,-3.26334963,699.22,59.1106,REF,-1.39813148,0.1406602726,-0.34939419,-3.53283834,0.26948871,-0.58870108,699.22,59.1106,SLE,-0.62195164,0.5521766142,0.32309725,0.23880772,-0.85818979,0.77617984,0.6724914399999999,0.41151634159999995,2.67464855
isopropylamine,318.15,-0.01939498,-3.76640389,703.27,59.1106,REF,-1.42387942,0.133368477,-0.37131545,-3.74700891,-0.01939498,-0.94716901,703.27,59.1106,SLE,-0.63273149,0.5441312527,0.31735928,0.23295311,-0.92777403,0.79114793,0.68867473,0.41076277569999997,2.8192348799999998
isopropylamine,313.15,-0.31423366,-4.27889529,707.36,59.1106,REF,-1.4480194,0.1268394536,-0.39176864,-3.96466163,-0.31423366,-1.31334878,707.36,59.1106,SLE,-0.64276288,0.5366782077,0.31214499,0.227634,-0.9991151200000001,0.8052565199999999,0.70391363,0.4098387540999999,2.9655465100000002
isopropylamine,308.15,-0.6150239,-4.80065811,711.49,59.1106,REF,-1.47058827,0.1209957857,-0.41077334,-4.18563421,-0.6150239,-1.68712815,711.49,59.1106,SLE,-0.65208956,0.5297794732,0.30743088,0.22279756,-1.07210425,0.81849871,0.7182042200000001,0.40878368749999994,3.11352996
isopropylamine,303.15,-0.92174984,-5.33151284,715.66,59.1106,REF,-1.49162624,0.1157680794,-0.42835477,-4.409763,-0.92174984,-2.06837313,715.66,59.1106,SLE,-0.66076433,0.523390783,0.30318509,0.21839147,-1.14662329,0.83086191,0.73153986,0.40762270359999997,3.26313971
isopropylamine,298.15,-1.23438398,-5.87124449,719.87,59.1106,REF,-1.51119376,0.1110902361,-0.44455951,-4.63686051,-1.23438398,-2.45694273,719.87,59.1106,SLE,-0.66883944,0.5174688304,0.2993747,0.2143683,-1.2225587500000001,0.8423543200000001,0.7439342099999999,0.4063785943,3.41430176
methanol,403.15,4.12814181,3.84507545,663.69,32.042,REF,-0.97709596,0.4607330339,0.19923618,-0.28306635999999985,4.12814181,4.08347767,663.69,32.042,SLE,-0.33479253,0.861903045,0.55525521,0.46260197,-0.044664140000000074,0.64230343,0.35601903,0.40117001110000006,0.23840221999999978
methanol,403.15,4.12814181,3.84507545,663.69,32.042,REF,-0.97709596,0.4607330339,0.19923618,-0.28306635999999985,4.12814181,4.08347767,663.69,32.042,SLE,-0.33479253,0.861903045,0.55525521,0.46260197,-0.044664140000000074,0.64230343,0.35601903,0.40117001110000006,0.23840221999999978
methanol,398.15,3.9249904,3.60374258,667.37,32.042,REF,-1.08898384,0.3913991703,0.11772491,-0.32124781999999996,3.9249904,3.87153633,667.37,32.042,SLE,-0.37193213,0.8425722266,0.54315981,0.42468593,-0.05345406999999991,0.71705171,0.4254349,0.4511730563,0.26779375000000005
methanol,398.15,3.9249904,3.60374258,667.37,32.042,REF,-1.08898384,0.3913991703,0.11772491,-0.32124781999999996,3.9249904,3.87153633,667.37,32.042,SLE,-0.37193213,0.8425722266,0.54315981,0.42468593,-0.05345406999999991,0.71705171,0.4254349,0.4511730563,0.26779375000000005
methanol,393.15,3.71738099,3.36086839,671.08,32.042,REF,-1.20533899,0.3251979954,0.02754785,-0.3565126000000003,3.71738099,3.65450467,671.08,32.042,SLE,-0.40971749,0.8221227597,0.53005042,0.3892983,-0.06287631999999999,0.7956215,0.50250257,0.49692476430000004,0.2936362800000003
methanol,393.15,3.71738099,3.36086839,671.08,32.042,REF,-1.20533899,0.3251979954,0.02754785,-0.3565126000000003,3.71738099,3.65450467,671.08,32.042,SLE,-0.40971749,0.8221227597,0.53005042,0.3892983,-0.06287631999999999,0.7956215,0.50250257,0.49692476430000004,0.2936362800000003
methanol,388.15,3.50516833,3.11723827,674.83,32.042,REF,-1.32685805,0.2638825332,-0.07167964,-0.38793005999999997,3.50516833,3.43226415,674.83,32.042,SLE,-0.44819163,0.8005239786,0.51585651,0.35629389,-0.0729041800000001,0.8786664200000001,0.58753615,0.5366414454,0.31502587999999987
methanol,388.15,3.50516833,3.11723827,674.83,32.042,REF,-1.32685805,0.2638825332,-0.07167964,-0.38793005999999997,3.50516833,3.43226415,674.83,32.042,SLE,-0.44819163,0.8005239786,0.51585651,0.35629389,-0.0729041800000001,0.8786664200000001,0.58753615,0.5366414454,0.31502587999999987
methanol,383.15,3.28820878,2.87340407,678.61,32.042,REF,-1.45413986,0.2089204818,-0.18021607,-0.4148047100000003,3.28820878,3.20469738,678.61,32.042,SLE,-0.48739963,0.7777527481,0.50050379,0.32553701,-0.08351140000000035,0.96674023,0.68071986,0.5688322663,0.33129330999999995
methanol,383.15,3.28820878,2.87340407,678.61,32.042,REF,-1.45413986,0.2089204818,-0.18021607,-0.4148047100000003,3.28820878,3.20469738,678.61,32.042,SLE,-0.48739963,0.7777527481,0.50050379,0.32553701,-0.08351140000000035,0.96674023,0.68071986,0.5688322663,0.33129330999999995
methanol,378.15,3.06636144,2.62960115,682.44,32.042,REF,-1.58763047,0.1613238215,-0.29813785,-0.43676029000000005,3.06636144,2.97169061,682.44,32.042,SLE,-0.52738962,0.7537949507,0.48391382,0.29690012,-0.0946708300000001,1.06024085,0.78205167,0.5924711292,0.34208945999999996
methanol,378.15,3.06636144,2.62960115,682.44,32.042,REF,-1.58763047,0.1613238215,-0.29813785,-0.43676029000000005,3.06636144,2.97169061,682.44,32.042,SLE,-0.52738962,0.7537949507,0.48391382,0.29690012,-0.0946708300000001,1.06024085,0.78205167,0.5924711292,0.34208945999999996
methanol,373.15,2.83948933,2.38570202,686.31,32.042,REF,-1.72758503,0.1215374863,-0.42530415,-0.45378731000000005,2.83948933,2.73312666,686.31,32.042,SLE,-0.56820811,0.7286505699,0.46600647,0.2702663,-0.10636267000000021,1.15937692,0.89131062,0.6071130836,0.34742463999999984
methanol,373.15,2.83948933,2.38570202,686.31,32.042,REF,-1.72758503,0.1215374863,-0.42530415,-0.45378731000000005,2.83948933,2.73312666,686.31,32.042,SLE,-0.56820811,0.7286505699,0.46600647,0.2702663,-0.10636267000000021,1.15937692,0.89131062,0.6071130836,0.34742463999999984
methanol,368.15,2.6074606,2.14126218,690.22,32.042,REF,-1.87408131,0.0894214715,-0.56137941,-0.46619842,2.6074606,2.4888897,690.22,32.042,SLE,-0.60990196,0.7023351516,0.44669957,0.24552631,-0.11857089999999992,1.26417935,1.00807898,0.6129136801,0.3476275200000001
methanol,368.15,2.6074606,2.14126218,690.22,32.042,REF,-1.87408131,0.0894214715,-0.56137941,-0.46619842,2.6074606,2.4888897,690.22,32.042,SLE,-0.60990196,0.7023351516,0.44669957,0.24552631,-0.11857089999999992,1.26417935,1.00807898,0.6129136801,0.3476275200000001
methanol,363.15,2.37014979,1.89558812,694.17,32.042,REF,-2.02704764,0.0643472482,-0.70587983,-0.47456167000000016,2.37014979,2.23888163,694.17,32.042,SLE,-0.65252753,0.6748764038,0.42590441,0.22257299,-0.1312681600000003,1.3745201100000002,1.13178424,0.6105291556,0.34329350999999986
methanol,363.15,2.37014979,1.89558812,694.17,32.042,REF,-2.02704764,0.0643472482,-0.70587983,-0.47456167000000016,2.37014979,2.23888163,694.17,32.042,SLE,-0.65252753,0.6748764038,0.42590441,0.22257299,-0.1312681600000003,1.3745201100000002,1.13178424,0.6105291556,0.34329350999999986
methanol,358.15,2.12743908,1.64784587,698.16,32.042,REF,-2.18631802,0.0453648494,-0.85824914,-0.47959320999999977,2.12743908,1.98300144,698.16,32.042,SLE,-0.696138,0.6463245956,0.40353263,0.20130845,-0.1444376399999998,1.49018002,1.26178177,0.6009597462,0.33515556999999996
methanol,358.15,2.12743908,1.64784587,698.16,32.042,REF,-2.18631802,0.0453648494,-0.85824914,-0.47959320999999977,2.12743908,1.98300144,698.16,32.042,SLE,-0.696138,0.6463245956,0.40353263,0.20130845,-0.1444376399999998,1.49018002,1.26178177,0.6009597462,0.33515556999999996
methanol,353.15,1.87921951,1.39718038,702.19,32.042,REF,-2.3516985,0.0313871095,-1.0179431,-0.48203913,1.87921951,1.72116102,702.19,32.042,SLE,-0.74079206,0.6167492776,0.3794921,0.18163851,-0.15805848999999994,1.61090644,1.3974352,0.5853621681,0.32398064000000004
methanol,353.15,1.87921951,1.39718038,702.19,32.042,REF,-2.3516985,0.0313871095,-1.0179431,-0.48203913,1.87921951,1.72116102,702.19,32.042,SLE,-0.74079206,0.6167492776,0.3794921,0.18163851,-0.15805848999999994,1.61090644,1.3974352,0.5853621681,0.32398064000000004
methanol,348.15,1.62539208,1.14279588,706.27,32.042,REF,-2.52301494,0.0213443203,-1.18448895,-0.4825961999999999,1.62539208,1.45329355,706.27,32.042,SLE,-0.78655897,0.586237797,0.35368395,0.16347112,-0.17209852999999997,1.73645597,1.5381729,0.5648934767,0.31049766999999995
methanol,348.15,1.62539208,1.14279588,706.27,32.042,REF,-2.52301494,0.0213443203,-1.18448895,-0.4825961999999999,1.62539208,1.45329355,706.27,32.042,SLE,-0.78655897,0.586237797,0.35368395,0.16347112,-0.17209852999999997,1.73645597,1.5381729,0.5648934767,0.31049766999999995
methanol,343.15,1.3658688,0.8840081,710.39,32.042,REF,-2.70014705,0.0142835114,-1.35752309,-0.48186070000000014,1.3658688,1.17933851,710.39,32.042,SLE,-0.83350899,0.5549031398,0.32600838,0.14672057,-0.1865302900000001,1.86663806,1.68353147,0.5406196284,0.29533041000000004
methanol,343.15,1.3658688,0.8840081,710.39,32.042,REF,-2.70014705,0.0142835114,-1.35752309,-0.48186070000000014,1.3658688,1.17933851,710.39,32.042,SLE,-0.83350899,0.5549031398,0.32600838,0.14672057,-0.1865302900000001,1.86663806,1.68353147,0.5406196284,0.29533041000000004
methanol,338.15,1.10057361,0.6202601,714.55,32.042,REF,-2.88304203,0.0094141666,-1.53680207,-0.4803135100000001,1.10057361,0.89926051,714.55,32.042,SLE,-0.88172505,0.5228772324,0.29635762,0.13130309,-0.20131310000000013,2.00131698,1.83315969,0.5134630657999999,0.27900041
methanol,338.15,1.10057361,0.6202601,714.55,32.042,REF,-2.88304203,0.0094141666,-1.53680207,-0.4803135100000001,1.10057361,0.89926051,714.55,32.042,SLE,-0.88172505,0.5228772324,0.29635762,0.13130309,-0.20131310000000013,2.00131698,1.83315969,0.5134630657999999,0.27900041
methanol,333.15,0.82944309,0.35111954,718.76,32.042,REF,-3.07171733,0.0061143507,-1.72219874,-0.47832355000000004,0.82944309,0.61303935,718.76,32.042,SLE,-0.93129665,0.4903154851,0.26461964,0.11713949,-0.21640374000000007,2.14042068,1.98681838,0.4842011344,0.26191981
methanol,333.15,0.82944309,0.35111954,718.76,32.042,REF,-3.07171733,0.0061143507,-1.72219874,-0.47832355000000004,0.82944309,0.61303935,718.76,32.042,SLE,-0.93129665,0.4903154851,0.26461964,0.11713949,-0.21640374000000007,2.14042068,1.98681838,0.4842011344,0.26191981
methanol,328.15,0.55242703,0.07626364,723.02,32.042,REF,-3.26625565,0.0039141669,-1.91368906,-0.4761633900000001,0.55242703,0.32067842,723.02,32.042,SLE,-0.98232556,0.4573928269,0.23067441,0.10415364,-0.23174861000000002,2.28393009,2.14436347,0.45347866,0.24441478000000005
methanol,328.15,0.55242703,0.07626364,723.02,32.042,REF,-3.26625565,0.0039141669,-1.91368906,-0.4761633900000001,0.55242703,0.32067842,723.02,32.042,SLE,-0.98232556,0.4573928269,0.23067441,0.10415364,-0.23174861000000002,2.28393009,2.14436347,0.45347866,0.24441478000000005
methanol,323.15,0.26948871,-0.20453948,727.32,32.042,REF,-3.46679716,0.0024696768,-2.11133622,-0.47402819,0.26948871,0.02219821,727.32,32.042,SLE,-1.03492205,0.424305141,0.19439627,0.0922737,-0.24729050000000002,2.43187511,2.30573249,0.4218354642,0.22673769
methanol,323.15,0.26948871,-0.20453948,727.32,32.042,REF,-3.46679716,0.0024696768,-2.11133622,-0.47402819,0.26948871,0.02219821,727.32,32.042,SLE,-1.03492205,0.424305141,0.19439627,0.0922737,-0.24729050000000002,2.43187511,2.30573249,0.4218354642,0.22673769
methanol,318.15,-0.01939498,-0.49144922,731.67,32.042,REF,-3.67353126,0.0015355232,-2.31527513,-0.47205424,-0.01939498,-0.28235101,731.67,32.042,SLE,-1.08921418,0.3912616383,0.15564709,0.08143026,-0.26295603,2.58431708,2.47092222,0.3897261151,0.20909821
methanol,318.15,-0.01939498,-0.49144922,731.67,32.042,REF,-3.67353126,0.0015355232,-2.31527513,-0.47205424,-0.01939498,-0.28235101,731.67,32.042,SLE,-1.08921418,0.3912616383,0.15564709,0.08143026,-0.26295603,2.58431708,2.47092222,0.3897261151,0.20909821
methanol,313.15,-0.31423366,-0.78456824,736.07,32.042,REF,-3.88668965,0.0009404182,-2.52569964,-0.47033458,-0.31423366,-0.59290908,736.07,32.042,SLE,-1.14533534,0.3584898278,0.11428534,0.07155907,-0.27867541999999995,2.74135431,2.63998498,0.3575494096,0.19165916000000005
methanol,313.15,-0.31423366,-0.78456824,736.07,32.042,REF,-3.88668965,0.0009404182,-2.52569964,-0.47033458,-0.31423366,-0.59290908,736.07,32.042,SLE,-1.14533534,0.3584898278,0.11428534,0.07155907,-0.27867541999999995,2.74135431,2.63998498,0.3575494096,0.19165916000000005
methanol,308.15,-0.6150239,-1.0839554,740.51,32.042,REF,-4.10654088,0.0005670348,-2.74285238,-0.46893150000000006,-0.6150239,-0.90939103,740.51,32.042,SLE,-1.20343543,0.3262247627,0.07015777,0.06259859,-0.29436713000000003,2.90310545,2.8130101499999998,0.3256577279,0.17456437000000002
methanol,308.15,-0.6150239,-1.0839554,740.51,32.042,REF,-4.10654088,0.0005670348,-2.74285238,-0.46893150000000006,-0.6150239,-0.90939103,740.51,32.042,SLE,-1.20343543,0.3262247627,0.07015777,0.06259859,-0.29436713000000003,2.90310545,2.8130101499999998,0.3256577279,0.17456437000000002
methanol,303.15,-0.92174984,-1.38963585,745.01,32.042,REF,-4.33338653,0.0003363957,-2.96701747,-0.46788600999999985,-0.92174984,-1.23169154,745.01,32.042,SLE,-1.26367937,0.2947054478,0.02310024,0.05449048,-0.3099416999999999,3.06970716,2.9901177100000003,0.29436905210000003,0.15794430999999998
methanol,303.15,-0.92174984,-1.38963585,745.01,32.042,REF,-4.33338653,0.0003363957,-2.96701747,-0.46788600999999985,-0.92174984,-1.23169154,745.01,32.042,SLE,-1.26367937,0.2947054478,0.02310024,0.05449048,-0.3099416999999999,3.06970716,2.9901177100000003,0.29436905210000003,0.15794430999999998
methanol,298.15,-1.23438398,-1.70160891,749.56,32.042,REF,-4.56755886,0.0001962143,-3.19851555,-0.46722493,-1.23438398,-1.55970355,749.56,32.042,SLE,-1.32623518,0.2641750146,-0.0270522,0.04718075,-0.32531957,3.24132368,3.1714633500000002,0.2639788003,0.14190535999999998
methanol,298.15,-1.23438398,-1.70160891,749.56,32.042,REF,-4.56755886,0.0001962143,-3.19851555,-0.46722493,-1.23438398,-1.55970355,749.56,32.042,SLE,-1.32623518,0.2641750146,-0.0270522,0.04718075,-0.32531957,3.24132368,3.1714633500000002,0.2639788003,0.14190535999999998
methanol,403.15,4.12814181,3.84507545,663.69,32.042,REF,-0.97709596,0.4607330339,0.19923618,-0.28306635999999985,4.12814181,4.08347767,663.69,32.042,SLE,-0.33479253,0.861903045,0.55525521,0.46260197,-0.044664140000000074,0.64230343,0.35601903,0.40117001110000006,0.23840221999999978
methanol,403.15,4.12814181,3.84507545,663.69,32.042,REF,-0.97709596,0.4607330339,0.19923618,-0.28306635999999985,4.12814181,4.08347767,663.69,32.042,SLE,-0.33479253,0.861903045,0.55525521,0.46260197,-0.044664140000000074,0.64230343,0.35601903,0.40117001110000006,0.23840221999999978
methanol,398.15,3.9249904,3.60374258,667.37,32.042,REF,-1.08898384,0.3913991703,0.11772491,-0.32124781999999996,3.9249904,3.87153633,667.37,32.042,SLE,-0.37193213,0.8425722266,0.54315981,0.42468593,-0.05345406999999991,0.71705171,0.4254349,0.4511730563,0.26779375000000005
methanol,398.15,3.9249904,3.60374258,667.37,32.042,REF,-1.08898384,0.3913991703,0.11772491,-0.32124781999999996,3.9249904,3.87153633,667.37,32.042,SLE,-0.37193213,0.8425722266,0.54315981,0.42468593,-0.05345406999999991,0.71705171,0.4254349,0.4511730563,0.26779375000000005
methanol,393.15,3.71738099,3.36086839,671.08,32.042,REF,-1.20533899,0.3251979954,0.02754785,-0.3565126000000003,3.71738099,3.65450467,671.08,32.042,SLE,-0.40971749,0.8221227597,0.53005042,0.3892983,-0.06287631999999999,0.7956215,0.50250257,0.49692476430000004,0.2936362800000003
methanol,393.15,3.71738099,3.36086839,671.08,32.042,REF,-1.20533899,0.3251979954,0.02754785,-0.3565126000000003,3.71738099,3.65450467,671.08,32.042,SLE,-0.40971749,0.8221227597,0.53005042,0.3892983,-0.06287631999999999,0.7956215,0.50250257,0.49692476430000004,0.2936362800000003
methanol,388.15,3.50516833,3.11723827,674.83,32.042,REF,-1.32685805,0.2638825332,-0.07167964,-0.38793005999999997,3.50516833,3.43226415,674.83,32.042,SLE,-0.44819163,0.8005239786,0.51585651,0.35629389,-0.0729041800000001,0.8786664200000001,0.58753615,0.5366414454,0.31502587999999987
methanol,388.15,3.50516833,3.11723827,674.83,32.042,REF,-1.32685805,0.2638825332,-0.07167964,-0.38793005999999997,3.50516833,3.43226415,674.83,32.042,SLE,-0.44819163,0.8005239786,0.51585651,0.35629389,-0.0729041800000001,0.8786664200000001,0.58753615,0.5366414454,0.31502587999999987
methanol,383.15,3.28820878,2.87340407,678.61,32.042,REF,-1.45413986,0.2089204818,-0.18021607,-0.4148047100000003,3.28820878,3.20469738,678.61,32.042,SLE,-0.48739963,0.7777527481,0.50050379,0.32553701,-0.08351140000000035,0.96674023,0.68071986,0.5688322663,0.33129330999999995
methanol,383.15,3.28820878,2.87340407,678.61,32.042,REF,-1.45413986,0.2089204818,-0.18021607,-0.4148047100000003,3.28820878,3.20469738,678.61,32.042,SLE,-0.48739963,0.7777527481,0.50050379,0.32553701,-0.08351140000000035,0.96674023,0.68071986,0.5688322663,0.33129330999999995
methanol,378.15,3.06636144,2.62960115,682.44,32.042,REF,-1.58763047,0.1613238215,-0.29813785,-0.43676029000000005,3.06636144,2.97169061,682.44,32.042,SLE,-0.52738962,0.7537949507,0.48391382,0.29690012,-0.0946708300000001,1.06024085,0.78205167,0.5924711292,0.34208945999999996
methanol,378.15,3.06636144,2.62960115,682.44,32.042,REF,-1.58763047,0.1613238215,-0.29813785,-0.43676029000000005,3.06636144,2.97169061,682.44,32.042,SLE,-0.52738962,0.7537949507,0.48391382,0.29690012,-0.0946708300000001,1.06024085,0.78205167,0.5924711292,0.34208945999999996
methanol,373.15,2.83948933,2.38570202,686.31,32.042,REF,-1.72758503,0.1215374863,-0.42530415,-0.45378731000000005,2.83948933,2.73312666,686.31,32.042,SLE,-0.56820811,0.7286505699,0.46600647,0.2702663,-0.10636267000000021,1.15937692,0.89131062,0.6071130836,0.34742463999999984
methanol,373.15,2.83948933,2.38570202,686.31,32.042,REF,-1.72758503,0.1215374863,-0.42530415,-0.45378731000000005,2.83948933,2.73312666,686.31,32.042,SLE,-0.56820811,0.7286505699,0.46600647,0.2702663,-0.10636267000000021,1.15937692,0.89131062,0.6071130836,0.34742463999999984
methanol,368.15,2.6074606,2.14126218,690.22,32.042,REF,-1.87408131,0.0894214715,-0.56137941,-0.46619842,2.6074606,2.4888897,690.22,32.042,SLE,-0.60990196,0.7023351516,0.44669957,0.24552631,-0.11857089999999992,1.26417935,1.00807898,0.6129136801,0.3476275200000001
methanol,368.15,2.6074606,2.14126218,690.22,32.042,REF,-1.87408131,0.0894214715,-0.56137941,-0.46619842,2.6074606,2.4888897,690.22,32.042,SLE,-0.60990196,0.7023351516,0.44669957,0.24552631,-0.11857089999999992,1.26417935,1.00807898,0.6129136801,0.3476275200000001
methanol,363.15,2.37014979,1.89558812,694.17,32.042,REF,-2.02704764,0.0643472482,-0.70587983,-0.47456167000000016,2.37014979,2.23888163,694.17,32.042,SLE,-0.65252753,0.6748764038,0.42590441,0.22257299,-0.1312681600000003,1.3745201100000002,1.13178424,0.6105291556,0.34329350999999986
methanol,363.15,2.37014979,1.89558812,694.17,32.042,REF,-2.02704764,0.0643472482,-0.70587983,-0.47456167000000016,2.37014979,2.23888163,694.17,32.042,SLE,-0.65252753,0.6748764038,0.42590441,0.22257299,-0.1312681600000003,1.3745201100000002,1.13178424,0.6105291556,0.34329350999999986
methanol,358.15,2.12743908,1.64784587,698.16,32.042,REF,-2.18631802,0.0453648494,-0.85824914,-0.47959320999999977,2.12743908,1.98300144,698.16,32.042,SLE,-0.696138,0.6463245956,0.40353263,0.20130845,-0.1444376399999998,1.49018002,1.26178177,0.6009597462,0.33515556999999996
methanol,358.15,2.12743908,1.64784587,698.16,32.042,REF,-2.18631802,0.0453648494,-0.85824914,-0.47959320999999977,2.12743908,1.98300144,698.16,32.042,SLE,-0.696138,0.6463245956,0.40353263,0.20130845,-0.1444376399999998,1.49018002,1.26178177,0.6009597462,0.33515556999999996
methanol,353.15,1.87921951,1.39718038,702.19,32.042,REF,-2.3516985,0.0313871095,-1.0179431,-0.48203913,1.87921951,1.72116102,702.19,32.042,SLE,-0.74079206,0.6167492776,0.3794921,0.18163851,-0.15805848999999994,1.61090644,1.3974352,0.5853621681,0.32398064000000004
methanol,353.15,1.87921951,1.39718038,702.19,32.042,REF,-2.3516985,0.0313871095,-1.0179431,-0.48203913,1.87921951,1.72116102,702.19,32.042,SLE,-0.74079206,0.6167492776,0.3794921,0.18163851,-0.15805848999999994,1.61090644,1.3974352,0.5853621681,0.32398064000000004
methanol,348.15,1.62539208,1.14279588,706.27,32.042,REF,-2.52301494,0.0213443203,-1.18448895,-0.4825961999999999,1.62539208,1.45329355,706.27,32.042,SLE,-0.78655897,0.586237797,0.35368395,0.16347112,-0.17209852999999997,1.73645597,1.5381729,0.5648934767,0.31049766999999995
methanol,348.15,1.62539208,1.14279588,706.27,32.042,REF,-2.52301494,0.0213443203,-1.18448895,-0.4825961999999999,1.62539208,1.45329355,706.27,32.042,SLE,-0.78655897,0.586237797,0.35368395,0.16347112,-0.17209852999999997,1.73645597,1.5381729,0.5648934767,0.31049766999999995
methanol,343.15,1.3658688,0.8840081,710.39,32.042,REF,-2.70014705,0.0142835114,-1.35752309,-0.48186070000000014,1.3658688,1.17933851,710.39,32.042,SLE,-0.83350899,0.5549031398,0.32600838,0.14672057,-0.1865302900000001,1.86663806,1.68353147,0.5406196284,0.29533041000000004
methanol,343.15,1.3658688,0.8840081,710.39,32.042,REF,-2.70014705,0.0142835114,-1.35752309,-0.48186070000000014,1.3658688,1.17933851,710.39,32.042,SLE,-0.83350899,0.5549031398,0.32600838,0.14672057,-0.1865302900000001,1.86663806,1.68353147,0.5406196284,0.29533041000000004
methanol,338.15,1.10057361,0.6202601,714.55,32.042,REF,-2.88304203,0.0094141666,-1.53680207,-0.4803135100000001,1.10057361,0.89926051,714.55,32.042,SLE,-0.88172505,0.5228772324,0.29635762,0.13130309,-0.20131310000000013,2.00131698,1.83315969,0.5134630657999999,0.27900041
methanol,338.15,1.10057361,0.6202601,714.55,32.042,REF,-2.88304203,0.0094141666,-1.53680207,-0.4803135100000001,1.10057361,0.89926051,714.55,32.042,SLE,-0.88172505,0.5228772324,0.29635762,0.13130309,-0.20131310000000013,2.00131698,1.83315969,0.5134630657999999,0.27900041
methanol,333.15,0.82944309,0.35111954,718.76,32.042,REF,-3.07171733,0.0061143507,-1.72219874,-0.47832355000000004,0.82944309,0.61303935,718.76,32.042,SLE,-0.93129665,0.4903154851,0.26461964,0.11713949,-0.21640374000000007,2.14042068,1.98681838,0.4842011344,0.26191981
methanol,333.15,0.82944309,0.35111954,718.76,32.042,REF,-3.07171733,0.0061143507,-1.72219874,-0.47832355000000004,0.82944309,0.61303935,718.76,32.042,SLE,-0.93129665,0.4903154851,0.26461964,0.11713949,-0.21640374000000007,2.14042068,1.98681838,0.4842011344,0.26191981
methanol,328.15,0.55242703,0.07626364,723.02,32.042,REF,-3.26625565,0.0039141669,-1.91368906,-0.4761633900000001,0.55242703,0.32067842,723.02,32.042,SLE,-0.98232556,0.4573928269,0.23067441,0.10415364,-0.23174861000000002,2.28393009,2.14436347,0.45347866,0.24441478000000005
methanol,328.15,0.55242703,0.07626364,723.02,32.042,REF,-3.26625565,0.0039141669,-1.91368906,-0.4761633900000001,0.55242703,0.32067842,723.02,32.042,SLE,-0.98232556,0.4573928269,0.23067441,0.10415364,-0.23174861000000002,2.28393009,2.14436347,0.45347866,0.24441478000000005
methanol,323.15,0.26948871,-0.20453948,727.32,32.042,REF,-3.46679716,0.0024696768,-2.11133622,-0.47402819,0.26948871,0.02219821,727.32,32.042,SLE,-1.03492205,0.424305141,0.19439627,0.0922737,-0.24729050000000002,2.43187511,2.30573249,0.4218354642,0.22673769
methanol,323.15,0.26948871,-0.20453948,727.32,32.042,REF,-3.46679716,0.0024696768,-2.11133622,-0.47402819,0.26948871,0.02219821,727.32,32.042,SLE,-1.03492205,0.424305141,0.19439627,0.0922737,-0.24729050000000002,2.43187511,2.30573249,0.4218354642,0.22673769
methanol,318.15,-0.01939498,-0.49144922,731.67,32.042,REF,-3.67353126,0.0015355232,-2.31527513,-0.47205424,-0.01939498,-0.28235101,731.67,32.042,SLE,-1.08921418,0.3912616383,0.15564709,0.08143026,-0.26295603,2.58431708,2.47092222,0.3897261151,0.20909821
methanol,318.15,-0.01939498,-0.49144922,731.67,32.042,REF,-3.67353126,0.0015355232,-2.31527513,-0.47205424,-0.01939498,-0.28235101,731.67,32.042,SLE,-1.08921418,0.3912616383,0.15564709,0.08143026,-0.26295603,2.58431708,2.47092222,0.3897261151,0.20909821
methanol,313.15,-0.31423366,-0.78456824,736.07,32.042,REF,-3.88668965,0.0009404182,-2.52569964,-0.47033458,-0.31423366,-0.59290908,736.07,32.042,SLE,-1.14533534,0.3584898278,0.11428534,0.07155907,-0.27867541999999995,2.74135431,2.63998498,0.3575494096,0.19165916000000005
methanol,313.15,-0.31423366,-0.78456824,736.07,32.042,REF,-3.88668965,0.0009404182,-2.52569964,-0.47033458,-0.31423366,-0.59290908,736.07,32.042,SLE,-1.14533534,0.3584898278,0.11428534,0.07155907,-0.27867541999999995,2.74135431,2.63998498,0.3575494096,0.19165916000000005
methanol,308.15,-0.6150239,-1.0839554,740.51,32.042,REF,-4.10654088,0.0005670348,-2.74285238,-0.46893150000000006,-0.6150239,-0.90939103,740.51,32.042,SLE,-1.20343543,0.3262247627,0.07015777,0.06259859,-0.29436713000000003,2.90310545,2.8130101499999998,0.3256577279,0.17456437000000002
methanol,308.15,-0.6150239,-1.0839554,740.51,32.042,REF,-4.10654088,0.0005670348,-2.74285238,-0.46893150000000006,-0.6150239,-0.90939103,740.51,32.042,SLE,-1.20343543,0.3262247627,0.07015777,0.06259859,-0.29436713000000003,2.90310545,2.8130101499999998,0.3256577279,0.17456437000000002
methanol,303.15,-0.92174984,-1.38963585,745.01,32.042,REF,-4.33338653,0.0003363957,-2.96701747,-0.46788600999999985,-0.92174984,-1.23169154,745.01,32.042,SLE,-1.26367937,0.2947054478,0.02310024,0.05449048,-0.3099416999999999,3.06970716,2.9901177100000003,0.29436905210000003,0.15794430999999998
methanol,303.15,-0.92174984,-1.38963585,745.01,32.042,REF,-4.33338653,0.0003363957,-2.96701747,-0.46788600999999985,-0.92174984,-1.23169154,745.01,32.042,SLE,-1.26367937,0.2947054478,0.02310024,0.05449048,-0.3099416999999999,3.06970716,2.9901177100000003,0.29436905210000003,0.15794430999999998
methanol,298.15,-1.23438398,-1.70160891,749.56,32.042,REF,-4.56755886,0.0001962143,-3.19851555,-0.46722493,-1.23438398,-1.55970355,749.56,32.042,SLE,-1.32623518,0.2641750146,-0.0270522,0.04718075,-0.32531957,3.24132368,3.1714633500000002,0.2639788003,0.14190535999999998
methanol,298.15,-1.23438398,-1.70160891,749.56,32.042,REF,-4.56755886,0.0001962143,-3.19851555,-0.46722493,-1.23438398,-1.55970355,749.56,32.042,SLE,-1.32623518,0.2641750146,-0.0270522,0.04718075,-0.32531957,3.24132368,3.1714633500000002,0.2639788003,0.14190535999999998
methylacetate,403.15,4.12814181,4.05870941,840.34,74.0789,REF,-1.09290583,0.2159636138,-0.08849736,-0.06943240000000017,4.12814181,4.10199378,840.34,74.0789,SLE,-0.34482566,0.7212224682,0.48250757,0.45203737,-0.026148029999999878,0.7480801700000002,0.57100493,0.5052588544000001,0.043284370000000294
methylacetate,398.15,3.9249904,3.86998281,844.8,74.0789,REF,-1.23512378,0.162322768,-0.21495223,-0.05500758999999977,3.9249904,3.89567753,844.8,74.0789,SLE,-0.38517755,0.6871823897,0.4603544,0.41192908,-0.029312870000000046,0.8499462299999999,0.67530663,0.5248596217,0.025694719999999727
methylacetate,393.15,3.71738099,3.68169263,849.3,74.0789,REF,-1.38367985,0.1191136026,-0.35084999,-0.035688359999999975,3.71738099,3.68554663,849.3,74.0789,SLE,-0.42696571,0.6521446544,0.43641051,0.37414012,-0.03183435999999995,0.9567141400000001,0.7872604999999999,0.5330310518,0.003854000000000024
methylacetate,388.15,3.50516833,3.49250561,853.84,74.0789,REF,-1.53815008,0.0855396176,-0.49524624,-0.012662720000000238,3.50516833,3.47173222,853.84,74.0789,SLE,-0.47040425,0.616121709,0.41046176,0.3385289,-0.03343611000000024,1.06774583,0.905708,0.5305820913999999,-0.020773390000000003
methylacetate,383.15,3.28820878,3.3011932,858.41,74.0789,REF,-1.69814718,0.0602613328,-0.64723462,0.012984419999999997,3.28820878,3.25440856,858.41,74.0789,SLE,-0.51574217,0.5791381828,0.38225609,0.3049705,-0.03380022000000027,1.18240501,1.02949071,0.51887685,-0.046784640000000266
methylacetate,378.15,3.06636144,3.1067796,863.01,74.0789,REF,-1.86340786,0.0417308203,-0.80607951,0.04041815999999976,3.06636144,3.03379765,863.01,74.0789,SLE,-0.56326779,0.5412374916,0.35149756,0.27335827,-0.0325637900000002,1.3001400699999999,1.1575770699999999,0.49950667130000004,-0.07298194999999996
methylacetate,373.15,2.83948933,2.90857221,867.65,74.0789,REF,-2.03381831,0.028449297,-0.97126721,0.06908287999999985,2.83948933,2.81017598,867.65,74.0789,SLE,-0.61331458,0.502489422,0.31783903,0.24360456,-0.029313350000000238,1.42050373,1.2891062400000002,0.47404012500000003,-0.09839623000000008
methylacetate,368.15,2.6074606,2.7061213,872.33,74.0789,REF,-2.20939963,0.0191116372,-1.1424982,0.09866069999999993,2.6074606,2.58388088,872.33,74.0789,SLE,-0.66626727,0.4629997708,0.28087442,0.21564169,-0.02357971999999986,1.54313236,1.4233726199999999,0.4438881336,-0.1222404199999998
methylacetate,363.15,2.37014979,2.49915559,877.04,74.0789,REF,-2.39027765,0.0126575586,-1.31965121,0.12900579999999984,2.37014979,2.35530921,877.04,74.0789,SLE,-0.72256386,0.4229248056,0.24013416,0.1894245,-0.014840579999999992,1.6677137899999999,1.55978537,0.410267247,-0.14384637999999983
methylacetate,358.15,2.12743908,2.28752102,881.79,74.0789,REF,-2.5766521,0.0082657823,-1.50274104,0.16008193999999998,2.12743908,2.12491285,881.79,74.0789,SLE,-0.78269572,0.382486902,0.19508276,0.16493176,-0.0025262299999999627,1.79395638,1.6978238,0.3742211197,-0.16260816999999994
methylacetate,353.15,1.87921951,2.07113332,886.58,74.0789,REF,-2.76877172,0.0053215644,-1.69188111,0.19191380999999996,1.87921951,1.89318029,886.58,74.0789,SLE,-0.84719935,0.341992787,0.14512482,0.14216761,0.013960780000000117,1.9215723700000003,1.83700593,0.33667122260000004,-0.17795302999999985
methylacetate,348.15,1.62539208,1.84994525,891.41,74.0789,REF,-2.96691653,0.0033765375,-1.88725415,0.22455317000000008,1.62539208,1.66059964,891.41,74.0789,SLE,-0.91663556,0.3018504773,0.08962429,0.12116144,0.03520756000000014,2.05028097,1.97687844,0.2984739398,-0.18934560999999994
methylacetate,343.15,1.3658688,1.6239258,896.27,74.0789,REF,-3.17138619,0.0021104601,-2.08909097,0.258057,1.3658688,1.4276025,896.27,74.0789,SLE,-0.99155488,0.2625766688,0.02794027,0.10196359,0.0617337,2.17983131,2.11703124,0.26046620870000003,-0.19632329999999998
methylacetate,338.15,1.10057361,1.39304783,901.17,74.0789,REF,-3.3824929,0.001298706,-2.29765572,0.2924742199999999,1.10057361,1.19447877,901.17,74.0789,SLE,-1.07244112,0.224788338,-0.0405121,0.08463673,0.09390515999999982,2.31005178,2.25714362,0.223489632,-0.19856906000000007
methylacetate,333.15,0.82944309,1.1572818,906.12,74.0789,REF,-3.60055769,0.0007863171,-2.51323643,0.32783871,0.82944309,0.96127318,906.12,74.0789,SLE,-1.15963803,0.1891665568,-0.11617877,0.06924078,0.1318300899999999,2.44091966,2.39705766,0.1883802397,-0.19600862000000008
methylacetate,328.15,0.55242703,0.91659263,911.1,74.0789,REF,-3.82590871,0.0004681024,-2.73613885,0.3641656,0.55242703,0.72771384,911.1,74.0789,SLE,-1.2532906,0.1563810897,-0.19929194,0.05580966,0.1752868099999999,2.5726181100000005,2.53684691,0.1559129873,-0.18887879000000007
methylacetate,323.15,0.26948871,0.67093886,916.12,74.0789,REF,-4.05888098,0.0002737954,-2.96668303,0.40145015,0.26948871,0.49317811,916.12,74.0789,SLE,-1.35330638,0.1269959365,-0.28981437,0.04432958,0.22368939999999998,2.7055745999999994,2.6768686600000002,0.1267221411,-0.17776075000000002
methylacetate,318.15,-0.01939498,0.42027305,921.18,74.0789,REF,-4.29981708,0.000157226,-3.20520173,0.43966803,-0.01939498,0.25673652,921.18,74.0789,SLE,-1.4593668,0.101378676,-0.38743721,0.03472428,0.27613150000000003,2.8404502800000007,2.8177645200000003,0.10122145,-0.16353652999999996
methylacetate,313.15,-0.31423366,0.16454255,926.28,74.0789,REF,-4.54906848,8.85714e-05,-3.45204005,0.47877621000000004,-0.31423366,0.01727155,926.28,74.0789,SLE,-1.57099204,0.0796475104,-0.49164048,0.02685394,0.33150521000000005,2.9780764399999997,2.96039957,0.079558939,-0.14727099999999999
methylacetate,308.15,-0.6150239,-0.09630948,931.42,74.0789,REF,-4.80699718,4.89076e-05,-3.70755594,0.51871442,-0.6150239,-0.22633436,931.42,74.0789,SLE,-1.68766136,0.0616721561,-0.60181923,0.02052762,0.38868953999999994,3.11933582,3.1057367100000004,0.0616232485,-0.13002488000000006
methylacetate,303.15,-0.92174984,-0.36234324,936.6,74.0789,REF,-5.07397772,2.64486e-05,-3.97212138,0.5594066,-0.92174984,-0.4750887,936.6,74.0789,SLE,-1.80888944,0.0471332485,-0.71737561,0.01552782,0.44666114000000007,3.2650882800000005,3.25474577,0.0471067999,-0.11274545999999991
methylacetate,298.15,-1.23438398,-0.63362159,941.83,74.0789,REF,-5.35039926,1.39954e-05,-4.24612399,0.6007623900000001,-1.23438398,-0.72979612,941.83,74.0789,SLE,-1.93429781,0.0355983688,-0.83780655,0.01163328,0.50458786,3.4161014499999998,3.4083174400000003,0.0355843734,-0.09617453000000009
butanone,403.15,4.12814181,3.92467163,716.5,72.1061,REF,-1.02024464,0.2537104312,-0.07044836,-0.2034701799999996,4.12814181,4.0836634,716.5,72.1061,SLE,-0.33489317,0.7349071611,0.4693879,0.46249478,-0.04447840999999997,0.6853514700000001,0.5398362600000001,0.4811967299,0.15899176999999964
butanone,398.15,3.9249904,3.70699132,720.38,72.1061,REF,-1.14565733,0.1987994414,-0.18212535,-0.2179990799999998,3.9249904,3.87182938,720.38,72.1061,SLE,-0.37209292,0.7038621887,0.44738703,0.42452873,-0.053161020000000114,0.7735644099999999,0.62951238,0.5050627473,0.16483805999999968
butanone,393.15,3.71738099,3.48945627,724.29,72.1061,REF,-1.27681886,0.1524256693,-0.30184673,-0.2279247200000003,3.71738099,3.65503496,724.29,72.1061,SLE,-0.41001215,0.6722972957,0.42419771,0.38903427,-0.06234603000000005,0.8668067100000001,0.72604444,0.5198716264,0.16557869000000025
butanone,388.15,3.50516833,3.27164125,728.23,72.1061,REF,-1.41379372,0.1144487161,-0.42935236,-0.23352708,3.50516833,3.43322664,728.23,72.1061,SLE,-0.44873332,0.6402717778,0.3997434,0.35584976,-0.07194169000000006,0.9650603999999999,0.82909576,0.5258230617,0.16158538999999994
butanone,383.15,3.28820878,3.05287372,732.2,72.1061,REF,-1.55650784,0.0842567707,-0.5642463,-0.23533506000000015,3.28820878,3.20636485,732.2,72.1061,SLE,-0.48835033,0.60784976,0.3739367,0.32482517,-0.08184393000000023,1.06815751,0.938183,0.5235929893,0.15349112999999992
butanone,378.15,3.06636144,2.83236446,736.21,72.1061,REF,-1.70481417,0.0609060823,-0.70607454,-0.23399698000000013,3.06636144,2.97442393,736.21,72.1061,SLE,-0.52896861,0.5751016996,0.34667857,0.29582262,-0.09193751000000017,1.17584556,1.05275311,0.5141956173,0.14205946999999997
butanone,373.15,2.83948933,2.60932116,740.26,72.1061,REF,-1.85855372,0.0432906026,-0.8543988,-0.23016817000000023,2.83948933,2.73739786,740.26,72.1061,SLE,-0.57070857,0.5421035235,0.31785523,0.2687147,-0.10209146999999996,1.2878451499999999,1.17225403,0.4988129209,0.12807670000000027
butanone,368.15,2.6074606,2.3830221,744.34,72.1061,REF,-2.01759767,0.0302931048,-1.00884787,-0.2244385000000002,2.6074606,2.49529889,744.34,72.1061,SLE,-0.61370501,0.5089392728,0.28733781,0.24338566,-0.11216171000000008,1.40389266,1.2961856800000002,0.4786461679999999,0.11227679000000013
butanone,363.15,2.37014979,2.15285333,748.46,72.1061,REF,-2.18187117,0.0208899374,-1.16914515,-0.21729646000000002,2.37014979,2.24815741,748.46,72.1061,SLE,-0.65810732,0.4757032993,0.25498163,0.21973168,-0.12199238000000001,1.52376385,1.4241267800000001,0.4548133619,0.09530408000000001
butanone,358.15,2.12743908,1.91831457,752.61,72.1061,REF,-2.35135984,0.0142060979,-1.33511438,-0.20912450999999987,2.12743908,1.99602893,752.61,72.1061,SLE,-0.70408401,0.442499312,0.22062211,0.19765872,-0.13141014999999978,1.6472758300000003,1.5557364900000001,0.4282932141,0.0777143600000001
butanone,353.15,1.87921951,1.67900885,756.81,72.1061,REF,-2.52610698,0.0095310205,-1.50667273,-0.20021065999999998,1.87921951,1.73899144,756.81,72.1061,SLE,-0.75182157,0.4094438046,0.18407508,0.17708364,-0.14022807000000004,1.7742854099999996,1.69074781,0.39991278410000003,0.05998258999999995
butanone,348.15,1.62539208,1.4346244,761.04,72.1061,REF,-2.70620557,0.0063097315,-1.68381736,-0.19076768,1.62539208,1.47714131,761.04,72.1061,SLE,-0.80152252,0.376669475,0.14513804,0.15793467,-0.14825076999999998,1.9046830499999998,1.8289554,0.37035974349999995,0.04251691000000002
butanone,343.15,1.3658688,1.18491585,765.3,72.1061,REF,-2.89178932,0.0041217798,-1.86661068,-0.18095295,1.3658688,1.21060086,765.3,72.1061,SLE,-0.85341073,0.344323107,0.10358566,0.14014876,-0.1552679400000001,2.0383785899999998,1.97019634,0.3402013272,0.025685009999999897
butanone,338.15,1.10057361,0.92968772,769.61,72.1061,REF,-3.08302436,0.0026563767,-2.05516669,-0.1708858900000001,1.10057361,0.9394981,769.61,72.1061,SLE,-0.90771922,0.3125734345,0.05918022,0.12367468,-0.1610755100000001,2.17530514,2.11434691,0.3099170578,0.009810380000000007
butanone,333.15,0.82944309,0.66878111,773.95,72.1061,REF,-3.2801025,0.001688503,-2.24963975,-0.1606619800000001,0.82944309,0.66397322,773.95,72.1061,SLE,-0.96469464,0.2816060031,0.0116686,0.10846893,-0.16546987000000002,2.3154078599999997,2.26130835,0.2799175001,-0.004807889999999926
butanone,328.15,0.55242703,0.40206361,778.34,72.1061,REF,-3.48323609,0.0010581743,-2.45021568,-0.15036342000000003,0.55242703,0.38415968,778.34,72.1061,SLE,-1.02458528,0.251625132,-0.03920618,0.09449628,-0.16826735000000004,2.45865081,2.4110095,0.2505669577,-0.017903930000000012
butanone,323.15,0.26948871,0.129422,782.76,72.1061,REF,-3.69265448,0.0006535218,-2.65710526,-0.14006671,0.26948871,0.10017316,782.76,72.1061,SLE,-1.08763343,0.2228489605,-0.09369634,0.08172719,-0.16931555000000004,2.60502105,2.5634089199999996,0.2221954387,-0.029248840000000026
butanone,318.15,-0.01939498,-0.149243,787.23,72.1061,REF,-3.90860164,0.000397548,-2.87053972,-0.12984801999999998,-0.01939498,-0.18790689,787.23,72.1061,SLE,-1.15406216,0.1955028217,-0.15203503,0.07013549,-0.16851191,2.75453948,2.71850469,0.1951052737,-0.038663890000000006
butanone,313.15,-0.31423366,-0.43402029,791.73,72.1061,REF,-4.131335,0.0002380697,-3.09076779,-0.11978662999999995,-0.31423366,-0.48005345,791.73,72.1061,SLE,-1.22406245,0.1698078426,-0.21442181,0.05969494,-0.16581978999999997,2.90727255,2.87634598,0.1695697729,-0.04603316000000002
butanone,308.15,-0.6150239,-0.72499094,796.28,72.1061,REF,-4.36112495,0.0001402631,-3.31805406,-0.10996704000000002,-0.6150239,-0.77630784,796.28,72.1061,SLE,-1.29777948,0.1459667061,-0.28100699,0.05037563,-0.16128394000000001,3.06334547,3.0370470700000003,0.145826443,-0.0513169
butanone,303.15,-0.92174984,-1.02222986,800.87,72.1061,REF,-4.59825521,8.12514e-05,-3.5526784,-0.10048001999999989,-0.92174984,-1.07679098,800.87,72.1061,SLE,-1.37530113,0.1241475889,-0.35187811,0.04214042,-0.1550411399999999,3.2229540799999996,3.20080029,0.1240663375,-0.05456112000000002
butanone,298.15,-1.23438398,-1.32580701,805.5,72.1061,REF,-4.84302366,4.62459e-05,-3.79493616,-0.09142302999999985,-1.23438398,-1.38170425,805.5,72.1061,SLE,-1.456653,0.1044683703,-0.42705317,0.03494194,-0.14732027000000003,3.38637066,3.36788299,0.1044221244,-0.05589724000000018
ch2cl2,403.15,4.12814181,4.06443548,1167.19,84.9331,REF,-1.0960099,0.1924993153,-0.02419852,-0.06370632999999959,4.12814181,4.09036484,1167.19,84.9331,SLE,-0.3385244,0.6985577518,0.51109136,0.45864387,-0.037776969999999466,0.7574855,0.53528988,0.5060584365,0.025929360000000123
ch2cl2,398.15,3.9249904,3.90444035,1173.38,84.9331,REF,-1.2540376,0.1389594242,-0.16079313,-0.02055005000000021,3.9249904,3.88091093,1173.38,84.9331,SLE,-0.37707564,0.6642250134,0.49301216,0.41968588,-0.04407946999999979,0.87696196,0.65380529,0.5252655892,-0.02352941999999958
ch2cl2,393.15,3.71738099,3.7528568,1179.62,84.9331,REF,-1.42323883,0.0968768035,-0.31305759,0.035475809999999885,3.71738099,3.66720817,1179.62,84.9331,SLE,-0.41677609,0.6293670639,0.47344893,0.38302216,-0.05017282000000023,1.0064627400000001,0.78650652,0.5324902603999999,-0.08564863000000011
ch2cl2,388.15,3.50516833,3.60463194,1185.9,84.9331,REF,-1.60128214,0.0656519383,-0.4781515,0.09946360999999992,3.50516833,3.44939716,1185.9,84.9331,SLE,-0.45783408,0.5939872439,0.45221147,0.34847042,-0.05577116999999987,1.1434480599999999,0.93036297,0.5283353056,-0.1552347799999998
ch2cl2,383.15,3.28820878,3.45494356,1192.22,84.9331,REF,-1.78584509,0.0435504487,-0.65297557,0.16673477999999964,3.28820878,3.2276866,1192.22,84.9331,SLE,-0.5005068,0.5580802329,0.42906368,0.31585896,-0.06052217999999998,1.2853382899999999,1.08203925,0.5145297842,-0.22725695999999962
ch2cl2,378.15,3.06636144,3.30056349,1198.59,84.9331,REF,-1.97540206,0.0284249985,-0.83518185,0.23420204999999994,3.06636144,3.00237529,1198.59,84.9331,SLE,-0.54511563,0.5216306349,0.40370845,0.28502593,-0.0639861500000003,1.43028643,1.2388903,0.4932056363999999,-0.29818820000000024
ch2cl2,373.15,2.83948933,3.13997523,1205.01,84.9331,REF,-2.16934583,0.0183057154,-1.02345815,0.3004859,2.83948933,2.7738827,1205.01,84.9331,SLE,-0.59206764,0.4846116692,0.37576625,0.25581874,-0.06560663,1.5772781900000001,1.3992244,0.4663059538,-0.36609252999999997
ch2cl2,368.15,2.6074606,2.97282897,1211.47,84.9331,REF,-2.36772577,0.0116428721,-1.21731875,0.3653683700000001,2.6074606,2.54279789,1211.47,84.9331,SLE,-0.64188969,0.4469818494,0.34474189,0.22809213,-0.0646627099999999,1.7258360799999999,1.56206064,0.43533897730000004,-0.43003108
ch2cl2,363.15,2.37014979,2.79938503,1217.98,84.9331,REF,-2.57095727,0.0073118812,-1.4167988,0.4292352399999997,2.37014979,2.30993954,1217.98,84.9331,SLE,-0.695272,0.4086868449,0.3099796,0.20171027,-0.060210250000000354,1.87568527,1.7267784000000002,0.40137496370000003,-0.48944549000000004
ch2cl2,358.15,2.12743908,2.62014671,1224.53,84.9331,REF,-2.77962253,0.0045303642,-1.62221936,0.4927076300000004,2.12743908,2.0764576,1224.53,84.9331,SLE,-0.75314083,0.3696590156,0.2705901,0.17654652,-0.05098147999999991,2.0264817,1.89280946,0.36512865139999995,-0.5436891100000003
ch2cl2,353.15,1.87921951,2.43565888,1231.13,84.9331,REF,-2.99435698,0.0027662145,-1.83403961,0.5564393700000001,1.87921951,1.84397721,1231.13,84.9331,SLE,-0.81676342,0.3298256101,0.22534202,0.15248832,-0.03524229999999995,2.17759356,2.05938163,0.3270593956,-0.59168167
ch2cl2,348.15,1.62539208,2.2464176,1237.78,84.9331,REF,-3.21579565,0.001662462,-2.05277691,0.6210255200000001,1.62539208,1.61481669,1237.78,84.9331,SLE,-0.88790852,0.289129468,0.17249341,0.12944685,-0.010575389999999851,2.32788713,2.22527032,0.287467006,-0.63160091
ch2cl2,343.15,1.3658688,2.052838,1244.47,84.9331,REF,-3.44455201,0.0009821616,-2.27896684,0.6869691999999998,1.3658688,1.39231558,1244.47,84.9331,SLE,-0.96909108,0.2475761382,0.10953037,0.10737642,0.026446779999999892,2.47546093,2.3884972099999997,0.2465939766,-0.6605224199999999
ch2cl2,338.15,1.10057361,1.85524811,1251.22,84.9331,REF,-3.68121184,0.0005696877,-2.51314409,0.7546744999999999,1.10057361,1.18120224,1251.22,84.9331,SLE,-1.06386426,0.2053615579,0.03283109,0.08632483,0.08062862999999987,2.61734758,2.54597518,0.2047918702,-0.67404587
ch2cl2,333.15,0.82944309,1.65389656,1258.01,84.9331,REF,-3.92633569,0.0003240266,-2.75583606,0.8244534699999999,0.82944309,0.9877136,1258.01,84.9331,SLE,-1.17697535,0.1631471684,-0.06258069,0.06653109,0.15827050999999992,2.74936034,2.69325537,0.1628231418,-0.66618296
ch2cl2,328.15,0.55242703,1.44896421,1264.85,84.9331,REF,-4.18046436,0.000180506,-3.00756233,0.8965371799999999,0.55242703,0.81825996,1264.85,84.9331,SLE,-1.3135675,0.12254348,-0.18238943,0.0485772,0.26583292999999997,2.86689686,2.8251728999999997,0.122362974,-0.63070425
ch2cl2,323.15,0.26948871,1.24057729,1271.74,84.9331,REF,-4.44412603,9.83677e-05,-3.26883768,0.97108858,0.26948871,0.67464591,1271.74,84.9331,SLE,-1.47597935,0.0864056966,-0.32985999,0.03342109,0.40515719999999994,2.9681466799999994,2.9389776899999998,0.0863073289,-0.5659313800000001
ch2cl2,318.15,-0.01939498,1.02881884,1278.68,84.9331,REF,-4.71784307,5.23779e-05,-3.54017623,1.04821382,-0.01939498,0.54785745,1278.68,84.9331,SLE,-1.6592586,0.0577480722,-0.50096222,0.021915,0.5672524299999999,3.0585844699999996,3.0392140100000002,0.0576956943,-0.48096139000000004
ch2cl2,313.15,-0.31423366,0.81373923,1285.67,84.9331,REF,-5.00213901,2.72182e-05,-3.82209644,1.1279728900000001,-0.31423366,0.42159939,1285.67,84.9331,SLE,-1.85304763,0.0374553381,-0.6855176,0.0140266,0.7358330500000001,3.1490913799999998,3.1365788400000003,0.0374281199,-0.39213984
ch2cl2,308.15,-0.6150239,0.59536462,1292.71,84.9331,REF,-5.29754493,1.37866e-05,-4.11512642,1.21038852,-0.6150239,0.28369021,1292.71,84.9331,SLE,-2.04922304,0.0240494652,-0.87482085,0.00892847,0.89871411,3.2483218899999997,3.2403055700000003,0.024035678600000002,-0.31167440999999996
ch2cl2,303.15,-0.92174984,0.37370385,1299.8,84.9331,REF,-5.60460548,6.798268e-06,-4.41980907,1.29545369,-0.92174984,0.12966458,1299.8,84.9331,SLE,-2.2446763,0.0154191401,-1.06501464,0.00569277,1.05141442,3.35992918,3.35479443,0.015412341832,-0.24403927000000003
ch2cl2,298.15,-1.23438398,0.14875359,1306.94,84.9331,REF,-5.92388444,3.25927e-06,-4.73670719,1.3831375700000001,-1.23438398,-0.04037885,1306.94,84.9331,SLE,-2.43942508,0.0098821009,-1.25553829,0.00363559,1.19400513,3.4844593600000002,3.4811688999999997,0.00987884163,-0.18913244000000007
propyleneglycol,403.15,4.12814181,4.04572677,888.71,76.0948,REF,-1.085868,0.2144085697,-0.07194496,-0.08241503999999988,4.12814181,4.10838753,888.71,76.0948,SLE,-0.34829017,0.7128310737,0.48455635,0.44844566,-0.019754279999999902,0.73757783,0.55650131,0.498422504,0.06266075999999998
propyleneglycol,398.15,3.9249904,3.83689702,893.29,76.0948,REF,-1.2169629,0.1647315292,-0.18750606,-0.08809338000000011,3.9249904,3.90175712,893.29,76.0948,SLE,-0.3885132,0.6785474636,0.46284241,0.40877733,-0.023233279999999912,0.8284497,0.65034847,0.5138159344,0.0648601000000002
propyleneglycol,393.15,3.71738099,3.62481949,897.9,76.0948,REF,-1.35206502,0.1243743039,-0.31000054,-0.09256149999999996,3.71738099,3.69052482,897.9,76.0948,SLE,-0.42973181,0.6437030918,0.43961845,0.37176474,-0.02685617000000029,0.9223332099999999,0.74961899,0.5193287878999999,0.06570532999999967
propyleneglycol,388.15,3.50516833,3.4091786,902.53,76.0948,REF,-1.49123331,0.0923925822,-0.43897085,-0.09598972999999988,3.50516833,3.47456957,902.53,76.0948,SLE,-0.47200111,0.608429721,0.41480255,0.33728645,-0.03059876000000017,1.0192321999999998,0.8537734,0.5160371388,0.06539096999999972
propyleneglycol,383.15,3.28820878,3.18963836,907.19,76.0948,REF,-1.63451724,0.0676087395,-0.57399707,-0.09857042000000016,3.28820878,3.25376784,907.19,76.0948,SLE,-0.51537687,0.572876724,0.38831249,0.30522713,-0.034440940000000086,1.1191403700000002,0.96230956,0.5052679845,0.06412948000000007
propyleneglycol,378.15,3.06636144,2.96586736,911.87,76.0948,REF,-1.78196996,0.0487833845,-0.71472272,-0.10049408000000026,3.06636144,3.02799486,911.87,76.0948,SLE,-0.55991562,0.5372096422,0.36006638,0.27547639,-0.03836657999999993,1.2220543400000001,1.0747891,0.48842625770000003,0.062127500000000335
propyleneglycol,373.15,2.83948933,2.73755473,916.58,76.0948,REF,-1.93365723,0.0347380202,-0.86086824,-0.10193460000000032,2.83948933,2.7971293,916.58,76.0948,SLE,-0.60567674,0.5016064668,0.32998172,0.24792667,-0.042360030000000215,1.3279804899999998,1.19084996,0.4668684466,0.059574570000000104
propyleneglycol,368.15,2.6074606,2.50441889,921.31,76.0948,REF,-2.08966267,0.0244271041,-1.01223457,-0.10304170999999984,2.6074606,2.56105074,921.31,76.0948,SLE,-0.65272046,0.4662565319,0.29797737,0.22247414,-0.0464098599999998,1.4369422100000002,1.3102119399999999,0.4418294278,0.05663185000000004
propyleneglycol,363.15,2.37014979,2.26621117,926.06,76.0948,REF,-2.2500905,0.016968874,-1.16870029,-0.10393862000000009,2.37014979,2.31964342,926.06,76.0948,SLE,-0.70110931,0.4313558827,0.26397303,0.19901723,-0.050506370000000356,1.5489811900000001,1.4326733200000001,0.4143870087,0.05343224999999974
propyleneglycol,358.15,2.12743908,2.02271529,930.84,76.0948,REF,-2.41506586,0.0116478755,-1.33021426,-0.10472378999999998,2.12743908,2.07279905,930.84,76.0948,SLE,-0.75090933,0.3971025287,0.22788875,0.17745599,-0.05464002999999984,1.6641565299999999,1.55810301,0.3854546532,0.050083760000000144
propyleneglycol,353.15,1.87921951,1.77374596,935.64,76.0948,REF,-2.58473468,0.0079009517,-1.49678721,-0.10547354999999992,1.87921951,1.82041315,935.64,76.0948,SLE,-0.80218722,0.3636939908,0.18964745,0.15769313,-0.058806359999999946,1.78254746,1.68643466,0.3557930391,0.04666718999999997
propyleneglycol,348.15,1.62539208,1.51914609,940.47,76.0948,REF,-2.75926271,0.0052956058,-1.66848291,-0.1062459899999999,1.62539208,1.56239391,940.47,76.0948,SLE,-0.85501524,0.3313193946,0.14917144,0.13963193,-0.06299816999999996,1.9042474699999998,1.81765435,0.3260237888,0.04324781999999994
propyleneglycol,343.15,1.3658688,1.25878414,945.33,76.0948,REF,-2.9388346,0.0035064513,-1.84541025,-0.10708466000000016,1.3658688,1.2986567,945.33,76.0948,SLE,-0.90946744,0.3001574084,0.10638552,0.12317783,-0.06721210000000011,2.0293671599999996,1.95179577,0.2966509571,0.03987256000000006
propyleneglycol,338.15,1.10057361,0.99255169,950.2,76.0948,REF,-3.1236532,0.0022930012,-2.02771649,-0.1080219200000001,1.10057361,1.02912977,950.2,76.0948,SLE,-0.96562282,0.2703698822,0.06121443,0.10823736,-0.07144384000000015,2.15803038,2.08893092,0.26807688100000004,0.03657807999999996
propyleneglycol,333.15,0.82944309,0.72036134,955.1,76.0948,REF,-3.313939,0.0014803218,-2.21558197,-0.10908175000000009,0.82944309,0.75375258,955.1,76.0948,SLE,-1.02356412,0.2420987847,0.01358387,0.09471873,-0.07569051000000004,2.29037488,2.2291658400000003,0.24061846290000002,0.033391240000000044
propyleneglycol,328.15,0.55242703,0.44214497,960.03,76.0948,REF,-3.50992999,0.0009430228,-2.40921601,-0.11028206000000002,0.55242703,0.47247672,960.03,76.0948,SLE,-1.08337827,0.2154626637,-0.03658017,0.08253188,-0.07995031000000002,2.42655172,2.37263584,0.2145196409,0.03033174999999999
propyleneglycol,323.15,0.26948871,0.15785229,964.98,76.0948,REF,-3.71188181,0.0005924788,-2.60885402,-0.11163642000000001,0.26948871,0.1852674,964.98,76.0948,SLE,-1.14515749,0.1905537909,-0.0893525,0.07158838,-0.08422131000000002,2.56672432,2.51950152,0.1899613121,0.027415109999999993
propyleneglycol,318.15,-0.01939498,-0.13255049,969.95,76.0948,REF,-3.92006816,0.0003669039,-2.81475566,-0.11315550999999999,-0.01939498,-0.10789903,969.95,76.0948,SLE,-1.20899781,0.1674373203,-0.14480786,0.06180195,-0.08850405,2.71107035,2.6699478,0.1670704164,0.024651459999999986
propyleneglycol,313.15,-0.31423366,-0.4290818,974.95,76.0948,REF,-4.13478154,0.0002238107,-3.02720377,-0.11484813999999999,-0.31423366,-0.40703285,974.95,76.0948,SLE,-1.27500098,0.1461499918,-0.20302302,0.05308832,-0.09279918999999998,2.85978056,2.82418075,0.1459261811,0.02204895000000001
propyleneglycol,308.15,-0.6150239,-0.73174591,979.98,76.0948,REF,-4.3563342,0.0001343861,-3.24650411,-0.11672201000000004,-0.6150239,-0.71213323,979.98,76.0948,SLE,-1.34327353,0.1267009909,-0.26407641,0.04536558,-0.09710933,3.0130606699999998,2.9824277,0.1265666048,0.01961268000000005
propyleneglycol,303.15,-0.92174984,-1.04053404,985.02,76.0948,REF,-4.58505945,7.93679e-05,-3.47298566,-0.1187842,-0.92174984,-1.02318763,985.02,76.0948,SLE,-1.41392786,0.109072972,-0.32804968,0.03855424,-0.10143778999999997,3.17113159,3.14493598,0.1089936041,0.017346410000000034
propyleneglycol,298.15,-1.23438398,-1.35542555,990.1,76.0948,REF,-4.82131311,4.60682e-05,-3.7070014,-0.12104157000000004,-1.23438398,-1.34017562,990.1,76.0948,SLE,-1.48708051,0.093224644,-0.39502658,0.03257763,-0.10579163999999985,3.3342326,3.3119748199999997,0.0931785758,0.01524993000000019
tert-butanol,403.15,4.12814181,4.06310292,689.56,74.122,REF,-1.09528752,0.2148572068,-0.16241699,-0.0650388899999994,4.12814181,4.11144348,689.56,74.122,SLE,-0.34994607,0.7167786969,0.44917711,0.44673906,-0.01669832999999965,0.7453414500000001,0.6115941,0.5019214901,0.048340559999999755
tert-butanol,398.15,3.9249904,3.85646532,693.31,74.122,REF,-1.22770399,0.1647257296,-0.28338788,-0.06852508000000013,3.9249904,3.90564022,693.31,74.122,SLE,-0.39064372,0.6824573659,0.42344774,0.4067769,-0.019350179999999995,0.8370602699999999,0.70683562,0.5177316363,0.04917490000000013
tert-butanol,393.15,3.71738099,3.64626581,697.09,74.122,REF,-1.36398667,0.1241085325,-0.41030481,-0.07111518000000006,3.71738099,3.69538064,697.09,74.122,SLE,-0.4324299,0.647454602,0.39615065,0.36946227,-0.02200034999999989,0.93155677,0.80645546,0.5233460695000001,0.049114830000000165
tert-butanol,388.15,3.50516833,3.43219375,700.91,74.122,REF,-1.50419185,0.0920116667,-0.54281771,-0.0729745799999999,3.50516833,3.48054818,700.91,74.122,SLE,-0.47536587,0.6119022939,0.36720984,0.33468337,-0.024620150000000063,1.02882598,0.91002755,0.5198906271999999,0.04835442999999984
tert-butanol,383.15,3.28820878,3.21394442,704.76,74.122,REF,-1.64838121,0.0672062898,-0.68063619,-0.07426436000000036,3.28820878,3.26101936,704.76,74.122,SLE,-0.51951127,0.575955319,0.33655115,0.30233521,-0.02718942000000002,1.12886994,1.01718734,0.5087490292,0.04707494000000034
tert-butanol,378.15,3.06636144,2.99122882,708.64,74.122,REF,-1.7966272,0.048411655,-0.82353687,-0.0751326200000002,3.06636144,3.03666606,708.64,74.122,SLE,-0.56492482,0.5397897637,0.30410247,0.27231727,-0.02969538000000016,1.2317023800000002,1.12763934,0.4913781087,0.045437240000000045
tert-butanol,373.15,2.83948933,2.76377942,712.56,74.122,REF,-1.94901644,0.0344205965,-0.97136411,-0.07570991000000005,2.83948933,2.8073531,712.56,74.122,SLE,-0.611662,0.5036022921,0.26979608,0.2445333,-0.03213623000000032,1.33735444,1.24116019,0.46918169559999995,0.043573679999999726
tert-butanol,368.15,2.6074606,2.53135333,716.51,74.122,REF,-2.10565181,0.0241699729,-1.12402689,-0.07610727000000006,2.6074606,2.57294185,716.51,74.122,SLE,-0.65977633,0.4676055229,0.23356847,0.21888886,-0.034518750000000153,1.4458754799999998,1.35759536,0.44343555,0.04158851999999991
tert-butanol,363.15,2.37014979,2.29373257,720.5,74.122,REF,-2.26665302,0.0167685201,-1.28149261,-0.07641722000000017,2.37014979,2.33329188,720.5,74.122,SLE,-0.70931946,0.4320232317,0.19536076,0.19529024,-0.03685791000000016,1.55733356,1.47685337,0.4152547116,0.039559310000000014
tert-butanol,358.15,2.12743908,2.05072422,724.53,74.122,REF,-2.4321571,0.0114964807,-1.44378071,-0.07671485999999961,2.12743908,2.08826254,724.53,74.122,SLE,-0.76034116,0.3970846268,0.1551192,0.17364362,-0.039176539999999704,1.6718159400000001,1.59889991,0.38558814610000003,0.0375383199999999
tert-butanol,353.15,1.87921951,1.80215933,728.59,74.122,REF,-2.60231818,0.0077894601,-1.61095591,-0.07706017999999992,1.87921951,1.83771637,728.59,74.122,SLE,-0.81289061,0.3630171766,0.11279437,0.15385421,-0.04150313999999988,1.7894275700000002,1.72375028,0.3552277165,0.03555704000000004
tert-butanol,348.15,1.62539208,1.5478917,732.68,74.122,REF,-2.77730729,0.005215343,-1.78312218,-0.07750037999999981,1.62539208,1.58152251,732.68,74.122,SLE,-0.8670177,0.3300392635,0.06834024,0.13582581,-0.0438695699999998,1.91028959,1.8514624199999998,0.32482392050000003,0.03363081000000001
tert-butanol,343.15,1.3658688,1.28779675,736.82,74.122,REF,-2.95731216,0.0034498615,-1.96041762,-0.07807205000000006,1.3658688,1.31955912,736.82,74.122,SLE,-0.92277401,0.2983534292,0.02171321,0.11946096,-0.04630968000000002,2.03453815,1.98213083,0.29490356770000004,0.03176237000000004
tert-butanol,338.15,1.10057361,1.02177047,740.99,74.122,REF,-3.14253722,0.002253881,-2.14301037,-0.07880314,1.10057361,1.05171804,740.99,74.122,SLE,-0.98021523,0.2681395079,-0.02713033,0.10466097,-0.04885557000000018,2.1623219899999997,2.11588004,0.2658856269,0.029947569999999812
tert-butanol,333.15,0.82944309,0.74972851,745.2,74.122,REF,-3.33320378,0.0014537888,-2.33109552,-0.07971458000000009,0.82944309,0.77790495,745.2,74.122,SLE,-1.03940114,0.2395503995,-0.07823431,0.09132693,-0.05153814000000001,2.29380264,2.25286121,0.23809661070000002,0.02817644000000008
tert-butanol,328.15,0.55242703,0.47160536,749.45,74.122,REF,-3.52955039,0.0009253608,-2.5248929,-0.08082167000000007,0.55242703,0.49804441,749.45,74.122,SLE,-1.10039878,0.2127074644,-0.13164651,0.07935992,-0.05438262000000005,2.42915161,2.3932463900000003,0.2117821036,0.02643905000000002
tert-butanol,323.15,0.26948871,0.18735353,753.74,74.122,REF,-3.73183342,0.0005809383,-2.72464567,-0.08213518000000003,0.26948871,0.2120804,753.74,74.122,SLE,-1.16328319,0.1876989303,-0.18741973,0.06866206,-0.05740831000000002,2.56855023,2.53722594,0.187117992,0.024726870000000012
tert-butanol,318.15,-0.01939498,-0.10305734,758.07,74.122,REF,-3.94032778,0.0003595019,-2.93061952,-0.08366235999999999,-0.01939498,-0.08002448,758.07,74.122,SLE,-1.22813726,0.1645798851,-0.24561241,0.05913747,-0.060629499999999996,2.71219052,2.68500711,0.1642203832,0.023032859999999995
tert-butanol,313.15,-0.31423366,-0.39964145,762.44,74.122,REF,-4.15532779,0.0002191506,-3.14310242,-0.08540778999999998,-0.31423366,-0.37828618,762.44,74.122,SLE,-1.29505441,0.1433725533,-0.3062917,0.05069272,-0.06405252,2.86027338,2.83681072,0.14315340270000002,0.021355269999999982
tert-butanol,308.15,-0.6150239,-0.70239805,766.85,74.122,REF,-4.37714824,0.0001315068,-3.36240485,-0.08737415000000004,-0.6150239,-0.68270311,766.85,74.122,SLE,-1.36413684,0.1240692513,-0.36953241,0.04323776,-0.06767920999999999,3.0130114000000003,2.9928724399999997,0.1239377445,0.01969494000000005
tert-butanol,303.15,-0.92174984,-1.01131277,771.3,74.122,REF,-4.60612552,7.76223e-05,-3.58886026,-0.08956292999999993,-0.92174984,-0.99325554,771.3,74.122,SLE,-1.435497,0.1066349218,-0.4354189,0.03668622,-0.0715057,3.17062852,3.15344136,0.10655729950000001,0.018057229999999924
tert-butanol,298.15,-1.23438398,-1.3263592,775.8,74.122,REF,-4.8426189,4.50301e-05,-3.82282598,-0.09197521999999991,-1.23438398,-1.30990971,775.8,74.122,SLE,-1.50925595,0.0910111,-0.50404401,0.03095594,-0.07552572999999985,3.3333629499999997,3.3187819700000003,0.0909660699,0.016449490000000067
thf,403.15,4.12814181,3.80302172,807.65,72.1061,REF,-0.95429885,0.287077564,0.02839951,-0.32512009,4.12814181,4.07803657,807.65,72.1061,SLE,-0.33184421,0.737451598,0.4884208,0.46575313,-0.05010523999999972,0.6224546400000001,0.46002128999999997,0.45037403400000003,0.27501485000000025
thf,398.15,3.9249904,3.54241361,811.95,72.1061,REF,-1.05532021,0.2372459609,-0.05735007,-0.3825767899999999,3.9249904,3.86268843,811.95,72.1061,SLE,-0.3670776,0.7080456907,0.46947953,0.42945968,-0.06230197000000004,0.6882426100000001,0.5268296,0.4707997298,0.32027481999999985
thf,393.15,3.71738099,3.27624831,816.28,72.1061,REF,-1.1583001,0.1938581465,-0.14727225,-0.44113267999999994,3.71738099,3.64114333,816.28,72.1061,SLE,-0.40229337,0.6787102447,0.44987907,0.39601043,-0.07623766000000032,0.75600673,0.59715132,0.48485209819999997,0.3648950199999996
thf,388.15,3.50516833,3.00512888,820.64,72.1061,REF,-1.26373552,0.1565840378,-0.24153196,-0.50003945,3.50516833,3.41312116,820.64,72.1061,SLE,-0.43741796,0.6496015931,0.42968154,0.36524312,-0.09204716999999984,0.82631756,0.6712134999999999,0.4930175553,0.4079922800000002
thf,383.15,3.28820878,2.72953005,825.04,72.1061,REF,-1.37207533,0.1249933702,-0.34029403,-0.55867873,3.28820878,3.17834042,825.04,72.1061,SLE,-0.47237237,0.6208758332,0.40895958,0.33699824,-0.10986836000000011,0.8997029599999999,0.74925361,0.49588246299999994,0.4488103699999999
thf,378.15,3.06636144,2.44976113,829.47,72.1061,REF,-1.48369491,0.0985906716,-0.44369004,-0.6166003099999999,3.06636144,2.93652669,829.47,72.1061,SLE,-0.50707603,0.5926824462,0.38779366,0.31111716,-0.1298347500000001,0.9766188800000001,0.8314836999999999,0.4940917746,0.4867655599999998
thf,373.15,2.83948933,2.16597029,833.93,72.1061,REF,-1.59889311,0.0768373443,-0.55180705,-0.67351904,2.83948933,2.68741717,833.93,72.1061,SLE,-0.54144871,0.5651599515,0.36627019,0.28744271,-0.15207216000000034,1.0574443999999998,0.9180772399999999,0.4883226072,0.5214468799999996
thf,368.15,2.6074606,1.87813918,838.43,72.1061,REF,-1.71788313,0.0591742539,-0.66467311,-0.72932142,2.6074606,2.43076416,838.43,72.1061,SLE,-0.57541176,0.5384326109,0.34447977,0.26582036,-0.17669644000000018,1.14247137,1.00915288,0.4792583570000001,0.5526249799999998
thf,363.15,2.37014979,1.58609399,842.96,72.1061,REF,-1.84079248,0.045041616,-0.78225325,-0.7840558000000002,2.37014979,2.16635249,842.96,72.1061,SLE,-0.60889807,0.5126013171,0.32250911,0.24609451,-0.20379730000000018,1.23189441,1.10476236,0.4675597011,0.5802585
thf,358.15,2.12743908,1.2895374,847.53,72.1061,REF,-1.96767578,0.0338970474,-0.90445959,-0.8379016799999999,2.12743908,1.89398291,847.53,72.1061,SLE,-0.64184186,0.4877510572,0.3004469,0.22811726,-0.23345616999999974,1.32583392,1.20490649,0.4538540098,0.6044455100000001
thf,353.15,1.87921951,0.98808609,852.13,72.1061,REF,-2.09853205,0.0252321785,-1.03116715,-0.89113342,1.87921951,1.61347801,852.13,72.1061,SLE,-0.67418176,0.4639484732,0.27838079,0.21174748,-0.2657415000000001,1.4243502900000002,1.3095479399999999,0.4387162947,0.6253919199999999
thf,348.15,1.62539208,0.68130563,856.77,72.1061,REF,-2.23332189,0.0185860017,-1.16223006,-0.9440864499999999,1.62539208,1.32470049,856.77,72.1061,SLE,-0.70587178,0.4412346414,0.25638797,0.19684674,-0.30069159,1.5274501100000002,1.41861803,0.4226486397,0.6433948599999999
thf,343.15,1.3658688,0.36873952,861.44,72.1061,REF,-2.37198255,0.0135534374,-1.29749558,-0.9971292800000001,1.3658688,1.02752914,861.44,72.1061,SLE,-0.73686651,0.4196373997,0.23454531,0.18328777,-0.33833966000000015,1.6351160399999998,1.5320408900000002,0.40608396230000005,0.65878962
thf,338.15,1.10057361,0.04994437,866.15,72.1061,REF,-2.51444833,0.0097885957,-1.43682334,-1.0506292400000001,1.10057361,0.72187612,866.15,72.1061,SLE,-0.76713168,0.3991652993,0.21292051,0.17094969,-0.3786974900000001,1.7473166500000001,1.64974385,0.3893767036,0.67193175
thf,333.15,0.82944309,-0.27549161,870.9,72.1061,REF,-2.66066203,0.0070039902,-1.5800953,-1.1049347,0.82944309,0.4076811,870.9,72.1061,SLE,-0.79664062,0.3798122051,0.19157409,0.15972003,-0.42176199000000003,1.86402141,1.77166939,0.37280821490000005,0.68317271
thf,328.15,0.55242703,-0.60793617,875.68,72.1061,REF,-2.8105835,0.0049663447,-1.72722263,-1.1603632,0.55242703,0.08490741,875.68,72.1061,SLE,-0.82537189,0.3615608177,0.17056075,0.1494955,-0.46751962,1.98521161,1.89778338,0.35659447299999997,0.6928435799999999
thf,323.15,0.26948871,-0.94770444,880.5,72.1061,REF,-2.96419655,0.0034903355,-1.87815084,-1.21719315,0.26948871,-0.2464658,880.5,72.1061,SLE,-0.85330408,0.3443875856,0.14993328,0.14018318,-0.51595451,2.11089247,2.02808412,0.3408972501,0.7012386399999999
thf,318.15,-0.01939498,-1.29505859,885.36,72.1061,REF,-3.121511,0.0024314789,-2.0328601,-1.27566361,-0.01939498,-0.5864258,885.36,72.1061,SLE,-0.8804279,0.3282568559,0.12973253,0.13169585,-0.56703082,2.2410831,2.1625926300000002,0.32582537699999997,0.70863279
thf,313.15,-0.31423366,-1.6502086,890.26,72.1061,REF,-3.28256434,0.0016789697,-2.19136522,-1.33597494,-0.31423366,-0.93495046,890.26,72.1061,SLE,-0.90673025,0.3131321557,0.11000027,0.12395663,-0.6207168000000001,2.37583409,2.30136549,0.31145318600000005,0.71525814
thf,308.15,-0.6150239,-2.01331548,895.19,72.1061,REF,-3.44742195,0.0011490637,-2.3537145,-1.3982915800000002,-0.6150239,-1.29199608,895.19,72.1061,SLE,-0.93220276,0.298972123,0.09077219,0.11689535,-0.6769721800000001,2.51521919,2.44448669,0.29782305929999997,0.7213194
thf,303.15,-0.92174984,-2.38449529,900.16,72.1061,REF,-3.61617693,0.0007792915,-2.51998833,-1.46274545,-0.92174984,-1.65750862,900.16,72.1061,SLE,-0.95683442,0.2857356898,0.07208415,0.11044996,-0.73575878,2.65934251,2.5920724799999997,0.2849563983,0.72698667
thf,298.15,-1.23438398,-2.763823,905.17,72.1061,REF,-3.78895028,0.0005236043,-2.69029831,-1.5294390199999999,-1.23438398,-2.03140828,905.17,72.1061,SLE,-0.98062312,0.2733766433,0.05396241,0.10456272,-0.7970242999999999,2.80832716,2.74426072,0.272853039,0.73241472
thp,403.15,4.12814181,4.20601175,814.1,86.1328,REF,-1.17275767,0.1626536205,-0.22825684,0.07786994000000025,4.12814181,4.14197446,814.1,86.1328,SLE,-0.36648958,0.6705192287,0.44058657,0.43004155,0.013832650000000335,0.80626809,0.66884341,0.5078656082,-0.06403728999999991
thp,398.15,3.9249904,3.9996758,818.42,86.1328,REF,-1.30631258,0.1229245042,-0.35153264,0.0746853999999999,3.9249904,3.94185387,818.42,86.1328,SLE,-0.41051286,0.6315695624,0.41244334,0.38858599,0.016863470000000103,0.89579972,0.76397598,0.5086450581999999,-0.0578219299999998
thp,393.15,3.71738099,3.78490523,822.77,86.1328,REF,-1.44105402,0.0920346167,-0.47795903,0.06752424000000001,3.71738099,3.73709058,822.77,86.1328,SLE,-0.45560571,0.5925055033,0.38260479,0.35026302,0.01970958999999972,0.98544831,0.86056382,0.5004708865999999,-0.04781465000000029
thp,388.15,3.50516833,3.56210905,827.16,86.1328,REF,-1.57733989,0.0683113641,-0.60742874,0.056940720000000056,3.50516833,3.5272242,827.16,86.1328,SLE,-0.50163512,0.5536804229,0.35114386,0.31503941,0.022055869999999977,1.07570477,0.9585726,0.4853690588,-0.03488485000000008
thp,383.15,3.28820878,3.33163695,831.57,86.1328,REF,-1.71551204,0.0502849499,-0.73992311,0.04342816999999988,3.28820878,3.31174565,831.57,86.1328,SLE,-0.54843257,0.5154660182,0.31817794,0.28285733,0.023536870000000043,1.16707947,1.0581010499999999,0.46518106830000006,-0.019891299999999834
thp,378.15,3.06636144,3.0937401,836.02,86.1328,REF,-1.8558719,0.0367189137,-0.87546627,0.02737866000000011,3.06636144,3.09011402,836.02,86.1328,SLE,-0.59580078,0.4782304561,0.28386603,0.25362918,0.023752580000000023,1.2600711199999999,1.1593323,0.44151154239999996,-0.003626080000000087
thp,373.15,2.83948933,2.8485678,840.5,86.1328,REF,-1.99867508,0.0266015961,-1.01410131,0.00907846999999995,2.83948933,2.86178444,840.5,86.1328,SLE,-0.64352737,0.4423125285,0.24839874,0.22723364,0.02229510999999995,1.3551477099999998,1.26250005,0.4157109324,0.013216640000000002
thp,368.15,2.6074606,2.59618081,845.01,86.1328,REF,-2.14413546,0.0191214714,-1.15587954,-0.011279790000000123,2.6074606,2.62623367,845.01,86.1328,SLE,-0.69139833,0.408000495,0.21198627,0.20351746,0.018773069999999947,1.4527371300000003,1.3678658099999998,0.38887902360000004,0.03005286000000007
thp,363.15,2.37014979,2.33656983,849.56,86.1328,REF,-2.2924327,0.0136376107,-1.30085664,-0.033579959999999964,2.37014979,2.3829821,849.56,86.1328,SLE,-0.73921031,0.3755177104,0.17484541,0.18230127,0.012832309999999847,1.55322239,1.47570205,0.36188009969999996,0.04641226999999981
thp,358.15,2.12743908,2.06967459,854.14,86.1328,REF,-2.44372074,0.0096504574,-1.44909227,-0.057764489999999835,2.12743908,2.13161142,854.14,86.1328,SLE,-0.78678146,0.3450157534,0.13718669,0.16338739,0.004172340000000219,1.6569392799999998,1.58627896,0.33536529600000003,0.061936830000000054
thp,353.15,1.87921951,1.79540112,858.75,86.1328,REF,-2.59813589,0.006775207,-1.60065144,-0.08381839000000002,1.87921951,1.87177323,858.75,86.1328,SLE,-0.83395742,0.3165762097,0.09920498,0.14656915,-0.007446279999999916,1.76417847,1.6998564200000001,0.3098010027,0.0763721100000001
thp,348.15,1.62539208,1.51363542,863.4,86.1328,REF,-2.75580347,0.0047186639,-1.75560581,-0.11175665999999995,1.62539208,1.60319068,863.4,86.1328,SLE,-0.88061365,0.2902184202,0.0610734,0.13163954,-0.022201399999999927,1.8751898200000001,1.81667921,0.2854997563,0.08955526000000003
thp,343.15,1.3658688,1.22425497,868.08,86.1328,REF,-2.91684365,0.003259707,-1.91403543,-0.14161383000000005,1.3658688,1.32565612,868.08,86.1328,SLE,-0.92665539,0.2659102938,0.02293988,0.11839807,-0.04021268,1.99018826,1.93697531,0.2626505868,0.10140115000000005
thp,338.15,1.10057361,0.9271371,872.8,86.1328,REF,-3.0813759,0.0022331985,-2.07603001,-0.17343651000000004,1.10057361,1.03902125,872.8,86.1328,SLE,-0.97201289,0.2435816608,-0.01507133,0.10665645,-0.061552360000000084,2.10936301,2.06095868,0.24134846229999998,0.11188414999999996
thp,333.15,0.82944309,0.62216511,877.55,86.1328,REF,-3.24952252,0.0015169688,-2.24168987,-0.20727798000000008,0.82944309,0.74319438,877.55,86.1328,SLE,-1.01664097,0.2231342313,-0.05286109,0.09624076,-0.08624871,2.23288155,2.18882878,0.22161726250000002,0.12102927000000008
thp,328.15,0.55242703,0.30923251,882.34,86.1328,REF,-3.42141124,0.0010214649,-2.4111267,-0.24319452000000003,0.55242703,0.43812428,882.34,86.1328,SLE,-1.06050972,0.2044541354,-0.09034824,0.0869942,-0.11430275000000006,2.3609015199999996,2.32077846,0.2034326705,0.12889176999999996
thp,323.15,0.26948871,-0.01175432,887.17,86.1328,REF,-3.59717728,0.0006816326,-2.58446406,-0.28124303,0.26948871,0.12379525,887.17,86.1328,SLE,-1.10360207,0.1874190058,-0.12746793,0.07877673,-0.14569346000000002,2.49357521,2.4569961300000003,0.1867373732,0.13554956999999998
thp,318.15,-0.01939498,-0.34087457,892.02,86.1328,REF,-3.77696491,0.000450636,-2.76183786,-0.32147959,-0.01939498,-0.1997723,892.02,86.1328,SLE,-1.14591504,0.1719022521,-0.16417297,0.07146361,-0.18037732,2.63104987,2.59766489,0.1714516161,0.14110226999999997
thp,313.15,-0.31423366,-0.67819234,896.92,86.1328,REF,-3.96092876,0.0002950561,-2.94339671,-0.3639586799999999,-0.31423366,-0.53254485,896.92,86.1328,SLE,-1.1874449,0.1577818743,-0.20042009,0.0649464,-0.21831118999999993,2.77348386,2.74297662,0.15748681820000002,0.14564749
thp,308.15,-0.6150239,-1.0237566,901.85,86.1328,REF,-4.14923495,0.0001912611,-3.12930252,-0.40873270000000006,-0.6150239,-0.87446823,901.85,86.1328,SLE,-1.22819257,0.1449400151,-0.23617459,0.05912994,-0.25944433,2.9210423800000003,2.89312793,0.144748754,0.14928837000000006
thp,303.15,-0.92174984,-1.37760137,906.82,86.1328,REF,-4.34206237,0.0001226925,-3.31973121,-0.45585153,-0.92174984,-1.22547561,906.82,86.1328,SLE,-1.26815859,0.1332657808,-0.27140531,0.05393137,-0.3037257699999999,3.0739037799999998,3.0483259,0.13314308830000002,0.1521257600000001
thp,298.15,-1.23438398,-1.73974611,911.83,86.1328,REF,-4.5396041,7.78554e-05,-3.51487377,-0.50536213,-1.23438398,-1.58548299,911.83,86.1328,SLE,-1.30734691,0.12265466,-0.30608779,0.049278,-0.35109901,3.2322571900000003,3.20878598,0.1225768046,0.15426311999999998
toluene,403.15,4.12814181,5.96766834,769.45,92.139,REF,-2.12774264,0.0185780587,-1.20876919,1.8395265300000005,4.12814181,4.49422584,769.45,92.139,SLE,-0.55736038,0.4914820735,0.27184448,0.27710197,0.36608403000000056,1.5703822600000001,1.4806136699999999,0.4729040148,-1.4734425
toluene,398.15,3.9249904,5.87160451,773.54,92.139,REF,-2.33381897,0.0116082624,-1.41150529,1.94661411,3.9249904,4.57379742,773.54,92.139,SLE,-0.75723776,0.3482910568,0.10610487,0.1748889,0.64880702,1.5765812099999998,1.51761016,0.3366827944,-1.29780709
toluene,393.15,3.71738099,5.76259638,777.65,92.139,REF,-2.5404196,0.0072330202,-1.6151507,2.0452153899999996,3.71738099,4.83738993,777.65,92.139,SLE,-1.06697842,0.1911746386,-0.1714663,0.08570804,1.1200089399999995,1.4734411799999998,1.4436844,0.1839416184,-0.9252064500000001
toluene,388.15,3.50516833,5.64442254,781.8,92.139,REF,-2.74977406,0.0044739466,-1.82178597,2.13925421,3.50516833,4.98877034,781.8,92.139,SLE,-1.3241929,0.1114816065,-0.41287733,0.04740314,1.4836020100000002,1.4255811600000001,1.4089086400000002,0.1070076599,-0.6556521999999996
toluene,383.15,3.28820878,5.51959197,785.98,92.139,REF,-2.96350319,0.0027379,-2.03294268,2.2313831899999994,3.28820878,5.0292874,785.98,92.139,SLE,-1.52767889,0.0715789894,-0.60765391,0.02967024,1.7410786200000001,1.4358243,1.42528877,0.0688410894,-0.4903045699999993
toluene,378.15,3.06636144,5.38981535,790.19,92.139,REF,-3.18285062,0.0016533117,-2.24980896,2.32345391,3.06636144,5.01281264,790.19,92.139,SLE,-1.70651053,0.0481206625,-0.78050987,0.01965574,1.9464511999999998,1.4763400899999999,1.4692990900000003,0.0464673508,-0.3770027100000002
toluene,373.15,2.83948933,5.25628045,794.43,92.139,REF,-3.40881808,0.0009830217,-2.47335127,2.41679112,2.83948933,4.96250994,794.43,92.139,SLE,-1.8733411,0.0330782044,-0.94270891,0.01338625,2.12302061,1.53547698,1.5306423600000003,0.032095182699999995,-0.2937705099999999
toluene,368.15,2.6074606,5.11981951,798.71,92.139,REF,-3.64224759,0.0005744347,-2.70438902,2.51235891,2.6074606,4.88965639,798.71,92.139,SLE,-2.034455,0.0229679894,-1.09995776,0.0092373,2.28219579,1.6077925900000003,1.60443126,0.0223935547,-0.23016312000000028
toluene,363.15,2.37014979,4.9810156,803.02,92.139,REF,-3.88387378,0.000329366,-2.94364227,2.61086581,2.37014979,4.80054526,803.02,92.139,SLE,-2.19348102,0.0159936042,-1.25559599,0.006405,2.4303954699999997,1.69039276,1.6880462799999998,0.0156642382,-0.18047034000000028
toluene,358.15,2.12743908,4.84027575,807.36,92.139,REF,-4.13436021,0.0001850249,-3.19176526,2.71283667,2.12743908,4.69911501,807.36,92.139,SLE,-2.35280966,0.0111149293,-1.41185035,0.00443803,2.57167593,1.7815505499999995,1.77991491,0.010929904399999999,-0.14116074000000012
toluene,353.15,1.87921951,4.69788139,811.73,92.139,REF,-4.39432481,0.0001016921,-3.44937004,2.81866188,1.87921951,4.58798849,811.73,92.139,SLE,-2.51414762,0.0076819853,-1.57032689,0.00306092,2.70876898,1.8801771899999995,1.8790431499999998,0.0075802932,-0.10989290000000018
toluene,348.15,1.62539208,4.55402476,816.14,92.139,REF,-4.66435877,5.46092e-05,-3.7170441,2.9286326799999998,1.62539208,4.46902227,816.14,92.139,SLE,-2.6788126,0.0052655556,-1.73227768,0.00209502,2.84363019,1.9855461699999997,1.98476642,0.0052109464,-0.08500248999999993
toluene,343.15,1.3658688,4.40883471,820.59,92.139,REF,-4.94504034,2.86148e-05,-3.99536343,3.0429659099999995,1.3658688,4.34360889,820.59,92.139,SLE,-2.84789667,0.0035711274,-1.89875016,0.0014194,2.9777400899999993,2.0971436700000003,2.0966132699999998,0.0035425126,-0.06522582000000021
toluene,338.15,1.10057361,4.26239566,825.07,92.139,REF,-5.23694556,1.46113e-05,-4.2849027,3.16182205,1.10057361,4.21280234,825.07,92.139,SLE,-3.02233006,0.0023915618,-2.0706434,0.00094988,3.1122287299999996,2.2146155,2.2142593,0.0023769505,-0.049593320000000496
toluene,333.15,0.82944309,4.11476119,829.58,92.139,REF,-5.54065653,7.260732e-06,-4.58624318,3.2853181000000005,0.82944309,4.07744373,829.58,92.139,SLE,-3.20295092,0.0015786071,-2.24877331,0.00062668,3.24800064,2.3377056099999995,2.3374698700000005,0.001571346368,-0.03731746000000058
toluene,328.15,0.55242703,3.96596368,834.13,92.139,REF,-5.8567679,3.506469e-06,-4.89997908,3.41353665,0.55242703,3.93820199,834.13,92.139,SLE,-3.3905249,0.0010252863,-2.43388956,0.00040689,3.38577496,2.4662430000000004,2.4660895199999997,0.001021779831,-0.027761690000000172
toluene,323.15,0.26948871,3.81602113,838.71,92.139,REF,-6.18589227,1.643411e-06,-5.2267227,3.54653242,0.26948871,3.79562349,838.71,92.139,SLE,-3.58577291,0.0006541758,-2.62670148,0.00025955,3.52613478,2.60011936,2.60002122,0.0006525323889999999,-0.020397640000000106
toluene,318.15,-0.01939498,3.66494183,843.33,92.139,REF,-6.52866475,7.464039e-07,-5.56710899,3.68433681,-0.01939498,3.65015402,843.33,92.139,SLE,-3.78938247,0.0004094012,-2.82788827,0.00016241,3.669549,2.73928228,2.7392207200000005,0.0004086547961,-0.014787810000000068
toluene,313.15,-0.31423366,3.51272748,847.99,92.139,REF,-6.885747,3.280135e-07,-5.92179953,3.8269611400000003,-0.31423366,3.50215851,847.99,92.139,SLE,-4.00201887,0.0002509309,-3.03810922,9.954e-05,3.8163921700000003,2.8837281300000006,2.8836903100000004,0.0002506028865,-0.01056897000000001
toluene,308.15,-0.6150239,3.35937527,852.68,92.139,REF,-7.25783114,1.39254e-07,-6.29148638,3.97439917,-0.6150239,3.35193577,852.68,92.139,SLE,-4.22433399,0.0001504061,-3.25801194,5.966e-05,3.9669596699999996,3.0334971500000005,3.0334744400000004,0.00015026684599999998,-0.007439500000000265
toluene,303.15,-0.92174984,3.20487943,857.42,92.139,REF,-7.64564389,5.701576e-08,-6.67689621,4.1266292700000005,-0.92174984,3.19972595,857.42,92.139,SLE,-4.45697089,8.80329e-05,-3.48823653,3.492e-05,4.12147579,3.1886729999999996,3.1886596799999998,8.797588424e-05,-0.005153480000000599
toluene,298.15,-1.23438398,3.04923049,862.18,92.139,REF,-8.04994947,2.247447e-08,-7.07879322,4.28361447,-1.23438398,3.04572107,862.18,92.139,SLE,-4.70057128,5.02406e-05,-3.72942265,1.993e-05,4.2801050499999995,3.3493781899999995,3.3493705699999996,5.021812553e-05,-0.0035094200000003184
triethylamine,403.15,4.12814181,4.25961362,648.58,101.1906,REF,-1.20181497,0.13339282,-0.40644231,0.13147180999999986,4.12814181,4.56149111,648.58,101.1906,SLE,-0.59380872,0.4397692749,0.16833867,0.25479522,0.4333493000000006,0.6080062500000001,0.57478098,0.3063764549,0.30187749000000075
triethylamine,398.15,3.9249904,3.9021802,652.15,101.1906,REF,-1.25279701,0.1196154689,-0.45380681,-0.02281019999999989,3.9249904,4.38622935,652.15,101.1906,SLE,-0.65432585,0.3953311034,0.11569221,0.22165327,0.4612389499999998,0.5984711600000001,0.56949902,0.27571563450000003,0.4840491499999997
triethylamine,393.15,3.71738099,3.5263072,655.75,101.1906,REF,-1.29730368,0.1086791209,-0.49495429,-0.1910737899999999,3.71738099,4.18215032,655.75,101.1906,SLE,-0.70289967,0.3620467352,0.07342775,0.19819849,0.46476932999999976,0.59440401,0.56838204,0.25336761430000004,0.6558431199999997
triethylamine,388.15,3.50516833,3.13322241,659.39,101.1906,REF,-1.33585782,0.0999679833,-0.53034526,-0.37194591999999993,3.50516833,3.95475663,659.39,101.1906,SLE,-0.74225026,0.3366438274,0.03935946,0.18102966,0.44958829999999983,0.5936075599999999,0.56970472,0.23667584409999998,0.8215342199999998
triethylamine,383.15,3.28820878,2.72407771,663.06,101.1906,REF,-1.36896535,0.0930156012,-0.56043987,-0.5641310700000002,3.28820878,3.70821006,663.06,101.1906,SLE,-0.77447442,0.3168752265,0.011722,0.16808369,0.4200012799999997,0.5944909300000001,0.57216187,0.22385962529999998,0.9841323499999999
triethylamine,378.15,3.06636144,2.29963136,666.77,101.1906,REF,-1.39692988,0.0875014989,-0.58551088,-0.7667300800000003,3.06636144,3.44548683,666.77,101.1906,SLE,-0.80109351,0.3012394763,-0.01079888,0.15809076,0.37912539,0.5958363700000001,0.574712,0.21373797739999997,1.1458554700000003
triethylamine,373.15,2.83948933,1.86058162,670.52,101.1906,REF,-1.42003385,0.0831810111,-0.60581766,-0.9789077100000001,2.83948933,3.1687274,670.52,101.1906,SLE,-0.82321894,0.2887152763,-0.02918063,0.15023844,0.3292380699999997,0.5968149100000001,0.57663703,0.2055342652,1.3081457799999998
triethylamine,368.15,2.6074606,1.40757864,674.3,101.1906,REF,-1.43854344,0.079866786,-0.62160905,-1.19988196,2.6074606,2.87953999,674.3,101.1906,SLE,-0.84170377,0.2785762395,-0.04418495,0.14397803,0.27207939000000003,0.5968396699999999,0.5774241,0.1987094535,1.47196135
triethylamine,363.15,2.37014979,0.94124335,678.12,101.1906,REF,-1.45271805,0.0774142159,-0.6331313,-1.42890644,2.37014979,2.57915153,678.12,101.1906,SLE,-0.85721487,0.2702934261,-0.05641444,0.13892651,0.2090017399999997,0.5955031800000001,0.57671686,0.1928792102,1.6379081799999997
triethylamine,358.15,2.12743908,0.46216306,681.98,101.1906,REF,-1.46280639,0.0757126282,-0.64062324,-1.6652760199999999,2.12743908,2.26850055,681.98,101.1906,SLE,-0.87027589,0.263476484,-0.06634662,0.13481062,0.14106147000000036,0.5925304999999998,0.57427662,0.1877638558,1.8063374900000002
triethylamine,353.15,1.87921951,-0.02897136,685.88,101.1906,REF,-1.4691299,0.0746643302,-0.64439773,-1.9081908699999999,1.87921951,1.94837463,685.88,101.1906,SLE,-0.88134134,0.2578126707,-0.07440001,0.13141915,0.06915512000000001,0.58778856,0.56999772,0.1831483405,1.9773459899999999
triethylamine,348.15,1.62539208,-0.53156059,689.81,101.1906,REF,-1.47196471,0.0741988991,-0.64472483,-2.15695267,1.62539208,1.61937626,689.81,101.1906,SLE,-0.89076948,0.2530669411,-0.08090633,0.12859691,-0.006015820000000005,0.58119523,0.5638185,0.178868042,2.15093685
triethylamine,343.15,1.3658688,-1.04492777,693.79,101.1906,REF,-1.47164544,0.0742511788,-0.64193366,-2.41079657,1.3658688,1.28202466,693.79,101.1906,SLE,-0.89887942,0.249043184,-0.08616292,0.12621779,-0.08384414000000007,0.5727660200000001,0.5557707399999999,0.1747920052,2.32695243
triethylamine,338.15,1.10057361,-1.56841516,697.8,101.1906,REF,-1.46850643,0.0747670686,-0.63635406,-2.6689887700000003,1.10057361,0.93673,697.8,101.1906,SLE,-0.90593098,0.2455881598,-0.09041281,0.12418496,-0.16384361000000014,0.5625754499999999,0.54594125,0.1708210912,2.50514516
triethylamine,333.15,0.82944309,-2.101397,701.86,101.1906,REF,-1.46287282,0.0757015436,-0.62830752,-2.9308400900000002,0.82944309,0.58384036,701.86,101.1906,SLE,-0.9121505,0.2425742742,-0.09386845,0.12241919,-0.2456027300000001,0.5507223200000001,0.53443907,0.1668727306,2.6852373600000004
triethylamine,313.15,-0.31423366,-6.38348276,718.51,101.1906,REF,0.0,,0.0,-6.0692490999999995,-0.31423366,-0.89858681,718.51,101.1906,SLE,-0.93209722,0.2331178477,-0.10294221,0.11692376,-0.5843531499999999,-0.93209722,-0.10294221,,5.484895949999999
triethylamine,308.15,-0.6150239,-7.12154079,722.79,101.1906,REF,0.0,,0.0,-6.50651689,-0.6150239,-1.28599519,722.79,101.1906,SLE,-0.93645686,0.2310931257,-0.10459572,0.1157559,-0.67097129,-0.93645686,-0.10459572,,5.8355456000000006
triethylamine,303.15,-0.92174984,-7.87709662,727.1,101.1906,REF,0.0,,0.0,-6.955346779999999,-0.92174984,-1.67986744,727.1,101.1906,SLE,-0.9407226,0.2291265003,-0.10615172,0.11462449,-0.7581176,-0.9407226,-0.10615172,,6.197229179999999
triethylamine,298.15,-1.23438398,-8.64932705,731.47,101.1906,REF,0.0,,0.0,-7.41494307,-1.23438398,-2.08010553,731.47,101.1906,SLE,-0.94494326,0.2271946989,-0.10765642,0.11351591,-0.8457215499999999,-0.94494326,-0.10765642,,6.569221519999999
h2o,403.15,4.12814181,8.95232879,802.62,18.0153,REF,-3.74571169,0.0023110105,-2.09753594,4.8241869799999995,4.12814181,4.15203627,802.62,18.0153,SLE,-0.37194166,0.9049330175,0.59727127,0.4246766,0.023894460000000173,3.3737700299999998,2.6948072100000005,0.902622007,-4.800292519999999
h2o,403.15,4.12814181,8.95232879,802.62,18.0153,REF,-3.74571169,0.0023110105,-2.09753594,4.8241869799999995,4.12814181,4.15203627,802.62,18.0153,SLE,-0.37194166,0.9049330175,0.59727127,0.4246766,0.023894460000000173,3.3737700299999998,2.6948072100000005,0.902622007,-4.800292519999999
h2o,403.15,4.12814181,8.95232879,802.62,18.0153,REF,-3.74571169,0.0023110105,-2.09753594,4.8241869799999995,4.12814181,4.15203627,802.62,18.0153,SLE,-0.37194166,0.9049330175,0.59727127,0.4246766,0.023894460000000173,3.3737700299999998,2.6948072100000005,0.902622007,-4.800292519999999
h2o,398.15,3.9249904,8.72711089,806.88,18.0153,REF,-3.90121363,0.0016165112,-2.25053194,4.80212049,3.9249904,3.96581736,806.88,18.0153,SLE,-0.42366077,0.8864090194,0.58809941,0.37699816,0.04082695999999997,3.47755286,2.83863135,0.8847925082000001,-4.76129353
h2o,398.15,3.9249904,8.72711089,806.88,18.0153,REF,-3.90121363,0.0016165112,-2.25053194,4.80212049,3.9249904,3.96581736,806.88,18.0153,SLE,-0.42366077,0.8864090194,0.58809941,0.37699816,0.04082695999999997,3.47755286,2.83863135,0.8847925082000001,-4.76129353
h2o,398.15,3.9249904,8.72711089,806.88,18.0153,REF,-3.90121363,0.0016165112,-2.25053194,4.80212049,3.9249904,3.96581736,806.88,18.0153,SLE,-0.42366077,0.8864090194,0.58809941,0.37699816,0.04082695999999997,3.47755286,2.83863135,0.8847925082000001,-4.76129353
h2o,393.15,3.71738099,8.49139277,811.17,18.0153,REF,-4.05731207,0.0011289529,-2.40418268,4.774011779999999,3.71738099,3.78442431,811.17,18.0153,SLE,-0.48190632,0.8638044314,0.5761956,0.32968082,0.0670433199999998,3.57540575,2.98037828,0.8626754784999999,-4.706968459999999
h2o,393.15,3.71738099,8.49139277,811.17,18.0153,REF,-4.05731207,0.0011289529,-2.40418268,4.774011779999999,3.71738099,3.78442431,811.17,18.0153,SLE,-0.48190632,0.8638044314,0.5761956,0.32968082,0.0670433199999998,3.57540575,2.98037828,0.8626754784999999,-4.706968459999999
h2o,393.15,3.71738099,8.49139277,811.17,18.0153,REF,-4.05731207,0.0011289529,-2.40418268,4.774011779999999,3.71738099,3.78442431,811.17,18.0153,SLE,-0.48190632,0.8638044314,0.5761956,0.32968082,0.0670433199999998,3.57540575,2.98037828,0.8626754784999999,-4.706968459999999
h2o,388.15,3.50516833,8.24553449,815.48,18.0153,REF,-4.21431461,0.0007867025,-2.55877718,4.740366160000001,3.50516833,8.16021373,815.48,18.0153,SLE,-3.10908039,0.0099393912,-1.45630901,0.00077789,4.6550454000000006,1.1052342199999998,1.1024681699999999,0.0091526887,-0.0853207600000001
h2o,388.15,3.50516833,8.24553449,815.48,18.0153,REF,-4.21431461,0.0007867025,-2.55877718,4.740366160000001,3.50516833,8.16021373,815.48,18.0153,SLE,-3.10908039,0.0099393912,-1.45630901,0.00077789,4.6550454000000006,1.1052342199999998,1.1024681699999999,0.0091526887,-0.0853207600000001
h2o,388.15,3.50516833,8.24553449,815.48,18.0153,REF,-4.21431461,0.0007867025,-2.55877718,4.740366160000001,3.50516833,8.16021373,815.48,18.0153,SLE,-3.10908039,0.0099393912,-1.45630901,0.00077789,4.6550454000000006,1.1052342199999998,1.1024681699999999,0.0091526887,-0.0853207600000001
h2o,383.15,3.28820878,7.98971836,819.83,18.0153,REF,-4.37244252,0.0005467374,-2.71452379,4.70150958,3.28820878,7.91564318,819.83,18.0153,SLE,-3.17331764,0.0085836175,-1.51782663,0.00067094,4.6274344,1.1991248799999998,1.1966971599999998,0.0080368801,-0.07407517999999946
h2o,383.15,3.28820878,7.98971836,819.83,18.0153,REF,-4.37244252,0.0005467374,-2.71452379,4.70150958,3.28820878,7.91564318,819.83,18.0153,SLE,-3.17331764,0.0085836175,-1.51782663,0.00067094,4.6274344,1.1991248799999998,1.1966971599999998,0.0080368801,-0.07407517999999946
h2o,383.15,3.28820878,7.98971836,819.83,18.0153,REF,-4.37244252,0.0005467374,-2.71452379,4.70150958,3.28820878,7.91564318,819.83,18.0153,SLE,-3.17331764,0.0085836175,-1.51782663,0.00067094,4.6274344,1.1991248799999998,1.1966971599999998,0.0080368801,-0.07407517999999946
h2o,378.15,3.06636144,7.72401094,824.21,18.0153,REF,-4.53186036,0.000378816,-2.87157798,4.6576495,3.06636144,7.65968974,824.21,18.0153,SLE,-3.23556566,0.0074452925,-1.57741728,0.00058135,4.5933283,1.2962946999999998,1.2941607000000002,0.0070664765,-0.06432120000000019
h2o,378.15,3.06636144,7.72401094,824.21,18.0153,REF,-4.53186036,0.000378816,-2.87157798,4.6576495,3.06636144,7.65968974,824.21,18.0153,SLE,-3.23556566,0.0074452925,-1.57741728,0.00058135,4.5933283,1.2962946999999998,1.2941607000000002,0.0070664765,-0.06432120000000019
h2o,378.15,3.06636144,7.72401094,824.21,18.0153,REF,-4.53186036,0.000378816,-2.87157798,4.6576495,3.06636144,7.65968974,824.21,18.0153,SLE,-3.23556566,0.0074452925,-1.57741728,0.00058135,4.5933283,1.2962946999999998,1.2941607000000002,0.0070664765,-0.06432120000000019
h2o,373.15,2.83948933,7.44840517,828.62,18.0153,REF,-4.69269608,0.0002616011,-3.0300613,4.60891584,2.83948933,7.39252945,828.62,18.0153,SLE,-3.29593121,0.0064849025,-1.63517558,0.0005059,4.5530401199999995,1.3967648700000002,1.3948857199999998,0.0062233014,-0.055875720000000406
h2o,373.15,2.83948933,7.44840517,828.62,18.0153,REF,-4.69269608,0.0002616011,-3.0300613,4.60891584,2.83948933,7.39252945,828.62,18.0153,SLE,-3.29593121,0.0064849025,-1.63517558,0.0005059,4.5530401199999995,1.3967648700000002,1.3948857199999998,0.0062233014,-0.055875720000000406
h2o,373.15,2.83948933,7.44840517,828.62,18.0153,REF,-4.69269608,0.0002616011,-3.0300613,4.60891584,2.83948933,7.39252945,828.62,18.0153,SLE,-3.29593121,0.0064849025,-1.63517558,0.0005059,4.5530401199999995,1.3967648700000002,1.3948857199999998,0.0062233014,-0.055875720000000406
h2o,368.15,2.6074606,7.16285088,833.06,18.0153,REF,-4.85505593,0.0001800165,-3.19007548,4.555390279999999,2.6074606,7.1142774,833.06,18.0153,SLE,-3.35448774,0.0056711971,-1.69116539,0.00044209,4.506816799999999,1.5005681899999996,1.4989100899999999,0.0054911806,-0.04857347999999995
h2o,368.15,2.6074606,7.16285088,833.06,18.0153,REF,-4.85505593,0.0001800165,-3.19007548,4.555390279999999,2.6074606,7.1142774,833.06,18.0153,SLE,-3.35448774,0.0056711971,-1.69116539,0.00044209,4.506816799999999,1.5005681899999996,1.4989100899999999,0.0054911806,-0.04857347999999995
h2o,368.15,2.6074606,7.16285088,833.06,18.0153,REF,-4.85505593,0.0001800165,-3.19007548,4.555390279999999,2.6074606,7.1142774,833.06,18.0153,SLE,-3.35448774,0.0056711971,-1.69116539,0.00044209,4.506816799999999,1.5005681899999996,1.4989100899999999,0.0054911806,-0.04857347999999995
h2o,363.15,2.37014979,6.86727569,837.53,18.0153,REF,-5.01903481,0.0001234117,-3.35171221,4.4971258999999995,2.37014979,6.82501146,837.53,18.0153,SLE,-3.41128658,0.0049791422,-1.74543038,0.00038789,4.45486167,1.60774823,1.6062818300000001,0.0048557305,-0.04226422999999979
h2o,363.15,2.37014979,6.86727569,837.53,18.0153,REF,-5.01903481,0.0001234117,-3.35171221,4.4971258999999995,2.37014979,6.82501146,837.53,18.0153,SLE,-3.41128658,0.0049791422,-1.74543038,0.00038789,4.45486167,1.60774823,1.6062818300000001,0.0048557305,-0.04226422999999979
h2o,363.15,2.37014979,6.86727569,837.53,18.0153,REF,-5.01903481,0.0001234117,-3.35171221,4.4971258999999995,2.37014979,6.82501146,837.53,18.0153,SLE,-3.41128658,0.0049791422,-1.74543038,0.00038789,4.45486167,1.60774823,1.6062818300000001,0.0048557305,-0.04226422999999979
h2o,358.15,2.12743908,6.56160088,842.04,18.0153,REF,-5.18472438,8.42718e-05,-3.51506093,4.4341618,2.12743908,6.52478533,842.04,18.0153,SLE,-3.46636261,0.0043885004,-1.79799928,0.00034169,4.39734625,1.7183617699999996,1.7170616500000002,0.0043042286,-0.03681555000000003
h2o,358.15,2.12743908,6.56160088,842.04,18.0153,REF,-5.18472438,8.42718e-05,-3.51506093,4.4341618,2.12743908,6.52478533,842.04,18.0153,SLE,-3.46636261,0.0043885004,-1.79799928,0.00034169,4.39734625,1.7183617699999996,1.7170616500000002,0.0043042286,-0.03681555000000003
h2o,358.15,2.12743908,6.56160088,842.04,18.0153,REF,-5.18472438,8.42718e-05,-3.51506093,4.4341618,2.12743908,6.52478533,842.04,18.0153,SLE,-3.46636261,0.0043885004,-1.79799928,0.00034169,4.39734625,1.7183617699999996,1.7170616500000002,0.0043042286,-0.03681555000000003
h2o,353.15,1.87921951,6.2457529,846.57,18.0153,REF,-5.35221922,5.73058e-05,-3.68021462,4.366533390000001,1.87921951,6.21363978,846.57,18.0153,SLE,-3.51973926,0.0038827807,-1.84889051,0.00030218,4.334420270000001,1.8324799600000001,1.8313241100000002,0.0038254749,-0.032113119999999995
h2o,353.15,1.87921951,6.2457529,846.57,18.0153,REF,-5.35221922,5.73058e-05,-3.68021462,4.366533390000001,1.87921951,6.21363978,846.57,18.0153,SLE,-3.51973926,0.0038827807,-1.84889051,0.00030218,4.334420270000001,1.8324799600000001,1.8313241100000002,0.0038254749,-0.032113119999999995
h2o,353.15,1.87921951,6.2457529,846.57,18.0153,REF,-5.35221922,5.73058e-05,-3.68021462,4.366533390000001,1.87921951,6.21363978,846.57,18.0153,SLE,-3.51973926,0.0038827807,-1.84889051,0.00030218,4.334420270000001,1.8324799600000001,1.8313241100000002,0.0038254749,-0.032113119999999995
h2o,348.15,1.62539208,5.9196717,851.14,18.0153,REF,-5.52162157,3.87975e-05,-3.84727441,4.29427962,1.62539208,5.891621,851.14,18.0153,SLE,-3.57143851,0.0034484047,-1.89812191,0.00026826,4.26622892,1.9501830599999996,1.9491524999999998,0.0034096072000000003,-0.02805070000000054
h2o,348.15,1.62539208,5.9196717,851.14,18.0153,REF,-5.52162157,3.87975e-05,-3.84727441,4.29427962,1.62539208,5.891621,851.14,18.0153,SLE,-3.57143851,0.0034484047,-1.89812191,0.00026826,4.26622892,1.9501830599999996,1.9491524999999998,0.0034096072000000003,-0.02805070000000054
h2o,348.15,1.62539208,5.9196717,851.14,18.0153,REF,-5.52162157,3.87975e-05,-3.84727441,4.29427962,1.62539208,5.891621,851.14,18.0153,SLE,-3.57143851,0.0034484047,-1.89812191,0.00026826,4.26622892,1.9501830599999996,1.9491524999999998,0.0034096072000000003,-0.02805070000000054
h2o,343.15,1.3658688,5.58331683,855.74,18.0153,REF,-5.69304509,2.61448e-05,-4.01635317,4.21744803,1.3658688,5.55877541,855.74,18.0153,SLE,-3.62147672,0.0030741877,-1.94570648,0.00023907,4.19290661,2.07156837,2.0706466900000002,0.0030480429000000002,-0.024541420000000258
h2o,343.15,1.3658688,5.58331683,855.74,18.0153,REF,-5.69304509,2.61448e-05,-4.01635317,4.21744803,1.3658688,5.55877541,855.74,18.0153,SLE,-3.62147672,0.0030741877,-1.94570648,0.00023907,4.19290661,2.07156837,2.0706466900000002,0.0030480429000000002,-0.024541420000000258
h2o,343.15,1.3658688,5.58331683,855.74,18.0153,REF,-5.69304509,2.61448e-05,-4.01635317,4.21744803,1.3658688,5.55877541,855.74,18.0153,SLE,-3.62147672,0.0030741877,-1.94570648,0.00023907,4.19290661,2.07156837,2.0706466900000002,0.0030480429000000002,-0.024541420000000258
h2o,338.15,1.10057361,5.23667169,860.37,18.0153,REF,-5.86661784,1.75314e-05,-4.18757844,4.13609808,1.10057361,5.21516636,860.37,18.0153,SLE,-3.66987446,0.0027508223,-1.99166195,0.00021386,4.11459275,2.19674338,2.19591649,0.0027332909,-0.0215053300000001
h2o,338.15,1.10057361,5.23667169,860.37,18.0153,REF,-5.86661784,1.75314e-05,-4.18757844,4.13609808,1.10057361,5.21516636,860.37,18.0153,SLE,-3.66987446,0.0027508223,-1.99166195,0.00021386,4.11459275,2.19674338,2.19591649,0.0027332909,-0.0215053300000001
h2o,338.15,1.10057361,5.23667169,860.37,18.0153,REF,-5.86661784,1.75314e-05,-4.18757844,4.13609808,1.10057361,5.21516636,860.37,18.0153,SLE,-3.66987446,0.0027508223,-1.99166195,0.00021386,4.11459275,2.19674338,2.19591649,0.0027332909,-0.0215053300000001
h2o,333.15,0.82944309,4.87974612,865.04,18.0153,REF,-6.04248466,1.16937e-05,-4.36109467,4.05030303,0.82944309,4.86087069,865.04,18.0153,SLE,-3.716654,0.0024705608,-2.03600827,0.00019202,4.0314276,2.3258306600000003,2.3250864,0.0024588671,-0.01887543000000047
h2o,333.15,0.82944309,4.87974612,865.04,18.0153,REF,-6.04248466,1.16937e-05,-4.36109467,4.05030303,0.82944309,4.86087069,865.04,18.0153,SLE,-3.716654,0.0024705608,-2.03600827,0.00019202,4.0314276,2.3258306600000003,2.3250864,0.0024588671,-0.01887543000000047
h2o,333.15,0.82944309,4.87974612,865.04,18.0153,REF,-6.04248466,1.16937e-05,-4.36109467,4.05030303,0.82944309,4.86087069,865.04,18.0153,SLE,-3.716654,0.0024705608,-2.03600827,0.00019202,4.0314276,2.3258306600000003,2.3250864,0.0024588671,-0.01887543000000047
h2o,328.15,0.55242703,4.51257799,869.74,18.0153,REF,-6.22080909,7.755829e-06,-4.53706515,3.9601509599999996,0.55242703,4.49598429,869.74,18.0153,SLE,-3.76184272,0.0022269201,-2.07877088,0.00017304,3.94355726,2.45896637,2.45829427,0.002219164271,-0.0165936999999996
h2o,328.15,0.55242703,4.51257799,869.74,18.0153,REF,-6.22080909,7.755829e-06,-4.53706515,3.9601509599999996,0.55242703,4.49598429,869.74,18.0153,SLE,-3.76184272,0.0022269201,-2.07877088,0.00017304,3.94355726,2.45896637,2.45829427,0.002219164271,-0.0165936999999996
h2o,328.15,0.55242703,4.51257799,869.74,18.0153,REF,-6.22080909,7.755829e-06,-4.53706515,3.9601509599999996,0.55242703,4.49598429,869.74,18.0153,SLE,-3.76184272,0.0022269201,-2.07877088,0.00017304,3.94355726,2.45896637,2.45829427,0.002219164271,-0.0165936999999996
h2o,323.15,0.26948871,4.13523362,874.47,18.0153,REF,-6.40177489,5.112855e-06,-4.71567345,3.86574491,0.26948871,4.12062388,874.47,18.0153,SLE,-3.80547449,0.0020144577,-2.11998199,0.0001565,3.85113517,2.5963004000000005,2.59569146,0.0020093448450000002,-0.014609740000000038
h2o,323.15,0.26948871,4.13523362,874.47,18.0153,REF,-6.40177489,5.112855e-06,-4.71567345,3.86574491,0.26948871,4.12062388,874.47,18.0153,SLE,-3.80547449,0.0020144577,-2.11998199,0.0001565,3.85113517,2.5963004000000005,2.59569146,0.0020093448450000002,-0.014609740000000038
h2o,323.15,0.26948871,4.13523362,874.47,18.0153,REF,-6.40177489,5.112855e-06,-4.71567345,3.86574491,0.26948871,4.12062388,874.47,18.0153,SLE,-3.80547449,0.0020144577,-2.11998199,0.0001565,3.85113517,2.5963004000000005,2.59569146,0.0020093448450000002,-0.014609740000000038
h2o,318.15,-0.01939498,3.74780738,879.24,18.0153,REF,-6.58558726,3.348512e-06,-4.89712467,3.7672023599999998,-0.01939498,3.7349258,879.24,18.0153,SLE,-3.84758915,0.0018285973,-2.15968007,0.00014204,3.75432078,2.7379981099999995,2.7374446000000003,0.0018252487880000001,-0.012881579999999726
h2o,318.15,-0.01939498,3.74780738,879.24,18.0153,REF,-6.58558726,3.348512e-06,-4.89712467,3.7672023599999998,-0.01939498,3.7349258,879.24,18.0153,SLE,-3.84758915,0.0018285973,-2.15968007,0.00014204,3.75432078,2.7379981099999995,2.7374446000000003,0.0018252487880000001,-0.012881579999999726
h2o,318.15,-0.01939498,3.74780738,879.24,18.0153,REF,-6.58558726,3.348512e-06,-4.89712467,3.7672023599999998,-0.01939498,3.7349258,879.24,18.0153,SLE,-3.84758915,0.0018285973,-2.15968007,0.00014204,3.75432078,2.7379981099999995,2.7374446000000003,0.0018252487880000001,-0.012881579999999726
h2o,313.15,-0.31423366,3.35042043,884.04,18.0153,REF,-6.77247386,2.177538e-06,-5.08164638,3.66465409,-0.31423366,3.3390485,884.04,18.0153,SLE,-3.88823475,0.0016654743,-2.19791201,0.00012935,3.6532821600000003,2.8842391099999998,2.8837343699999995,0.001663296762,-0.011371929999999697
h2o,313.15,-0.31423366,3.35042043,884.04,18.0153,REF,-6.77247386,2.177538e-06,-5.08164638,3.66465409,-0.31423366,3.3390485,884.04,18.0153,SLE,-3.88823475,0.0016654743,-2.19791201,0.00012935,3.6532821600000003,2.8842391099999998,2.8837343699999995,0.001663296762,-0.011371929999999697
h2o,313.15,-0.31423366,3.35042043,884.04,18.0153,REF,-6.77247386,2.177538e-06,-5.08164638,3.66465409,-0.31423366,3.3390485,884.04,18.0153,SLE,-3.88823475,0.0016654743,-2.19791201,0.00012935,3.6532821600000003,2.8842391099999998,2.8837343699999995,0.001663296762,-0.011371929999999697
h2o,308.15,-0.6150239,2.94321892,888.87,18.0153,REF,-6.96268556,1.405252e-06,-5.26948938,3.5582428200000003,-0.6150239,2.93316905,888.87,18.0153,SLE,-3.92746594,0.0015218239,-2.2347315,0.00011818,3.54819295,3.03521962,3.0347578799999995,0.001520418648,-0.01004987000000046
h2o,308.15,-0.6150239,2.94321892,888.87,18.0153,REF,-6.96268556,1.405252e-06,-5.26948938,3.5582428200000003,-0.6150239,2.93316905,888.87,18.0153,SLE,-3.92746594,0.0015218239,-2.2347315,0.00011818,3.54819295,3.03521962,3.0347578799999995,0.001520418648,-0.01004987000000046
h2o,308.15,-0.6150239,2.94321892,888.87,18.0153,REF,-6.96268556,1.405252e-06,-5.26948938,3.5582428200000003,-0.6150239,2.93316905,888.87,18.0153,SLE,-3.92746594,0.0015218239,-2.2347315,0.00011818,3.54819295,3.03521962,3.0347578799999995,0.001520418648,-0.01004987000000046
h2o,303.15,-0.92174984,2.52637161,893.74,18.0153,REF,-7.15649707,8.993795e-07,-5.46092838,3.44812145,-0.92174984,2.51748283,893.74,18.0153,SLE,-3.96534464,0.0013948792,-2.27019961,0.00010831,3.43923267,3.1911524300000003,3.19072877,0.0013939798205,-0.00888877999999993
h2o,303.15,-0.92174984,2.52637161,893.74,18.0153,REF,-7.15649707,8.993795e-07,-5.46092838,3.44812145,-0.92174984,2.51748283,893.74,18.0153,SLE,-3.96534464,0.0013948792,-2.27019961,0.00010831,3.43923267,3.1911524300000003,3.19072877,0.0013939798205,-0.00888877999999993
h2o,303.15,-0.92174984,2.52637161,893.74,18.0153,REF,-7.15649707,8.993795e-07,-5.46092838,3.44812145,-0.92174984,2.51748283,893.74,18.0153,SLE,-3.96534464,0.0013948792,-2.27019961,0.00010831,3.43923267,3.1911524300000003,3.19072877,0.0013939798205,-0.00888877999999993
h2o,298.15,-1.23438398,2.10006701,898.64,18.0153,REF,-7.35420758,5.704697e-07,-5.65626252,3.33445099,-1.23438398,2.09220115,898.64,18.0153,SLE,-4.00193935,0.0012822924,-2.30438416,9.955e-05,3.3265851300000002,3.35226823,3.35187836,0.0012817219303,-0.007865859999999891
h2o,298.15,-1.23438398,2.10006701,898.64,18.0153,REF,-7.35420758,5.704697e-07,-5.65626252,3.33445099,-1.23438398,2.09220115,898.64,18.0153,SLE,-4.00193935,0.0012822924,-2.30438416,9.955e-05,3.3265851300000002,3.35226823,3.35187836,0.0012817219303,-0.007865859999999891
h2o,298.15,-1.23438398,2.10006701,898.64,18.0153,REF,-7.35420758,5.704697e-07,-5.65626252,3.33445099,-1.23438398,2.09220115,898.64,18.0153,SLE,-4.00193935,0.0012822924,-2.30438416,9.955e-05,3.3265851300000002,3.35226823,3.35187836,0.0012817219303,-0.007865859999999891
h2o,403.15,4.12814181,8.95232879,802.62,18.0153,REF,-3.74571169,0.0023110105,-2.09753594,4.8241869799999995,4.12814181,4.15203627,802.62,18.0153,SLE,-0.37194166,0.9049330175,0.59727127,0.4246766,0.023894460000000173,3.3737700299999998,2.6948072100000005,0.902622007,-4.800292519999999
h2o,403.15,4.12814181,8.95232879,802.62,18.0153,REF,-3.74571169,0.0023110105,-2.09753594,4.8241869799999995,4.12814181,4.15203627,802.62,18.0153,SLE,-0.37194166,0.9049330175,0.59727127,0.4246766,0.023894460000000173,3.3737700299999998,2.6948072100000005,0.902622007,-4.800292519999999
h2o,403.15,4.12814181,8.95232879,802.62,18.0153,REF,-3.74571169,0.0023110105,-2.09753594,4.8241869799999995,4.12814181,4.15203627,802.62,18.0153,SLE,-0.37194166,0.9049330175,0.59727127,0.4246766,0.023894460000000173,3.3737700299999998,2.6948072100000005,0.902622007,-4.800292519999999
h2o,398.15,3.9249904,8.72711089,806.88,18.0153,REF,-3.90121363,0.0016165112,-2.25053194,4.80212049,3.9249904,3.96581736,806.88,18.0153,SLE,-0.42366077,0.8864090194,0.58809941,0.37699816,0.04082695999999997,3.47755286,2.83863135,0.8847925082000001,-4.76129353
h2o,398.15,3.9249904,8.72711089,806.88,18.0153,REF,-3.90121363,0.0016165112,-2.25053194,4.80212049,3.9249904,3.96581736,806.88,18.0153,SLE,-0.42366077,0.8864090194,0.58809941,0.37699816,0.04082695999999997,3.47755286,2.83863135,0.8847925082000001,-4.76129353
h2o,398.15,3.9249904,8.72711089,806.88,18.0153,REF,-3.90121363,0.0016165112,-2.25053194,4.80212049,3.9249904,3.96581736,806.88,18.0153,SLE,-0.42366077,0.8864090194,0.58809941,0.37699816,0.04082695999999997,3.47755286,2.83863135,0.8847925082000001,-4.76129353
h2o,393.15,3.71738099,8.49139277,811.17,18.0153,REF,-4.05731207,0.0011289529,-2.40418268,4.774011779999999,3.71738099,3.78442431,811.17,18.0153,SLE,-0.48190632,0.8638044314,0.5761956,0.32968082,0.0670433199999998,3.57540575,2.98037828,0.8626754784999999,-4.706968459999999
h2o,393.15,3.71738099,8.49139277,811.17,18.0153,REF,-4.05731207,0.0011289529,-2.40418268,4.774011779999999,3.71738099,3.78442431,811.17,18.0153,SLE,-0.48190632,0.8638044314,0.5761956,0.32968082,0.0670433199999998,3.57540575,2.98037828,0.8626754784999999,-4.706968459999999
h2o,393.15,3.71738099,8.49139277,811.17,18.0153,REF,-4.05731207,0.0011289529,-2.40418268,4.774011779999999,3.71738099,3.78442431,811.17,18.0153,SLE,-0.48190632,0.8638044314,0.5761956,0.32968082,0.0670433199999998,3.57540575,2.98037828,0.8626754784999999,-4.706968459999999
h2o,388.15,3.50516833,8.24553449,815.48,18.0153,REF,-4.21431461,0.0007867025,-2.55877718,4.740366160000001,3.50516833,8.16021373,815.48,18.0153,SLE,-3.10908039,0.0099393912,-1.45630901,0.00077789,4.6550454000000006,1.1052342199999998,1.1024681699999999,0.0091526887,-0.0853207600000001
h2o,388.15,3.50516833,8.24553449,815.48,18.0153,REF,-4.21431461,0.0007867025,-2.55877718,4.740366160000001,3.50516833,8.16021373,815.48,18.0153,SLE,-3.10908039,0.0099393912,-1.45630901,0.00077789,4.6550454000000006,1.1052342199999998,1.1024681699999999,0.0091526887,-0.0853207600000001
h2o,388.15,3.50516833,8.24553449,815.48,18.0153,REF,-4.21431461,0.0007867025,-2.55877718,4.740366160000001,3.50516833,8.16021373,815.48,18.0153,SLE,-3.10908039,0.0099393912,-1.45630901,0.00077789,4.6550454000000006,1.1052342199999998,1.1024681699999999,0.0091526887,-0.0853207600000001
h2o,383.15,3.28820878,7.98971836,819.83,18.0153,REF,-4.37244252,0.0005467374,-2.71452379,4.70150958,3.28820878,7.91564318,819.83,18.0153,SLE,-3.17331764,0.0085836175,-1.51782663,0.00067094,4.6274344,1.1991248799999998,1.1966971599999998,0.0080368801,-0.07407517999999946
h2o,383.15,3.28820878,7.98971836,819.83,18.0153,REF,-4.37244252,0.0005467374,-2.71452379,4.70150958,3.28820878,7.91564318,819.83,18.0153,SLE,-3.17331764,0.0085836175,-1.51782663,0.00067094,4.6274344,1.1991248799999998,1.1966971599999998,0.0080368801,-0.07407517999999946
h2o,383.15,3.28820878,7.98971836,819.83,18.0153,REF,-4.37244252,0.0005467374,-2.71452379,4.70150958,3.28820878,7.91564318,819.83,18.0153,SLE,-3.17331764,0.0085836175,-1.51782663,0.00067094,4.6274344,1.1991248799999998,1.1966971599999998,0.0080368801,-0.07407517999999946
h2o,378.15,3.06636144,7.72401094,824.21,18.0153,REF,-4.53186036,0.000378816,-2.87157798,4.6576495,3.06636144,7.65968974,824.21,18.0153,SLE,-3.23556566,0.0074452925,-1.57741728,0.00058135,4.5933283,1.2962946999999998,1.2941607000000002,0.0070664765,-0.06432120000000019
h2o,378.15,3.06636144,7.72401094,824.21,18.0153,REF,-4.53186036,0.000378816,-2.87157798,4.6576495,3.06636144,7.65968974,824.21,18.0153,SLE,-3.23556566,0.0074452925,-1.57741728,0.00058135,4.5933283,1.2962946999999998,1.2941607000000002,0.0070664765,-0.06432120000000019
h2o,378.15,3.06636144,7.72401094,824.21,18.0153,REF,-4.53186036,0.000378816,-2.87157798,4.6576495,3.06636144,7.65968974,824.21,18.0153,SLE,-3.23556566,0.0074452925,-1.57741728,0.00058135,4.5933283,1.2962946999999998,1.2941607000000002,0.0070664765,-0.06432120000000019
h2o,373.15,2.83948933,7.44840517,828.62,18.0153,REF,-4.69269608,0.0002616011,-3.0300613,4.60891584,2.83948933,7.39252945,828.62,18.0153,SLE,-3.29593121,0.0064849025,-1.63517558,0.0005059,4.5530401199999995,1.3967648700000002,1.3948857199999998,0.0062233014,-0.055875720000000406
h2o,373.15,2.83948933,7.44840517,828.62,18.0153,REF,-4.69269608,0.0002616011,-3.0300613,4.60891584,2.83948933,7.39252945,828.62,18.0153,SLE,-3.29593121,0.0064849025,-1.63517558,0.0005059,4.5530401199999995,1.3967648700000002,1.3948857199999998,0.0062233014,-0.055875720000000406
h2o,373.15,2.83948933,7.44840517,828.62,18.0153,REF,-4.69269608,0.0002616011,-3.0300613,4.60891584,2.83948933,7.39252945,828.62,18.0153,SLE,-3.29593121,0.0064849025,-1.63517558,0.0005059,4.5530401199999995,1.3967648700000002,1.3948857199999998,0.0062233014,-0.055875720000000406
h2o,368.15,2.6074606,7.16285088,833.06,18.0153,REF,-4.85505593,0.0001800165,-3.19007548,4.555390279999999,2.6074606,7.1142774,833.06,18.0153,SLE,-3.35448774,0.0056711971,-1.69116539,0.00044209,4.506816799999999,1.5005681899999996,1.4989100899999999,0.0054911806,-0.04857347999999995
h2o,368.15,2.6074606,7.16285088,833.06,18.0153,REF,-4.85505593,0.0001800165,-3.19007548,4.555390279999999,2.6074606,7.1142774,833.06,18.0153,SLE,-3.35448774,0.0056711971,-1.69116539,0.00044209,4.506816799999999,1.5005681899999996,1.4989100899999999,0.0054911806,-0.04857347999999995
h2o,368.15,2.6074606,7.16285088,833.06,18.0153,REF,-4.85505593,0.0001800165,-3.19007548,4.555390279999999,2.6074606,7.1142774,833.06,18.0153,SLE,-3.35448774,0.0056711971,-1.69116539,0.00044209,4.506816799999999,1.5005681899999996,1.4989100899999999,0.0054911806,-0.04857347999999995
h2o,363.15,2.37014979,6.86727569,837.53,18.0153,REF,-5.01903481,0.0001234117,-3.35171221,4.4971258999999995,2.37014979,6.82501146,837.53,18.0153,SLE,-3.41128658,0.0049791422,-1.74543038,0.00038789,4.45486167,1.60774823,1.6062818300000001,0.0048557305,-0.04226422999999979
h2o,363.15,2.37014979,6.86727569,837.53,18.0153,REF,-5.01903481,0.0001234117,-3.35171221,4.4971258999999995,2.37014979,6.82501146,837.53,18.0153,SLE,-3.41128658,0.0049791422,-1.74543038,0.00038789,4.45486167,1.60774823,1.6062818300000001,0.0048557305,-0.04226422999999979
h2o,363.15,2.37014979,6.86727569,837.53,18.0153,REF,-5.01903481,0.0001234117,-3.35171221,4.4971258999999995,2.37014979,6.82501146,837.53,18.0153,SLE,-3.41128658,0.0049791422,-1.74543038,0.00038789,4.45486167,1.60774823,1.6062818300000001,0.0048557305,-0.04226422999999979
h2o,358.15,2.12743908,6.56160088,842.04,18.0153,REF,-5.18472438,8.42718e-05,-3.51506093,4.4341618,2.12743908,6.52478533,842.04,18.0153,SLE,-3.46636261,0.0043885004,-1.79799928,0.00034169,4.39734625,1.7183617699999996,1.7170616500000002,0.0043042286,-0.03681555000000003
h2o,358.15,2.12743908,6.56160088,842.04,18.0153,REF,-5.18472438,8.42718e-05,-3.51506093,4.4341618,2.12743908,6.52478533,842.04,18.0153,SLE,-3.46636261,0.0043885004,-1.79799928,0.00034169,4.39734625,1.7183617699999996,1.7170616500000002,0.0043042286,-0.03681555000000003
h2o,358.15,2.12743908,6.56160088,842.04,18.0153,REF,-5.18472438,8.42718e-05,-3.51506093,4.4341618,2.12743908,6.52478533,842.04,18.0153,SLE,-3.46636261,0.0043885004,-1.79799928,0.00034169,4.39734625,1.7183617699999996,1.7170616500000002,0.0043042286,-0.03681555000000003
h2o,353.15,1.87921951,6.2457529,846.57,18.0153,REF,-5.35221922,5.73058e-05,-3.68021462,4.366533390000001,1.87921951,6.21363978,846.57,18.0153,SLE,-3.51973926,0.0038827807,-1.84889051,0.00030218,4.334420270000001,1.8324799600000001,1.8313241100000002,0.0038254749,-0.032113119999999995
h2o,353.15,1.87921951,6.2457529,846.57,18.0153,REF,-5.35221922,5.73058e-05,-3.68021462,4.366533390000001,1.87921951,6.21363978,846.57,18.0153,SLE,-3.51973926,0.0038827807,-1.84889051,0.00030218,4.334420270000001,1.8324799600000001,1.8313241100000002,0.0038254749,-0.032113119999999995
h2o,353.15,1.87921951,6.2457529,846.57,18.0153,REF,-5.35221922,5.73058e-05,-3.68021462,4.366533390000001,1.87921951,6.21363978,846.57,18.0153,SLE,-3.51973926,0.0038827807,-1.84889051,0.00030218,4.334420270000001,1.8324799600000001,1.8313241100000002,0.0038254749,-0.032113119999999995
h2o,348.15,1.62539208,5.9196717,851.14,18.0153,REF,-5.52162157,3.87975e-05,-3.84727441,4.29427962,1.62539208,5.891621,851.14,18.0153,SLE,-3.57143851,0.0034484047,-1.89812191,0.00026826,4.26622892,1.9501830599999996,1.9491524999999998,0.0034096072000000003,-0.02805070000000054
h2o,348.15,1.62539208,5.9196717,851.14,18.0153,REF,-5.52162157,3.87975e-05,-3.84727441,4.29427962,1.62539208,5.891621,851.14,18.0153,SLE,-3.57143851,0.0034484047,-1.89812191,0.00026826,4.26622892,1.9501830599999996,1.9491524999999998,0.0034096072000000003,-0.02805070000000054
h2o,348.15,1.62539208,5.9196717,851.14,18.0153,REF,-5.52162157,3.87975e-05,-3.84727441,4.29427962,1.62539208,5.891621,851.14,18.0153,SLE,-3.57143851,0.0034484047,-1.89812191,0.00026826,4.26622892,1.9501830599999996,1.9491524999999998,0.0034096072000000003,-0.02805070000000054
h2o,343.15,1.3658688,5.58331683,855.74,18.0153,REF,-5.69304509,2.61448e-05,-4.01635317,4.21744803,1.3658688,5.55877541,855.74,18.0153,SLE,-3.62147672,0.0030741877,-1.94570648,0.00023907,4.19290661,2.07156837,2.0706466900000002,0.0030480429000000002,-0.024541420000000258
h2o,343.15,1.3658688,5.58331683,855.74,18.0153,REF,-5.69304509,2.61448e-05,-4.01635317,4.21744803,1.3658688,5.55877541,855.74,18.0153,SLE,-3.62147672,0.0030741877,-1.94570648,0.00023907,4.19290661,2.07156837,2.0706466900000002,0.0030480429000000002,-0.024541420000000258
h2o,343.15,1.3658688,5.58331683,855.74,18.0153,REF,-5.69304509,2.61448e-05,-4.01635317,4.21744803,1.3658688,5.55877541,855.74,18.0153,SLE,-3.62147672,0.0030741877,-1.94570648,0.00023907,4.19290661,2.07156837,2.0706466900000002,0.0030480429000000002,-0.024541420000000258
h2o,338.15,1.10057361,5.23667169,860.37,18.0153,REF,-5.86661784,1.75314e-05,-4.18757844,4.13609808,1.10057361,5.21516636,860.37,18.0153,SLE,-3.66987446,0.0027508223,-1.99166195,0.00021386,4.11459275,2.19674338,2.19591649,0.0027332909,-0.0215053300000001
h2o,338.15,1.10057361,5.23667169,860.37,18.0153,REF,-5.86661784,1.75314e-05,-4.18757844,4.13609808,1.10057361,5.21516636,860.37,18.0153,SLE,-3.66987446,0.0027508223,-1.99166195,0.00021386,4.11459275,2.19674338,2.19591649,0.0027332909,-0.0215053300000001
h2o,338.15,1.10057361,5.23667169,860.37,18.0153,REF,-5.86661784,1.75314e-05,-4.18757844,4.13609808,1.10057361,5.21516636,860.37,18.0153,SLE,-3.66987446,0.0027508223,-1.99166195,0.00021386,4.11459275,2.19674338,2.19591649,0.0027332909,-0.0215053300000001
h2o,333.15,0.82944309,4.87974612,865.04,18.0153,REF,-6.04248466,1.16937e-05,-4.36109467,4.05030303,0.82944309,4.86087069,865.04,18.0153,SLE,-3.716654,0.0024705608,-2.03600827,0.00019202,4.0314276,2.3258306600000003,2.3250864,0.0024588671,-0.01887543000000047
h2o,333.15,0.82944309,4.87974612,865.04,18.0153,REF,-6.04248466,1.16937e-05,-4.36109467,4.05030303,0.82944309,4.86087069,865.04,18.0153,SLE,-3.716654,0.0024705608,-2.03600827,0.00019202,4.0314276,2.3258306600000003,2.3250864,0.0024588671,-0.01887543000000047
h2o,333.15,0.82944309,4.87974612,865.04,18.0153,REF,-6.04248466,1.16937e-05,-4.36109467,4.05030303,0.82944309,4.86087069,865.04,18.0153,SLE,-3.716654,0.0024705608,-2.03600827,0.00019202,4.0314276,2.3258306600000003,2.3250864,0.0024588671,-0.01887543000000047
h2o,328.15,0.55242703,4.51257799,869.74,18.0153,REF,-6.22080909,7.755829e-06,-4.53706515,3.9601509599999996,0.55242703,4.49598429,869.74,18.0153,SLE,-3.76184272,0.0022269201,-2.07877088,0.00017304,3.94355726,2.45896637,2.45829427,0.002219164271,-0.0165936999999996
h2o,328.15,0.55242703,4.51257799,869.74,18.0153,REF,-6.22080909,7.755829e-06,-4.53706515,3.9601509599999996,0.55242703,4.49598429,869.74,18.0153,SLE,-3.76184272,0.0022269201,-2.07877088,0.00017304,3.94355726,2.45896637,2.45829427,0.002219164271,-0.0165936999999996
h2o,328.15,0.55242703,4.51257799,869.74,18.0153,REF,-6.22080909,7.755829e-06,-4.53706515,3.9601509599999996,0.55242703,4.49598429,869.74,18.0153,SLE,-3.76184272,0.0022269201,-2.07877088,0.00017304,3.94355726,2.45896637,2.45829427,0.002219164271,-0.0165936999999996
h2o,323.15,0.26948871,4.13523362,874.47,18.0153,REF,-6.40177489,5.112855e-06,-4.71567345,3.86574491,0.26948871,4.12062388,874.47,18.0153,SLE,-3.80547449,0.0020144577,-2.11998199,0.0001565,3.85113517,2.5963004000000005,2.59569146,0.0020093448450000002,-0.014609740000000038
h2o,323.15,0.26948871,4.13523362,874.47,18.0153,REF,-6.40177489,5.112855e-06,-4.71567345,3.86574491,0.26948871,4.12062388,874.47,18.0153,SLE,-3.80547449,0.0020144577,-2.11998199,0.0001565,3.85113517,2.5963004000000005,2.59569146,0.0020093448450000002,-0.014609740000000038
h2o,323.15,0.26948871,4.13523362,874.47,18.0153,REF,-6.40177489,5.112855e-06,-4.71567345,3.86574491,0.26948871,4.12062388,874.47,18.0153,SLE,-3.80547449,0.0020144577,-2.11998199,0.0001565,3.85113517,2.5963004000000005,2.59569146,0.0020093448450000002,-0.014609740000000038
h2o,318.15,-0.01939498,3.74780738,879.24,18.0153,REF,-6.58558726,3.348512e-06,-4.89712467,3.7672023599999998,-0.01939498,3.7349258,879.24,18.0153,SLE,-3.84758915,0.0018285973,-2.15968007,0.00014204,3.75432078,2.7379981099999995,2.7374446000000003,0.0018252487880000001,-0.012881579999999726
h2o,318.15,-0.01939498,3.74780738,879.24,18.0153,REF,-6.58558726,3.348512e-06,-4.89712467,3.7672023599999998,-0.01939498,3.7349258,879.24,18.0153,SLE,-3.84758915,0.0018285973,-2.15968007,0.00014204,3.75432078,2.7379981099999995,2.7374446000000003,0.0018252487880000001,-0.012881579999999726
h2o,318.15,-0.01939498,3.74780738,879.24,18.0153,REF,-6.58558726,3.348512e-06,-4.89712467,3.7672023599999998,-0.01939498,3.7349258,879.24,18.0153,SLE,-3.84758915,0.0018285973,-2.15968007,0.00014204,3.75432078,2.7379981099999995,2.7374446000000003,0.0018252487880000001,-0.012881579999999726
h2o,313.15,-0.31423366,3.35042043,884.04,18.0153,REF,-6.77247386,2.177538e-06,-5.08164638,3.66465409,-0.31423366,3.3390485,884.04,18.0153,SLE,-3.88823475,0.0016654743,-2.19791201,0.00012935,3.6532821600000003,2.8842391099999998,2.8837343699999995,0.001663296762,-0.011371929999999697
h2o,313.15,-0.31423366,3.35042043,884.04,18.0153,REF,-6.77247386,2.177538e-06,-5.08164638,3.66465409,-0.31423366,3.3390485,884.04,18.0153,SLE,-3.88823475,0.0016654743,-2.19791201,0.00012935,3.6532821600000003,2.8842391099999998,2.8837343699999995,0.001663296762,-0.011371929999999697
h2o,313.15,-0.31423366,3.35042043,884.04,18.0153,REF,-6.77247386,2.177538e-06,-5.08164638,3.66465409,-0.31423366,3.3390485,884.04,18.0153,SLE,-3.88823475,0.0016654743,-2.19791201,0.00012935,3.6532821600000003,2.8842391099999998,2.8837343699999995,0.001663296762,-0.011371929999999697
h2o,308.15,-0.6150239,2.94321892,888.87,18.0153,REF,-6.96268556,1.405252e-06,-5.26948938,3.5582428200000003,-0.6150239,2.93316905,888.87,18.0153,SLE,-3.92746594,0.0015218239,-2.2347315,0.00011818,3.54819295,3.03521962,3.0347578799999995,0.001520418648,-0.01004987000000046
h2o,308.15,-0.6150239,2.94321892,888.87,18.0153,REF,-6.96268556,1.405252e-06,-5.26948938,3.5582428200000003,-0.6150239,2.93316905,888.87,18.0153,SLE,-3.92746594,0.0015218239,-2.2347315,0.00011818,3.54819295,3.03521962,3.0347578799999995,0.001520418648,-0.01004987000000046
h2o,308.15,-0.6150239,2.94321892,888.87,18.0153,REF,-6.96268556,1.405252e-06,-5.26948938,3.5582428200000003,-0.6150239,2.93316905,888.87,18.0153,SLE,-3.92746594,0.0015218239,-2.2347315,0.00011818,3.54819295,3.03521962,3.0347578799999995,0.001520418648,-0.01004987000000046
h2o,303.15,-0.92174984,2.52637161,893.74,18.0153,REF,-7.15649707,8.993795e-07,-5.46092838,3.44812145,-0.92174984,2.51748283,893.74,18.0153,SLE,-3.96534464,0.0013948792,-2.27019961,0.00010831,3.43923267,3.1911524300000003,3.19072877,0.0013939798205,-0.00888877999999993
h2o,303.15,-0.92174984,2.52637161,893.74,18.0153,REF,-7.15649707,8.993795e-07,-5.46092838,3.44812145,-0.92174984,2.51748283,893.74,18.0153,SLE,-3.96534464,0.0013948792,-2.27019961,0.00010831,3.43923267,3.1911524300000003,3.19072877,0.0013939798205,-0.00888877999999993
h2o,303.15,-0.92174984,2.52637161,893.74,18.0153,REF,-7.15649707,8.993795e-07,-5.46092838,3.44812145,-0.92174984,2.51748283,893.74,18.0153,SLE,-3.96534464,0.0013948792,-2.27019961,0.00010831,3.43923267,3.1911524300000003,3.19072877,0.0013939798205,-0.00888877999999993
h2o,298.15,-1.23438398,2.10006701,898.64,18.0153,REF,-7.35420758,5.704697e-07,-5.65626252,3.33445099,-1.23438398,2.09220115,898.64,18.0153,SLE,-4.00193935,0.0012822924,-2.30438416,9.955e-05,3.3265851300000002,3.35226823,3.35187836,0.0012817219303,-0.007865859999999891
h2o,298.15,-1.23438398,2.10006701,898.64,18.0153,REF,-7.35420758,5.704697e-07,-5.65626252,3.33445099,-1.23438398,2.09220115,898.64,18.0153,SLE,-4.00193935,0.0012822924,-2.30438416,9.955e-05,3.3265851300000002,3.35226823,3.35187836,0.0012817219303,-0.007865859999999891
h2o,298.15,-1.23438398,2.10006701,898.64,18.0153,REF,-7.35420758,5.704697e-07,-5.65626252,3.33445099,-1.23438398,2.09220115,898.64,18.0153,SLE,-4.00193935,0.0012822924,-2.30438416,9.955e-05,3.3265851300000002,3.35226823,3.35187836,0.0012817219303,-0.007865859999999891
h2o,403.15,4.12814181,8.95232879,802.62,18.0153,REF,-3.74571169,0.0023110105,-2.09753594,4.8241869799999995,4.12814181,4.15203627,802.62,18.0153,SLE,-0.37194166,0.9049330175,0.59727127,0.4246766,0.023894460000000173,3.3737700299999998,2.6948072100000005,0.902622007,-4.800292519999999
h2o,403.15,4.12814181,8.95232879,802.62,18.0153,REF,-3.74571169,0.0023110105,-2.09753594,4.8241869799999995,4.12814181,4.15203627,802.62,18.0153,SLE,-0.37194166,0.9049330175,0.59727127,0.4246766,0.023894460000000173,3.3737700299999998,2.6948072100000005,0.902622007,-4.800292519999999
h2o,403.15,4.12814181,8.95232879,802.62,18.0153,REF,-3.74571169,0.0023110105,-2.09753594,4.8241869799999995,4.12814181,4.15203627,802.62,18.0153,SLE,-0.37194166,0.9049330175,0.59727127,0.4246766,0.023894460000000173,3.3737700299999998,2.6948072100000005,0.902622007,-4.800292519999999
h2o,398.15,3.9249904,8.72711089,806.88,18.0153,REF,-3.90121363,0.0016165112,-2.25053194,4.80212049,3.9249904,3.96581736,806.88,18.0153,SLE,-0.42366077,0.8864090194,0.58809941,0.37699816,0.04082695999999997,3.47755286,2.83863135,0.8847925082000001,-4.76129353
h2o,398.15,3.9249904,8.72711089,806.88,18.0153,REF,-3.90121363,0.0016165112,-2.25053194,4.80212049,3.9249904,3.96581736,806.88,18.0153,SLE,-0.42366077,0.8864090194,0.58809941,0.37699816,0.04082695999999997,3.47755286,2.83863135,0.8847925082000001,-4.76129353
h2o,398.15,3.9249904,8.72711089,806.88,18.0153,REF,-3.90121363,0.0016165112,-2.25053194,4.80212049,3.9249904,3.96581736,806.88,18.0153,SLE,-0.42366077,0.8864090194,0.58809941,0.37699816,0.04082695999999997,3.47755286,2.83863135,0.8847925082000001,-4.76129353
h2o,393.15,3.71738099,8.49139277,811.17,18.0153,REF,-4.05731207,0.0011289529,-2.40418268,4.774011779999999,3.71738099,3.78442431,811.17,18.0153,SLE,-0.48190632,0.8638044314,0.5761956,0.32968082,0.0670433199999998,3.57540575,2.98037828,0.8626754784999999,-4.706968459999999
h2o,393.15,3.71738099,8.49139277,811.17,18.0153,REF,-4.05731207,0.0011289529,-2.40418268,4.774011779999999,3.71738099,3.78442431,811.17,18.0153,SLE,-0.48190632,0.8638044314,0.5761956,0.32968082,0.0670433199999998,3.57540575,2.98037828,0.8626754784999999,-4.706968459999999
h2o,393.15,3.71738099,8.49139277,811.17,18.0153,REF,-4.05731207,0.0011289529,-2.40418268,4.774011779999999,3.71738099,3.78442431,811.17,18.0153,SLE,-0.48190632,0.8638044314,0.5761956,0.32968082,0.0670433199999998,3.57540575,2.98037828,0.8626754784999999,-4.706968459999999
h2o,388.15,3.50516833,8.24553449,815.48,18.0153,REF,-4.21431461,0.0007867025,-2.55877718,4.740366160000001,3.50516833,8.16021373,815.48,18.0153,SLE,-3.10908039,0.0099393912,-1.45630901,0.00077789,4.6550454000000006,1.1052342199999998,1.1024681699999999,0.0091526887,-0.0853207600000001
h2o,388.15,3.50516833,8.24553449,815.48,18.0153,REF,-4.21431461,0.0007867025,-2.55877718,4.740366160000001,3.50516833,8.16021373,815.48,18.0153,SLE,-3.10908039,0.0099393912,-1.45630901,0.00077789,4.6550454000000006,1.1052342199999998,1.1024681699999999,0.0091526887,-0.0853207600000001
h2o,388.15,3.50516833,8.24553449,815.48,18.0153,REF,-4.21431461,0.0007867025,-2.55877718,4.740366160000001,3.50516833,8.16021373,815.48,18.0153,SLE,-3.10908039,0.0099393912,-1.45630901,0.00077789,4.6550454000000006,1.1052342199999998,1.1024681699999999,0.0091526887,-0.0853207600000001
h2o,383.15,3.28820878,7.98971836,819.83,18.0153,REF,-4.37244252,0.0005467374,-2.71452379,4.70150958,3.28820878,7.91564318,819.83,18.0153,SLE,-3.17331764,0.0085836175,-1.51782663,0.00067094,4.6274344,1.1991248799999998,1.1966971599999998,0.0080368801,-0.07407517999999946
h2o,383.15,3.28820878,7.98971836,819.83,18.0153,REF,-4.37244252,0.0005467374,-2.71452379,4.70150958,3.28820878,7.91564318,819.83,18.0153,SLE,-3.17331764,0.0085836175,-1.51782663,0.00067094,4.6274344,1.1991248799999998,1.1966971599999998,0.0080368801,-0.07407517999999946
h2o,383.15,3.28820878,7.98971836,819.83,18.0153,REF,-4.37244252,0.0005467374,-2.71452379,4.70150958,3.28820878,7.91564318,819.83,18.0153,SLE,-3.17331764,0.0085836175,-1.51782663,0.00067094,4.6274344,1.1991248799999998,1.1966971599999998,0.0080368801,-0.07407517999999946
h2o,378.15,3.06636144,7.72401094,824.21,18.0153,REF,-4.53186036,0.000378816,-2.87157798,4.6576495,3.06636144,7.65968974,824.21,18.0153,SLE,-3.23556566,0.0074452925,-1.57741728,0.00058135,4.5933283,1.2962946999999998,1.2941607000000002,0.0070664765,-0.06432120000000019
h2o,378.15,3.06636144,7.72401094,824.21,18.0153,REF,-4.53186036,0.000378816,-2.87157798,4.6576495,3.06636144,7.65968974,824.21,18.0153,SLE,-3.23556566,0.0074452925,-1.57741728,0.00058135,4.5933283,1.2962946999999998,1.2941607000000002,0.0070664765,-0.06432120000000019
h2o,378.15,3.06636144,7.72401094,824.21,18.0153,REF,-4.53186036,0.000378816,-2.87157798,4.6576495,3.06636144,7.65968974,824.21,18.0153,SLE,-3.23556566,0.0074452925,-1.57741728,0.00058135,4.5933283,1.2962946999999998,1.2941607000000002,0.0070664765,-0.06432120000000019
h2o,373.15,2.83948933,7.44840517,828.62,18.0153,REF,-4.69269608,0.0002616011,-3.0300613,4.60891584,2.83948933,7.39252945,828.62,18.0153,SLE,-3.29593121,0.0064849025,-1.63517558,0.0005059,4.5530401199999995,1.3967648700000002,1.3948857199999998,0.0062233014,-0.055875720000000406
h2o,373.15,2.83948933,7.44840517,828.62,18.0153,REF,-4.69269608,0.0002616011,-3.0300613,4.60891584,2.83948933,7.39252945,828.62,18.0153,SLE,-3.29593121,0.0064849025,-1.63517558,0.0005059,4.5530401199999995,1.3967648700000002,1.3948857199999998,0.0062233014,-0.055875720000000406
h2o,373.15,2.83948933,7.44840517,828.62,18.0153,REF,-4.69269608,0.0002616011,-3.0300613,4.60891584,2.83948933,7.39252945,828.62,18.0153,SLE,-3.29593121,0.0064849025,-1.63517558,0.0005059,4.5530401199999995,1.3967648700000002,1.3948857199999998,0.0062233014,-0.055875720000000406
h2o,368.15,2.6074606,7.16285088,833.06,18.0153,REF,-4.85505593,0.0001800165,-3.19007548,4.555390279999999,2.6074606,7.1142774,833.06,18.0153,SLE,-3.35448774,0.0056711971,-1.69116539,0.00044209,4.506816799999999,1.5005681899999996,1.4989100899999999,0.0054911806,-0.04857347999999995
h2o,368.15,2.6074606,7.16285088,833.06,18.0153,REF,-4.85505593,0.0001800165,-3.19007548,4.555390279999999,2.6074606,7.1142774,833.06,18.0153,SLE,-3.35448774,0.0056711971,-1.69116539,0.00044209,4.506816799999999,1.5005681899999996,1.4989100899999999,0.0054911806,-0.04857347999999995
h2o,368.15,2.6074606,7.16285088,833.06,18.0153,REF,-4.85505593,0.0001800165,-3.19007548,4.555390279999999,2.6074606,7.1142774,833.06,18.0153,SLE,-3.35448774,0.0056711971,-1.69116539,0.00044209,4.506816799999999,1.5005681899999996,1.4989100899999999,0.0054911806,-0.04857347999999995
h2o,363.15,2.37014979,6.86727569,837.53,18.0153,REF,-5.01903481,0.0001234117,-3.35171221,4.4971258999999995,2.37014979,6.82501146,837.53,18.0153,SLE,-3.41128658,0.0049791422,-1.74543038,0.00038789,4.45486167,1.60774823,1.6062818300000001,0.0048557305,-0.04226422999999979
h2o,363.15,2.37014979,6.86727569,837.53,18.0153,REF,-5.01903481,0.0001234117,-3.35171221,4.4971258999999995,2.37014979,6.82501146,837.53,18.0153,SLE,-3.41128658,0.0049791422,-1.74543038,0.00038789,4.45486167,1.60774823,1.6062818300000001,0.0048557305,-0.04226422999999979
h2o,363.15,2.37014979,6.86727569,837.53,18.0153,REF,-5.01903481,0.0001234117,-3.35171221,4.4971258999999995,2.37014979,6.82501146,837.53,18.0153,SLE,-3.41128658,0.0049791422,-1.74543038,0.00038789,4.45486167,1.60774823,1.6062818300000001,0.0048557305,-0.04226422999999979
h2o,358.15,2.12743908,6.56160088,842.04,18.0153,REF,-5.18472438,8.42718e-05,-3.51506093,4.4341618,2.12743908,6.52478533,842.04,18.0153,SLE,-3.46636261,0.0043885004,-1.79799928,0.00034169,4.39734625,1.7183617699999996,1.7170616500000002,0.0043042286,-0.03681555000000003
h2o,358.15,2.12743908,6.56160088,842.04,18.0153,REF,-5.18472438,8.42718e-05,-3.51506093,4.4341618,2.12743908,6.52478533,842.04,18.0153,SLE,-3.46636261,0.0043885004,-1.79799928,0.00034169,4.39734625,1.7183617699999996,1.7170616500000002,0.0043042286,-0.03681555000000003
h2o,358.15,2.12743908,6.56160088,842.04,18.0153,REF,-5.18472438,8.42718e-05,-3.51506093,4.4341618,2.12743908,6.52478533,842.04,18.0153,SLE,-3.46636261,0.0043885004,-1.79799928,0.00034169,4.39734625,1.7183617699999996,1.7170616500000002,0.0043042286,-0.03681555000000003
h2o,353.15,1.87921951,6.2457529,846.57,18.0153,REF,-5.35221922,5.73058e-05,-3.68021462,4.366533390000001,1.87921951,6.21363978,846.57,18.0153,SLE,-3.51973926,0.0038827807,-1.84889051,0.00030218,4.334420270000001,1.8324799600000001,1.8313241100000002,0.0038254749,-0.032113119999999995
h2o,353.15,1.87921951,6.2457529,846.57,18.0153,REF,-5.35221922,5.73058e-05,-3.68021462,4.366533390000001,1.87921951,6.21363978,846.57,18.0153,SLE,-3.51973926,0.0038827807,-1.84889051,0.00030218,4.334420270000001,1.8324799600000001,1.8313241100000002,0.0038254749,-0.032113119999999995
h2o,353.15,1.87921951,6.2457529,846.57,18.0153,REF,-5.35221922,5.73058e-05,-3.68021462,4.366533390000001,1.87921951,6.21363978,846.57,18.0153,SLE,-3.51973926,0.0038827807,-1.84889051,0.00030218,4.334420270000001,1.8324799600000001,1.8313241100000002,0.0038254749,-0.032113119999999995
h2o,348.15,1.62539208,5.9196717,851.14,18.0153,REF,-5.52162157,3.87975e-05,-3.84727441,4.29427962,1.62539208,5.891621,851.14,18.0153,SLE,-3.57143851,0.0034484047,-1.89812191,0.00026826,4.26622892,1.9501830599999996,1.9491524999999998,0.0034096072000000003,-0.02805070000000054
h2o,348.15,1.62539208,5.9196717,851.14,18.0153,REF,-5.52162157,3.87975e-05,-3.84727441,4.29427962,1.62539208,5.891621,851.14,18.0153,SLE,-3.57143851,0.0034484047,-1.89812191,0.00026826,4.26622892,1.9501830599999996,1.9491524999999998,0.0034096072000000003,-0.02805070000000054
h2o,348.15,1.62539208,5.9196717,851.14,18.0153,REF,-5.52162157,3.87975e-05,-3.84727441,4.29427962,1.62539208,5.891621,851.14,18.0153,SLE,-3.57143851,0.0034484047,-1.89812191,0.00026826,4.26622892,1.9501830599999996,1.9491524999999998,0.0034096072000000003,-0.02805070000000054
h2o,343.15,1.3658688,5.58331683,855.74,18.0153,REF,-5.69304509,2.61448e-05,-4.01635317,4.21744803,1.3658688,5.55877541,855.74,18.0153,SLE,-3.62147672,0.0030741877,-1.94570648,0.00023907,4.19290661,2.07156837,2.0706466900000002,0.0030480429000000002,-0.024541420000000258
h2o,343.15,1.3658688,5.58331683,855.74,18.0153,REF,-5.69304509,2.61448e-05,-4.01635317,4.21744803,1.3658688,5.55877541,855.74,18.0153,SLE,-3.62147672,0.0030741877,-1.94570648,0.00023907,4.19290661,2.07156837,2.0706466900000002,0.0030480429000000002,-0.024541420000000258
h2o,343.15,1.3658688,5.58331683,855.74,18.0153,REF,-5.69304509,2.61448e-05,-4.01635317,4.21744803,1.3658688,5.55877541,855.74,18.0153,SLE,-3.62147672,0.0030741877,-1.94570648,0.00023907,4.19290661,2.07156837,2.0706466900000002,0.0030480429000000002,-0.024541420000000258
h2o,338.15,1.10057361,5.23667169,860.37,18.0153,REF,-5.86661784,1.75314e-05,-4.18757844,4.13609808,1.10057361,5.21516636,860.37,18.0153,SLE,-3.66987446,0.0027508223,-1.99166195,0.00021386,4.11459275,2.19674338,2.19591649,0.0027332909,-0.0215053300000001
h2o,338.15,1.10057361,5.23667169,860.37,18.0153,REF,-5.86661784,1.75314e-05,-4.18757844,4.13609808,1.10057361,5.21516636,860.37,18.0153,SLE,-3.66987446,0.0027508223,-1.99166195,0.00021386,4.11459275,2.19674338,2.19591649,0.0027332909,-0.0215053300000001
h2o,338.15,1.10057361,5.23667169,860.37,18.0153,REF,-5.86661784,1.75314e-05,-4.18757844,4.13609808,1.10057361,5.21516636,860.37,18.0153,SLE,-3.66987446,0.0027508223,-1.99166195,0.00021386,4.11459275,2.19674338,2.19591649,0.0027332909,-0.0215053300000001
h2o,333.15,0.82944309,4.87974612,865.04,18.0153,REF,-6.04248466,1.16937e-05,-4.36109467,4.05030303,0.82944309,4.86087069,865.04,18.0153,SLE,-3.716654,0.0024705608,-2.03600827,0.00019202,4.0314276,2.3258306600000003,2.3250864,0.0024588671,-0.01887543000000047
h2o,333.15,0.82944309,4.87974612,865.04,18.0153,REF,-6.04248466,1.16937e-05,-4.36109467,4.05030303,0.82944309,4.86087069,865.04,18.0153,SLE,-3.716654,0.0024705608,-2.03600827,0.00019202,4.0314276,2.3258306600000003,2.3250864,0.0024588671,-0.01887543000000047
h2o,333.15,0.82944309,4.87974612,865.04,18.0153,REF,-6.04248466,1.16937e-05,-4.36109467,4.05030303,0.82944309,4.86087069,865.04,18.0153,SLE,-3.716654,0.0024705608,-2.03600827,0.00019202,4.0314276,2.3258306600000003,2.3250864,0.0024588671,-0.01887543000000047
h2o,328.15,0.55242703,4.51257799,869.74,18.0153,REF,-6.22080909,7.755829e-06,-4.53706515,3.9601509599999996,0.55242703,4.49598429,869.74,18.0153,SLE,-3.76184272,0.0022269201,-2.07877088,0.00017304,3.94355726,2.45896637,2.45829427,0.002219164271,-0.0165936999999996
h2o,328.15,0.55242703,4.51257799,869.74,18.0153,REF,-6.22080909,7.755829e-06,-4.53706515,3.9601509599999996,0.55242703,4.49598429,869.74,18.0153,SLE,-3.76184272,0.0022269201,-2.07877088,0.00017304,3.94355726,2.45896637,2.45829427,0.002219164271,-0.0165936999999996
h2o,328.15,0.55242703,4.51257799,869.74,18.0153,REF,-6.22080909,7.755829e-06,-4.53706515,3.9601509599999996,0.55242703,4.49598429,869.74,18.0153,SLE,-3.76184272,0.0022269201,-2.07877088,0.00017304,3.94355726,2.45896637,2.45829427,0.002219164271,-0.0165936999999996
h2o,323.15,0.26948871,4.13523362,874.47,18.0153,REF,-6.40177489,5.112855e-06,-4.71567345,3.86574491,0.26948871,4.12062388,874.47,18.0153,SLE,-3.80547449,0.0020144577,-2.11998199,0.0001565,3.85113517,2.5963004000000005,2.59569146,0.0020093448450000002,-0.014609740000000038
h2o,323.15,0.26948871,4.13523362,874.47,18.0153,REF,-6.40177489,5.112855e-06,-4.71567345,3.86574491,0.26948871,4.12062388,874.47,18.0153,SLE,-3.80547449,0.0020144577,-2.11998199,0.0001565,3.85113517,2.5963004000000005,2.59569146,0.0020093448450000002,-0.014609740000000038
h2o,323.15,0.26948871,4.13523362,874.47,18.0153,REF,-6.40177489,5.112855e-06,-4.71567345,3.86574491,0.26948871,4.12062388,874.47,18.0153,SLE,-3.80547449,0.0020144577,-2.11998199,0.0001565,3.85113517,2.5963004000000005,2.59569146,0.0020093448450000002,-0.014609740000000038
h2o,318.15,-0.01939498,3.74780738,879.24,18.0153,REF,-6.58558726,3.348512e-06,-4.89712467,3.7672023599999998,-0.01939498,3.7349258,879.24,18.0153,SLE,-3.84758915,0.0018285973,-2.15968007,0.00014204,3.75432078,2.7379981099999995,2.7374446000000003,0.0018252487880000001,-0.012881579999999726
h2o,318.15,-0.01939498,3.74780738,879.24,18.0153,REF,-6.58558726,3.348512e-06,-4.89712467,3.7672023599999998,-0.01939498,3.7349258,879.24,18.0153,SLE,-3.84758915,0.0018285973,-2.15968007,0.00014204,3.75432078,2.7379981099999995,2.7374446000000003,0.0018252487880000001,-0.012881579999999726
h2o,318.15,-0.01939498,3.74780738,879.24,18.0153,REF,-6.58558726,3.348512e-06,-4.89712467,3.7672023599999998,-0.01939498,3.7349258,879.24,18.0153,SLE,-3.84758915,0.0018285973,-2.15968007,0.00014204,3.75432078,2.7379981099999995,2.7374446000000003,0.0018252487880000001,-0.012881579999999726
h2o,313.15,-0.31423366,3.35042043,884.04,18.0153,REF,-6.77247386,2.177538e-06,-5.08164638,3.66465409,-0.31423366,3.3390485,884.04,18.0153,SLE,-3.88823475,0.0016654743,-2.19791201,0.00012935,3.6532821600000003,2.8842391099999998,2.8837343699999995,0.001663296762,-0.011371929999999697
h2o,313.15,-0.31423366,3.35042043,884.04,18.0153,REF,-6.77247386,2.177538e-06,-5.08164638,3.66465409,-0.31423366,3.3390485,884.04,18.0153,SLE,-3.88823475,0.0016654743,-2.19791201,0.00012935,3.6532821600000003,2.8842391099999998,2.8837343699999995,0.001663296762,-0.011371929999999697
h2o,313.15,-0.31423366,3.35042043,884.04,18.0153,REF,-6.77247386,2.177538e-06,-5.08164638,3.66465409,-0.31423366,3.3390485,884.04,18.0153,SLE,-3.88823475,0.0016654743,-2.19791201,0.00012935,3.6532821600000003,2.8842391099999998,2.8837343699999995,0.001663296762,-0.011371929999999697
h2o,308.15,-0.6150239,2.94321892,888.87,18.0153,REF,-6.96268556,1.405252e-06,-5.26948938,3.5582428200000003,-0.6150239,2.93316905,888.87,18.0153,SLE,-3.92746594,0.0015218239,-2.2347315,0.00011818,3.54819295,3.03521962,3.0347578799999995,0.001520418648,-0.01004987000000046
h2o,308.15,-0.6150239,2.94321892,888.87,18.0153,REF,-6.96268556,1.405252e-06,-5.26948938,3.5582428200000003,-0.6150239,2.93316905,888.87,18.0153,SLE,-3.92746594,0.0015218239,-2.2347315,0.00011818,3.54819295,3.03521962,3.0347578799999995,0.001520418648,-0.01004987000000046
h2o,308.15,-0.6150239,2.94321892,888.87,18.0153,REF,-6.96268556,1.405252e-06,-5.26948938,3.5582428200000003,-0.6150239,2.93316905,888.87,18.0153,SLE,-3.92746594,0.0015218239,-2.2347315,0.00011818,3.54819295,3.03521962,3.0347578799999995,0.001520418648,-0.01004987000000046
h2o,303.15,-0.92174984,2.52637161,893.74,18.0153,REF,-7.15649707,8.993795e-07,-5.46092838,3.44812145,-0.92174984,2.51748283,893.74,18.0153,SLE,-3.96534464,0.0013948792,-2.27019961,0.00010831,3.43923267,3.1911524300000003,3.19072877,0.0013939798205,-0.00888877999999993
h2o,303.15,-0.92174984,2.52637161,893.74,18.0153,REF,-7.15649707,8.993795e-07,-5.46092838,3.44812145,-0.92174984,2.51748283,893.74,18.0153,SLE,-3.96534464,0.0013948792,-2.27019961,0.00010831,3.43923267,3.1911524300000003,3.19072877,0.0013939798205,-0.00888877999999993
h2o,303.15,-0.92174984,2.52637161,893.74,18.0153,REF,-7.15649707,8.993795e-07,-5.46092838,3.44812145,-0.92174984,2.51748283,893.74,18.0153,SLE,-3.96534464,0.0013948792,-2.27019961,0.00010831,3.43923267,3.1911524300000003,3.19072877,0.0013939798205,-0.00888877999999993
h2o,298.15,-1.23438398,2.10006701,898.64,18.0153,REF,-7.35420758,5.704697e-07,-5.65626252,3.33445099,-1.23438398,2.09220115,898.64,18.0153,SLE,-4.00193935,0.0012822924,-2.30438416,9.955e-05,3.3265851300000002,3.35226823,3.35187836,0.0012817219303,-0.007865859999999891
h2o,298.15,-1.23438398,2.10006701,898.64,18.0153,REF,-7.35420758,5.704697e-07,-5.65626252,3.33445099,-1.23438398,2.09220115,898.64,18.0153,SLE,-4.00193935,0.0012822924,-2.30438416,9.955e-05,3.3265851300000002,3.35226823,3.35187836,0.0012817219303,-0.007865859999999891
h2o,298.15,-1.23438398,2.10006701,898.64,18.0153,REF,-7.35420758,5.704697e-07,-5.65626252,3.33445099,-1.23438398,2.09220115,898.64,18.0153,SLE,-4.00193935,0.0012822924,-2.30438416,9.955e-05,3.3265851300000002,3.35226823,3.35187836,0.0012817219303,-0.007865859999999891
